{
  "accuracy": [
    0.1575862616300583,
    0.14735017716884613,
    0.14726762473583221,
    0.1952286660671234,
    0.21867260336875916,
    0.23088988661766052
  ],
  "loss": [
    1.1700533628463745,
    1.1673270463943481,
    1.1660658121109009,
    1.161708116531372,
    1.1559644937515259,
    1.1545472145080566
  ],
  "val_accuracy": [
    0.1474083811044693,
    0.1477385312318802,
    0.1470782458782196,
    0.1474083811044693,
    0.1474083811044693,
    0.1477385312318802
  ],
  "val_loss": [
    1.115462303161621,
    1.1228911876678467,
    1.1703687906265259,
    1.158530831336975,
    1.1322135925292969,
    1.1439599990844727
  ],
  "learning_rate": [
    0.0005000000237487257,
    0.0005000000237487257,
    0.0005000000237487257,
    0.0005000000237487257,
    0.0002500000118743628,
    0.0002500000118743628
  ]
}