{
  "accuracy": [
    0.14560462534427643,
    0.14725546538829803,
    0.1470903903245926,
    0.1475030928850174,
    0.1454395353794098,
    0.14824597537517548
  ],
  "loss": [
    1.1697001457214355,
    1.1682089567184448,
    1.1667518615722656,
    1.1625776290893555,
    1.15715754032135,
    1.1521967649459839
  ],
  "val_accuracy": [
    0.14693742990493774,
    0.14693742990493774,
    0.14710251986980438,
    0.14743272960186005,
    0.14759781956672668,
    0.148093119263649
  ],
  "val_loss": [
    1.1150288581848145,
    1.1365026235580444,
    1.1523603200912476,
    1.113053798675537,
    1.1535899639129639,
    1.1145339012145996
  ],
  "learning_rate": [
    0.0005000000237487257,
    0.0005000000237487257,
    0.0005000000237487257,
    0.0005000000237487257,
    0.0005000000237487257,
    0.0005000000237487257
  ]
}