{
  "accuracy": [
    0.1458522528409958,
    0.14742055535316467,
    0.14775072038173676,
    0.14783325791358948,
    0.14783325791358948,
    0.14824597537517548
  ],
  "loss": [
    1.169288992881775,
    1.1675820350646973,
    1.1670598983764648,
    1.1621626615524292,
    1.1555516719818115,
    1.1526013612747192
  ],
  "val_accuracy": [
    0.14693742990493774,
    0.14693742990493774,
    0.14710251986980438,
    0.14710251986980438,
    0.14710251986980438,
    0.14743272960186005
  ],
  "val_loss": [
    1.1019690036773682,
    1.1187373399734497,
    1.1465427875518799,
    1.1587406396865845,
    1.1528514623641968,
    1.1007583141326904
  ],
  "learning_rate": [
    0.0005000000237487257,
    0.0005000000237487257,
    0.0005000000237487257,
    0.0005000000237487257,
    0.0002500000118743628,
    0.0002500000118743628
  ]
}