{
  "accuracy": [
    0.1585768461227417,
    0.1471850723028183,
    0.14726762473583221,
    0.14751526713371277,
    0.2838864028453827,
    0.2801716923713684,
    0.17682020366191864,
    0.16501568257808685,
    0.187056303024292
  ],
  "loss": [
    1.1696287393569946,
    1.1676546335220337,
    1.1661676168441772,
    1.1615182161331177,
    1.1572593450546265,
    1.1537960767745972,
    1.1481391191482544,
    1.146793246269226,
    1.1439669132232666
  ],
  "val_accuracy": [
    0.14691317081451416,
    0.1470782458782196,
    0.1470782458782196,
    0.1470782458782196,
    0.1477385312318802,
    0.14823374152183533,
    0.7320898175239563,
    0.1492241621017456,
    0.733245313167572
  ],
  "val_loss": [
    1.113753318786621,
    1.1388065814971924,
    1.146181583404541,
    1.0845392942428589,
    1.1894761323928833,
    1.1408737897872925,
    1.0917805433273315,
    1.1522064208984375,
    1.089188814163208
  ],
  "learning_rate": [
    0.0005000000237487257,
    0.0005000000237487257,
    0.0005000000237487257,
    0.0005000000237487257,
    0.0005000000237487257,
    0.0005000000237487257,
    0.0005000000237487257,
    0.0002500000118743628,
    0.0002500000118743628
  ]
}