{
  "accuracy": [
    0.14609988033771515,
    0.14742055535316467,
    0.14766818284988403,
    0.14725546538829803,
    0.1471729278564453,
    0.20916219055652618,
    0.2456458956003189,
    0.25934791564941406,
    0.19752372801303864,
    0.15055716037750244,
    0.15096987783908844
  ],
  "loss": [
    1.169616937637329,
    1.168160319328308,
    1.1656115055084229,
    1.1614614725112915,
    1.1556987762451172,
    1.1545230150222778,
    1.1537617444992065,
    1.150144100189209,
    1.1475605964660645,
    1.1468751430511475,
    1.1462669372558594
  ],
  "val_accuracy": [
    0.14693742990493774,
    0.14710251986980438,
    0.14726762473583221,
    0.14693742990493774,
    0.14710251986980438,
    0.7298992872238159,
    0.14792801439762115,
    0.14825820922851562,
    0.14891861379146576,
    0.1485884040594101,
    0.14941389858722687
  ],
  "val_loss": [
    1.0897729396820068,
    1.0983850955963135,
    1.158816933631897,
    1.1473956108093262,
    1.1549527645111084,
    1.0876661539077759,
    1.1166949272155762,
    1.1107195615768433,
    1.1158275604248047,
    1.118242859840393,
    1.1231664419174194
  ],
  "learning_rate": [
    0.0005000000237487257,
    0.0005000000237487257,
    0.0005000000237487257,
    0.0005000000237487257,
    0.0002500000118743628,
    0.0002500000118743628,
    0.0002500000118743628,
    0.0002500000118743628,
    0.0002500000118743628,
    0.0001250000059371814,
    0.0001250000059371814
  ]
}