{
  "accuracy": [
    0.14725546538829803,
    0.1475030928850174,
    0.14799834787845612,
    0.14742055535316467,
    0.18332645297050476,
    0.22674371302127838,
    0.30251753330230713,
    0.2456458956003189,
    0.38357406854629517,
    0.15171274542808533,
    0.15154767036437988
  ],
  "loss": [
    1.1698397397994995,
    1.1683201789855957,
    1.16562020778656,
    1.1609516143798828,
    1.1555018424987793,
    1.1518218517303467,
    1.1478718519210815,
    1.40684974193573,
    1.1749054193496704,
    1.1620029211044312,
    1.1604052782058716
  ],
  "val_accuracy": [
    0.14693742990493774,
    0.14710251986980438,
    0.14726762473583221,
    0.14743272960186005,
    0.14759781956672668,
    0.732045590877533,
    0.13405977189540863,
    0.7338616251945496,
    0.14759781956672668,
    0.148093119263649,
    0.14825820922851562
  ],
  "val_loss": [
    1.1499377489089966,
    1.1596977710723877,
    1.1467101573944092,
    1.123772382736206,
    1.0929807424545288,
    1.0725525617599487,
    1.1012159585952759,
    1.0843383073806763,
    1.1138803958892822,
    1.1362699270248413,
    1.1268839836120605
  ],
  "learning_rate": [
    0.0005000000237487257,
    0.0005000000237487257,
    0.0005000000237487257,
    0.0005000000237487257,
    0.0005000000237487257,
    0.0005000000237487257,
    0.0005000000237487257,
    0.0005000000237487257,
    0.0005000000237487257,
    0.0002500000118743628,
    0.0002500000118743628
  ]
}