{
  "f1_macro": 0.31693069158539894,
  "recall_neg": 0.058426966292134834,
  "precision_pos": 0.7347417840375586,
  "confusion_matrix": [
    [
      0.058426966292134834,
      0.0,
      0.9415730337078652
    ],
    [
      0.018469656992084433,
      0.0,
      0.9815303430079155
    ],
    [
      0.005897028804717623,
      0.00022680880018144704,
      0.9938761623951009
    ]
  ],
  "fold": 2,
  "train_time_sec": 19.064597182004945,
  "epochs_ran": 11
}