{
  "f1_macro": 0.3205174181436459,
  "recall_neg": 0.06404494382022471,
  "precision_pos": 0.7348382749326146,
  "confusion_matrix": [
    [
      0.06404494382022471,
      0.0,
      0.9359550561797753
    ],
    [
      0.01978891820580475,
      0.002638522427440633,
      0.9775725593667546
    ],
    [
      0.01066001360852801,
      0.0,
      0.989339986391472
    ]
  ],
  "fold": 3,
  "train_time_sec": 18.150339232000988,
  "epochs_ran": 11
}