{
  "folds": [
    {
      "f1_macro": 0.08547992516908907,
      "recall_neg": 1.0,
      "precision_pos": 0.0,
      "confusion_matrix": [
        [
          1.0,
          0.0,
          0.0
        ],
        [
          1.0,
          0.0,
          0.0
        ],
        [
          1.0,
          0.0,
          0.0
        ]
      ],
      "fold": 1,
      "train_time_sec": 17.303169267004705,
      "epochs_ran": 9
    },
    {
      "f1_macro": 0.31693069158539894,
      "recall_neg": 0.058426966292134834,
      "precision_pos": 0.7347417840375586,
      "confusion_matrix": [
        [
          0.058426966292134834,
          0.0,
          0.9415730337078652
        ],
        [
          0.018469656992084433,
          0.0,
          0.9815303430079155
        ],
        [
          0.005897028804717623,
          0.00022680880018144704,
          0.9938761623951009
        ]
      ],
      "fold": 2,
      "train_time_sec": 19.064597182004945,
      "epochs_ran": 11
    },
    {
      "f1_macro": 0.3205174181436459,
      "recall_neg": 0.06404494382022471,
      "precision_pos": 0.7348382749326146,
      "confusion_matrix": [
        [
          0.06404494382022471,
          0.0,
          0.9359550561797753
        ],
        [
          0.01978891820580475,
          0.002638522427440633,
          0.9775725593667546
        ],
        [
          0.01066001360852801,
          0.0,
          0.989339986391472
        ]
      ],
      "fold": 3,
      "train_time_sec": 18.150339232000988,
      "epochs_ran": 11
    }
  ],
  "mean_f1_macro": 0.24097601163271132,
  "mean_recall_neg": 0.3741573033707865,
  "mean_precision_pos": 0.48986001965672443,
  "mean_epochs_ran": 10.333333333333334
}