{
  "accuracy": [
    0.14609988033771515,
    0.14725546538829803,
    0.14742055535316467,
    0.1789517104625702,
    0.30796533823013306,
    0.2349979430437088,
    0.28988856077194214,
    0.3253817558288574,
    0.24259182810783386
  ],
  "loss": [
    1.169144868850708,
    1.1671240329742432,
    1.1660127639770508,
    1.1607511043548584,
    1.1603573560714722,
    1.1563146114349365,
    1.1520462036132812,
    1.150230884552002,
    1.1500263214111328
  ],
  "val_accuracy": [
    0.14693742990493774,
    0.14743272960186005,
    0.14743272960186005,
    0.7295690774917603,
    0.14726762473583221,
    0.14792801439762115,
    0.14825820922851562,
    0.14825820922851562,
    0.7312200665473938
  ],
  "val_loss": [
    1.1459506750106812,
    1.0962706804275513,
    1.116319179534912,
    1.0446630716323853,
    1.1224822998046875,
    1.106514811515808,
    1.1764874458312988,
    1.164329171180725,
    1.0864824056625366
  ],
  "learning_rate": [
    0.0005000000237487257,
    0.0005000000237487257,
    0.0005000000237487257,
    0.0005000000237487257,
    0.0005000000237487257,
    0.0005000000237487257,
    0.0005000000237487257,
    0.0002500000118743628,
    0.0002500000118743628
  ]
}