{
  "accuracy": [
    0.14692530035972595,
    0.14758563041687012,
    0.1454395353794098,
    0.19504746794700623,
    0.29071399569511414,
    0.19430458545684814,
    0.14923648536205292,
    0.1847296804189682,
    0.14948411285877228,
    0.14849360287189484
  ],
  "loss": [
    1.1689597368240356,
    1.1671316623687744,
    1.164035677909851,
    1.1600266695022583,
    1.1572020053863525,
    1.1548265218734741,
    1.150680661201477,
    1.1497020721435547,
    1.1472395658493042,
    1.146599531173706
  ],
  "val_accuracy": [
    0.14710251986980438,
    0.14710251986980438,
    0.14726762473583221,
    0.14743272960186005,
    0.7307247519493103,
    0.14792801439762115,
    0.148093119263649,
    0.13174839317798615,
    0.14825820922851562,
    0.1485884040594101
  ],
  "val_loss": [
    1.1199835538864136,
    1.1274642944335938,
    1.1297502517700195,
    1.1139965057373047,
    1.0760821104049683,
    1.1229817867279053,
    1.1393107175827026,
    1.109591007232666,
    1.1152708530426025,
    1.1369407176971436
  ],
  "learning_rate": [
    0.0005000000237487257,
    0.0005000000237487257,
    0.0005000000237487257,
    0.0005000000237487257,
    0.0005000000237487257,
    0.0005000000237487257,
    0.0005000000237487257,
    0.0005000000237487257,
    0.0002500000118743628,
    0.0002500000118743628
  ]
}