{
  "accuracy": [
    0.17054647207260132,
    0.1471850723028183,
    0.14743272960186005,
    0.2559848129749298,
    0.21058279275894165,
    0.24872048199176788,
    0.29659897089004517,
    0.14999175071716309,
    0.32400527596473694,
    0.15131253004074097,
    0.1510648876428604
  ],
  "loss": [
    1.1700865030288696,
    1.1677545309066772,
    1.1647388935089111,
    1.1599619388580322,
    1.1571086645126343,
    1.1544266939163208,
    1.1529711484909058,
    1.1482528448104858,
    1.1691620349884033,
    1.1517469882965088,
    1.1482441425323486
  ],
  "val_accuracy": [
    0.14757345616817474,
    0.1474083811044693,
    0.1470782458782196,
    0.1477385312318802,
    0.14790359139442444,
    0.7314295172691345,
    0.14823374152183533,
    0.14823374152183533,
    0.1488940268754959,
    0.14872895181179047,
    0.14872895181179047
  ],
  "val_loss": [
    1.1306124925613403,
    1.1275087594985962,
    1.1572984457015991,
    1.171142578125,
    1.092212438583374,
    1.0721900463104248,
    1.1350213289260864,
    1.1381943225860596,
    1.1815129518508911,
    1.1135802268981934,
    1.117085576057434
  ],
  "learning_rate": [
    0.0005000000237487257,
    0.0005000000237487257,
    0.0005000000237487257,
    0.0005000000237487257,
    0.0005000000237487257,
    0.0005000000237487257,
    0.0005000000237487257,
    0.0005000000237487257,
    0.0005000000237487257,
    0.0002500000118743628,
    0.0002500000118743628
  ]
}