{
  "f1_macro": 0.311633251636639,
  "recall_neg": 0.05056179775280899,
  "precision_pos": 0.7334004024144869,
  "confusion_matrix": [
    [
      0.05056179775280899,
      0.0,
      0.949438202247191
    ],
    [
      0.017150395778364115,
      0.0,
      0.9828496042216359
    ],
    [
      0.007938308006350647,
      0.0,
      0.9920616919936494
    ]
  ],
  "fold": 3,
  "train_time_sec": 15.515149751008721,
  "epochs_ran": 9
}