{
  "f1_macro": 0.31177931721737123,
  "recall_neg": 0.04938271604938271,
  "precision_pos": 0.7338574774171964,
  "confusion_matrix": [
    [
      0.04938271604938271,
      0.0,
      0.9506172839506173
    ],
    [
      0.018469656992084433,
      0.0,
      0.9815303430079155
    ],
    [
      0.004989793603991835,
      0.0,
      0.9950102063960081
    ]
  ],
  "fold": 1,
  "train_time_sec": 20.171526598991477,
  "epochs_ran": 11
}