{
  "f1_macro": 0.31027313156290165,
  "recall_neg": 0.04719101123595506,
  "precision_pos": 0.733355637336902,
  "confusion_matrix": [
    [
      0.04719101123595506,
      0.0,
      0.952808988764045
    ],
    [
      0.0158311345646438,
      0.0,
      0.9841688654353562
    ],
    [
      0.005670220004536176,
      0.0,
      0.9943297799954638
    ]
  ],
  "fold": 2,
  "train_time_sec": 17.118344026996056,
  "epochs_ran": 10
}