{
  "folds": [
    {
      "f1_macro": 0.31177931721737123,
      "recall_neg": 0.04938271604938271,
      "precision_pos": 0.7338574774171964,
      "confusion_matrix": [
        [
          0.04938271604938271,
          0.0,
          0.9506172839506173
        ],
        [
          0.018469656992084433,
          0.0,
          0.9815303430079155
        ],
        [
          0.004989793603991835,
          0.0,
          0.9950102063960081
        ]
      ],
      "fold": 1,
      "train_time_sec": 20.171526598991477,
      "epochs_ran": 11
    },
    {
      "f1_macro": 0.31027313156290165,
      "recall_neg": 0.04719101123595506,
      "precision_pos": 0.733355637336902,
      "confusion_matrix": [
        [
          0.04719101123595506,
          0.0,
          0.952808988764045
        ],
        [
          0.0158311345646438,
          0.0,
          0.9841688654353562
        ],
        [
          0.005670220004536176,
          0.0,
          0.9943297799954638
        ]
      ],
      "fold": 2,
      "train_time_sec": 17.118344026996056,
      "epochs_ran": 10
    },
    {
      "f1_macro": 0.311633251636639,
      "recall_neg": 0.05056179775280899,
      "precision_pos": 0.7334004024144869,
      "confusion_matrix": [
        [
          0.05056179775280899,
          0.0,
          0.949438202247191
        ],
        [
          0.017150395778364115,
          0.0,
          0.9828496042216359
        ],
        [
          0.007938308006350647,
          0.0,
          0.9920616919936494
        ]
      ],
      "fold": 3,
      "train_time_sec": 15.515149751008721,
      "epochs_ran": 9
    }
  ],
  "mean_f1_macro": 0.3112285668056373,
  "mean_recall_neg": 0.04904517501271558,
  "mean_precision_pos": 0.733537839056195,
  "mean_epochs_ran": 10.0
}