{
  "accuracy": [
    0.14545154571533203,
    0.14726762473583221,
    0.2942875921726227,
    0.14726762473583221,
    0.14743272960186005,
    0.2876836657524109,
    0.14933134615421295,
    0.14982664585113525
  ],
  "loss": [
    1.1696230173110962,
    1.1669496297836304,
    1.1707521677017212,
    1.1583267450332642,
    1.1556798219680786,
    1.153363823890686,
    1.1489636898040771,
    1.1481444835662842
  ],
  "val_accuracy": [
    0.1470782458782196,
    0.1470782458782196,
    0.1470782458782196,
    0.1470782458782196,
    0.1474083811044693,
    0.14823374152183533,
    0.14872895181179047,
    0.14872895181179047
  ],
  "val_loss": [
    1.1258255243301392,
    1.13270103931427,
    1.0823768377304077,
    1.1302103996276855,
    1.0952270030975342,
    1.1191990375518799,
    1.1113289594650269,
    1.1386722326278687
  ],
  "learning_rate": [
    0.0005000000237487257,
    0.0005000000237487257,
    0.0005000000237487257,
    0.0005000000237487257,
    0.0005000000237487257,
    0.0005000000237487257,
    0.0002500000118743628,
    0.0002500000118743628
  ]
}