{
  "accuracy": [
    0.15806850790977478,
    0.14700783789157867,
    0.30920347571372986,
    0.14725546538829803,
    0.275773823261261,
    0.14725546538829803,
    0.14766818284988403,
    0.1483285129070282,
    0.14882376790046692,
    0.14931902289390564
  ],
  "loss": [
    1.169289469718933,
    1.1680679321289062,
    1.1807026863098145,
    1.1645290851593018,
    1.1607025861740112,
    1.1578295230865479,
    1.1550883054733276,
    1.1525824069976807,
    1.1505446434020996,
    1.1491057872772217
  ],
  "val_accuracy": [
    0.14710251986980438,
    0.14693742990493774,
    0.14693742990493774,
    0.14726762473583221,
    0.14710251986980438,
    0.14726762473583221,
    0.14759781956672668,
    0.14776292443275452,
    0.14776292443275452,
    0.14875350892543793
  ],
  "val_loss": [
    1.1471604108810425,
    1.1363831758499146,
    1.217299461364746,
    1.1189467906951904,
    1.0917540788650513,
    1.146809458732605,
    1.1027923822402954,
    1.1198489665985107,
    1.1261011362075806,
    1.1121083498001099
  ],
  "learning_rate": [
    0.0005000000237487257,
    0.0005000000237487257,
    0.0005000000237487257,
    0.0005000000237487257,
    0.0005000000237487257,
    0.0005000000237487257,
    0.0005000000237487257,
    0.0005000000237487257,
    0.0002500000118743628,
    0.0002500000118743628
  ]
}