{
  "accuracy": [
    0.14676021039485931,
    0.2202228605747223,
    0.2847709357738495,
    0.23342962563037872,
    0.15740817785263062,
    0.14783325791358948,
    0.14783325791358948,
    0.14783325791358948
  ],
  "loss": [
    1.1691478490829468,
    1.1667284965515137,
    1.1895828247070312,
    1.1644402742385864,
    1.1603574752807617,
    1.1577534675598145,
    1.1564174890518188,
    1.1556974649429321
  ],
  "val_accuracy": [
    0.14693742990493774,
    0.14693742990493774,
    0.14726762473583221,
    0.14726762473583221,
    0.14726762473583221,
    0.14726762473583221,
    0.14726762473583221,
    0.14726762473583221
  ],
  "val_loss": [
    1.1359161138534546,
    1.1334244012832642,
    1.0906891822814941,
    1.1456310749053955,
    1.1276947259902954,
    1.131744384765625,
    1.1348432302474976,
    1.1215839385986328
  ],
  "learning_rate": [
    0.0005000000237487257,
    0.0005000000237487257,
    0.0005000000237487257,
    0.0005000000237487257,
    0.0005000000237487257,
    0.0005000000237487257,
    0.0002500000118743628,
    0.0002500000118743628
  ]
}