{
  "accuracy": [
    0.23879487812519073,
    0.23359471559524536,
    0.23895996809005737,
    0.24102352559566498,
    0.2566240131855011,
    0.28460586071014404,
    0.2755261957645416,
    0.24407759308815002,
    0.24787454307079315,
    0.26058605313301086,
    0.19430458545684814,
    0.18200577795505524,
    0.20462237298488617
  ],
  "loss": [
    1.180963397026062,
    1.173837423324585,
    1.177896499633789,
    1.1743037700653076,
    1.1935386657714844,
    1.201466679573059,
    1.2018671035766602,
    1.1843030452728271,
    1.1740572452545166,
    1.1781444549560547,
    1.1781173944473267,
    1.1645206212997437,
    1.1660737991333008
  ],
  "val_accuracy": [
    0.19118376076221466,
    0.1523856669664383,
    0.18953277170658112,
    0.13703154027462006,
    0.14644213020801544,
    0.14462605118751526,
    0.1467723250389099,
    0.628363847732544,
    0.14710251986980438,
    0.14710251986980438,
    0.14776292443275452,
    0.14825820922851562,
    0.3404325544834137
  ],
  "val_loss": [
    1.1505780220031738,
    1.1348462104797363,
    1.1433568000793457,
    1.1676380634307861,
    1.1281988620758057,
    1.2155592441558838,
    1.0939444303512573,
    1.089705228805542,
    1.1360969543457031,
    1.189287543296814,
    1.1098111867904663,
    1.1158798933029175,
    1.119174838066101
  ],
  "learning_rate": [
    0.0005000000237487257,
    0.0005000000237487257,
    0.0005000000237487257,
    0.0005000000237487257,
    0.0005000000237487257,
    0.0005000000237487257,
    0.0005000000237487257,
    0.0005000000237487257,
    0.0005000000237487257,
    0.0005000000237487257,
    0.0005000000237487257,
    0.0002500000118743628,
    0.0002500000118743628
  ]
}