{
  "accuracy": [
    0.26754167675971985,
    0.23006439208984375,
    0.21256397664546967,
    0.22899125516414642,
    0.22767046093940735,
    0.2436024397611618,
    0.1999339610338211,
    0.21528810262680054,
    0.2887568175792694,
    0.2820703387260437,
    0.2977546751499176,
    0.28933465480804443,
    0.28570249676704407
  ],
  "loss": [
    1.176043152809143,
    1.17783784866333,
    1.1686735153198242,
    1.169355034828186,
    1.1661362648010254,
    1.167873740196228,
    1.162969946861267,
    1.1633697748184204,
    1.178253173828125,
    1.1924220323562622,
    1.2014756202697754,
    1.2027802467346191,
    1.194164514541626
  ],
  "val_accuracy": [
    0.14625288546085358,
    0.1477385312318802,
    0.1477385312318802,
    0.1474083811044693,
    0.20056124031543732,
    0.23126444220542908,
    0.1477385312318802,
    0.1498844474554062,
    0.13502806425094604,
    0.14361175894737244,
    0.14295147359371185,
    0.14691317081451416,
    0.14460217952728271
  ],
  "val_loss": [
    1.1647967100143433,
    1.1801848411560059,
    1.1324836015701294,
    1.1411159038543701,
    1.098419189453125,
    1.110016942024231,
    1.1228559017181396,
    1.0967148542404175,
    1.1599797010421753,
    1.1243481636047363,
    1.150177001953125,
    1.1477686166763306,
    1.1469465494155884
  ],
  "learning_rate": [
    0.0005000000237487257,
    0.0005000000237487257,
    0.0005000000237487257,
    0.0005000000237487257,
    0.0005000000237487257,
    0.0005000000237487257,
    0.0005000000237487257,
    0.0005000000237487257,
    0.0005000000237487257,
    0.0005000000237487257,
    0.0005000000237487257,
    0.0002500000118743628,
    0.0002500000118743628
  ]
}