{
  "f1_macro": 0.3150165798246472,
  "recall_neg": 0.1842696629213483,
  "precision_pos": 0.7318592964824121,
  "confusion_matrix": [
    [
      0.1842696629213483,
      0.0,
      0.8157303370786517
    ],
    [
      0.19656992084432717,
      0.0013192612137203166,
      0.8021108179419525
    ],
    [
      0.17418915853935132,
      0.0,
      0.8258108414606486
    ]
  ],
  "fold": 3,
  "train_time_sec": 66.20296601500013,
  "epochs_ran": 13
}