{
  "f1_macro": 0.09207803458035237,
  "recall_neg": 0.957351290684624,
  "precision_pos": 0.5242718446601942,
  "confusion_matrix": [
    [
      0.957351290684624,
      0.006734006734006734,
      0.03591470258136925
    ],
    [
      0.9762532981530343,
      0.0013192612137203166,
      0.022427440633245383
    ],
    [
      0.9861646631889317,
      0.0015876616012701294,
      0.01224767520979814
    ]
  ],
  "fold": 1,
  "train_time_sec": 71.09471762600151,
  "epochs_ran": 13
}