{
  "accuracy": [
    0.25117623805999756,
    0.21147337555885315,
    0.24655385315418243,
    0.2610813081264496,
    0.31448617577552795,
    0.28955841064453125,
    0.29814279079437256
  ],
  "loss": [
    1.179211974143982,
    1.1735409498214722,
    1.1690430641174316,
    1.1815139055252075,
    1.2334178686141968,
    1.2276510000228882,
    1.231529951095581
  ],
  "val_accuracy": [
    0.14000330865383148,
    0.2085190713405609,
    0.14710251986980438,
    0.16641901433467865,
    0.14974409341812134,
    0.24797753989696503,
    0.3128611445426941
  ],
  "val_loss": [
    1.1737149953842163,
    1.1111395359039307,
    1.1595211029052734,
    1.1445128917694092,
    1.1771869659423828,
    1.1677093505859375,
    1.1304383277893066
  ],
  "learning_rate": [
    0.0005000000237487257,
    0.0005000000237487257,
    0.0005000000237487257,
    0.0005000000237487257,
    0.0005000000237487257,
    0.0002500000118743628,
    0.0002500000118743628
  ]
}