{
  "f1_macro": 0.20035255254249798,
  "recall_neg": 0.7146067415730337,
  "precision_pos": 0.7347266881028939,
  "confusion_matrix": [
    [
      0.7146067415730337,
      0.17865168539325843,
      0.10674157303370786
    ],
    [
      0.683377308707124,
      0.22427440633245382,
      0.09234828496042216
    ],
    [
      0.6836017237468813,
      0.2127466545701973,
      0.1036516216829213
    ]
  ],
  "fold": 2,
  "train_time_sec": 38.05882161900081,
  "epochs_ran": 7
}