{
  "folds": [
    {
      "f1_macro": 0.09207803458035237,
      "recall_neg": 0.957351290684624,
      "precision_pos": 0.5242718446601942,
      "confusion_matrix": [
        [
          0.957351290684624,
          0.006734006734006734,
          0.03591470258136925
        ],
        [
          0.9762532981530343,
          0.0013192612137203166,
          0.022427440633245383
        ],
        [
          0.9861646631889317,
          0.0015876616012701294,
          0.01224767520979814
        ]
      ],
      "fold": 1,
      "train_time_sec": 71.09471762600151,
      "epochs_ran": 13
    },
    {
      "f1_macro": 0.20035255254249798,
      "recall_neg": 0.7146067415730337,
      "precision_pos": 0.7347266881028939,
      "confusion_matrix": [
        [
          0.7146067415730337,
          0.17865168539325843,
          0.10674157303370786
        ],
        [
          0.683377308707124,
          0.22427440633245382,
          0.09234828496042216
        ],
        [
          0.6836017237468813,
          0.2127466545701973,
          0.1036516216829213
        ]
      ],
      "fold": 2,
      "train_time_sec": 38.05882161900081,
      "epochs_ran": 7
    },
    {
      "f1_macro": 0.3150165798246472,
      "recall_neg": 0.1842696629213483,
      "precision_pos": 0.7318592964824121,
      "confusion_matrix": [
        [
          0.1842696629213483,
          0.0,
          0.8157303370786517
        ],
        [
          0.19656992084432717,
          0.0013192612137203166,
          0.8021108179419525
        ],
        [
          0.17418915853935132,
          0.0,
          0.8258108414606486
        ]
      ],
      "fold": 3,
      "train_time_sec": 66.20296601500013,
      "epochs_ran": 13
    }
  ],
  "mean_f1_macro": 0.20248238898249918,
  "mean_recall_neg": 0.6187425650596686,
  "mean_precision_pos": 0.6636192764151666,
  "mean_epochs_ran": 11.0
}