{
  "accuracy": [
    0.15278580784797668,
    0.14700783789157867,
    0.14700783789157867,
    0.18869170546531677,
    0.1471729278564453,
    0.1475030928850174
  ],
  "loss": [
    1.1692034006118774,
    1.1680859327316284,
    1.1671693325042725,
    1.1672245264053345,
    1.1628483533859253,
    1.1609032154083252
  ],
  "val_accuracy": [
    0.14693742990493774,
    0.14693742990493774,
    0.14693742990493774,
    0.14693742990493774,
    0.14693742990493774,
    0.14710251986980438
  ],
  "val_loss": [
    1.108535885810852,
    1.1371339559555054,
    1.126265287399292,
    1.1573634147644043,
    1.1422451734542847,
    1.1117430925369263
  ],
  "learning_rate": [
    0.0005000000237487257,
    0.0005000000237487257,
    0.0005000000237487257,
    0.0005000000237487257,
    0.0002500000118743628,
    0.0002500000118743628
  ]
}