{
  "accuracy": [
    0.1467723250389099,
    0.14693742990493774,
    0.14693742990493774,
    0.19638435542583466,
    0.14701998233795166,
    0.1471850723028183,
    0.14776292443275452,
    0.1481756716966629,
    0.1481756716966629,
    0.14834076166152954,
    0.14834076166152954
  ],
  "loss": [
    1.1689602136611938,
    1.1685231924057007,
    1.16785728931427,
    1.1709685325622559,
    1.1651395559310913,
    1.1625138521194458,
    1.1606826782226562,
    1.1594562530517578,
    1.1595851182937622,
    1.1596916913986206,
    1.1583776473999023
  ],
  "val_accuracy": [
    0.1470782458782196,
    0.1470782458782196,
    0.1470782458782196,
    0.1470782458782196,
    0.1470782458782196,
    0.14724332094192505,
    0.1470782458782196,
    0.14724332094192505,
    0.1474083811044693,
    0.1474083811044693,
    0.14724332094192505
  ],
  "val_loss": [
    1.1662698984146118,
    1.1451495885849,
    1.1477380990982056,
    1.1308741569519043,
    1.1177171468734741,
    1.109993577003479,
    1.1119544506072998,
    1.133256435394287,
    1.1344544887542725,
    1.1374218463897705,
    1.1370652914047241
  ],
  "learning_rate": [
    0.0005000000237487257,
    0.0005000000237487257,
    0.0005000000237487257,
    0.0005000000237487257,
    0.0005000000237487257,
    0.0005000000237487257,
    0.0005000000237487257,
    0.0005000000237487257,
    0.0005000000237487257,
    0.0002500000118743628,
    0.0002500000118743628
  ]
}