{
  "accuracy": [
    0.1585637629032135,
    0.14700783789157867,
    0.14700783789157867,
    0.20321914553642273,
    0.21733388304710388,
    0.14725546538829803,
    0.14733801782131195,
    0.14733801782131195,
    0.14742055535316467,
    0.1475030928850174,
    0.14758563041687012,
    0.14766818284988403,
    0.14783325791358948,
    0.1716879904270172,
    0.1483285129070282,
    0.14849360287189484,
    0.14857614040374756
  ],
  "loss": [
    1.1689462661743164,
    1.1689932346343994,
    1.1683400869369507,
    1.1721301078796387,
    1.1685162782669067,
    1.1653916835784912,
    1.164937138557434,
    1.1635048389434814,
    1.1634888648986816,
    1.162568211555481,
    1.1623748540878296,
    1.1617531776428223,
    1.1619195938110352,
    1.1617963314056396,
    1.1616238355636597,
    1.1614961624145508,
    1.160847783088684
  ],
  "val_accuracy": [
    0.14693742990493774,
    0.14693742990493774,
    0.14693742990493774,
    0.14693742990493774,
    0.14693742990493774,
    0.14693742990493774,
    0.14693742990493774,
    0.14693742990493774,
    0.14693742990493774,
    0.14693742990493774,
    0.14693742990493774,
    0.14693742990493774,
    0.14693742990493774,
    0.14693742990493774,
    0.14726762473583221,
    0.14726762473583221,
    0.14726762473583221
  ],
  "val_loss": [
    1.137823462486267,
    1.1415259838104248,
    1.1206318140029907,
    1.1239210367202759,
    1.1734917163848877,
    1.1173030138015747,
    1.112747073173523,
    1.1217572689056396,
    1.104506492614746,
    1.1324931383132935,
    1.1194798946380615,
    1.097184658050537,
    1.126230001449585,
    1.1522079706192017,
    1.1645140647888184,
    1.1353919506072998,
    1.1506913900375366
  ],
  "learning_rate": [
    0.0005000000237487257,
    0.0005000000237487257,
    0.0005000000237487257,
    0.0005000000237487257,
    0.0005000000237487257,
    0.0005000000237487257,
    0.0005000000237487257,
    0.0005000000237487257,
    0.0005000000237487257,
    0.0005000000237487257,
    0.0005000000237487257,
    0.0005000000237487257,
    0.0005000000237487257,
    0.0005000000237487257,
    0.0005000000237487257,
    0.0002500000118743628,
    0.0002500000118743628
  ]
}