{
  "f1_macro": 0.08637057668371029,
  "recall_neg": 1.0,
  "precision_pos": 0.0,
  "confusion_matrix": [
    [
      1.0,
      0.0,
      0.0
    ],
    [
      0.9986807387862797,
      0.0013192612137203166,
      0.0
    ],
    [
      1.0,
      0.0,
      0.0
    ]
  ],
  "fold": 1,
  "train_time_sec": 46.17909065099957,
  "epochs_ran": 11
}