{
  "f1_macro": 0.09262966165659568,
  "recall_neg": 0.998876404494382,
  "precision_pos": 1.0,
  "confusion_matrix": [
    [
      0.998876404494382,
      0.0011235955056179776,
      0.0
    ],
    [
      0.9920844327176781,
      0.0079155672823219,
      0.0
    ],
    [
      0.995463823996371,
      0.0018144704014515763,
      0.0027217056021773644
    ]
  ],
  "fold": 2,
  "train_time_sec": 54.78992085500795,
  "epochs_ran": 17
}