{
  "accuracy": [
    0.15749071538448334,
    0.22674371302127838,
    0.14758563041687012,
    0.14775072038173676,
    0.14841106534004211,
    0.14948411285877228,
    0.15088732540607452,
    0.1519603729248047,
    0.15270325541496277,
    0.1520429253578186,
    0.15212546288967133,
    0.4075113534927368,
    0.15295088291168213,
    0.15105241537094116,
    0.15179529786109924,
    0.15187783539295197,
    0.15179529786109924
  ],
  "loss": [
    1.170169472694397,
    1.1697195768356323,
    1.1612701416015625,
    1.1583213806152344,
    1.154175877571106,
    1.1507890224456787,
    1.150458574295044,
    1.1467901468276978,
    1.1472387313842773,
    1.146891474723816,
    1.1453285217285156,
    1.1432745456695557,
    1.1429150104522705,
    1.1457092761993408,
    1.143351674079895,
    1.142081379890442,
    1.141182541847229
  ],
  "val_accuracy": [
    0.14693742990493774,
    0.14693742990493774,
    0.14710251986980438,
    0.14743272960186005,
    0.148093119263649,
    0.14825820922851562,
    0.1485884040594101,
    0.14875350892543793,
    0.14875350892543793,
    0.14924880862236023,
    0.14924880862236023,
    0.14974409341812134,
    0.14924880862236023,
    0.1485884040594101,
    0.1485884040594101,
    0.1485884040594101,
    0.1485884040594101
  ],
  "val_loss": [
    1.1322916746139526,
    1.2659931182861328,
    1.1535687446594238,
    1.1196072101593018,
    1.1289118528366089,
    1.1259410381317139,
    1.1377695798873901,
    1.1125472784042358,
    1.15131676197052,
    1.1320445537567139,
    1.1449899673461914,
    1.1070176362991333,
    1.1245464086532593,
    1.1189236640930176,
    1.120269536972046,
    1.1298261880874634,
    1.1264759302139282
  ],
  "learning_rate": [
    0.0005000000237487257,
    0.0005000000237487257,
    0.0005000000237487257,
    0.0005000000237487257,
    0.0005000000237487257,
    0.0005000000237487257,
    0.0005000000237487257,
    0.0002500000118743628,
    0.0002500000118743628,
    0.0002500000118743628,
    0.0002500000118743628,
    0.0001250000059371814,
    0.0001250000059371814,
    0.0001250000059371814,
    0.0001250000059371814,
    6.25000029685907e-05,
    6.25000029685907e-05
  ]
}