{
  "accuracy": [
    0.1466897875070572,
    0.2668812870979309,
    0.14404821395874023,
    0.14801056683063507,
    0.14569918811321259,
    0.1528809666633606,
    0.15040449798107147,
    0.14875350892543793
  ],
  "loss": [
    1.1696571111679077,
    1.1684770584106445,
    1.1597769260406494,
    1.15554678440094,
    1.1519852876663208,
    1.166206955909729,
    1.1632314920425415,
    1.1586750745773315
  ],
  "val_accuracy": [
    0.1470782458782196,
    0.1470782458782196,
    0.1474083811044693,
    0.1477385312318802,
    0.14872895181179047,
    0.14823374152183533,
    0.14839881658554077,
    0.14790359139442444
  ],
  "val_loss": [
    1.1201773881912231,
    1.1652330160140991,
    1.1151882410049438,
    1.1281867027282715,
    1.1443074941635132,
    1.1335225105285645,
    1.1227434873580933,
    1.151047945022583
  ],
  "learning_rate": [
    0.0005000000237487257,
    0.0005000000237487257,
    0.0005000000237487257,
    0.0005000000237487257,
    0.0005000000237487257,
    0.0005000000237487257,
    0.0002500000118743628,
    0.0002500000118743628
  ]
}