{
  "f1_macro": 0.08580680894785513,
  "recall_neg": 1.0,
  "precision_pos": 1.0,
  "confusion_matrix": [
    [
      1.0,
      0.0,
      0.0
    ],
    [
      1.0,
      0.0,
      0.0
    ],
    [
      0.9995463823996371,
      0.0,
      0.0004536176003628941
    ]
  ],
  "fold": 1,
  "train_time_sec": 26.44033769899397,
  "epochs_ran": 8
}