{
  "accuracy": [
    0.15831613540649414,
    0.21378456056118011,
    0.1949649155139923,
    0.14725546538829803,
    0.14758563041687012,
    0.14576970040798187,
    0.15303343534469604,
    0.1548493653535843,
    0.1503920704126358,
    0.15088732540607452
  ],
  "loss": [
    1.169313907623291,
    1.1695144176483154,
    1.163442611694336,
    1.1580770015716553,
    1.1548714637756348,
    1.152687907218933,
    1.1518046855926514,
    1.1502219438552856,
    1.148835301399231,
    1.1485258340835571
  ],
  "val_accuracy": [
    0.14693742990493774,
    0.1305927038192749,
    0.14710251986980438,
    0.14710251986980438,
    0.14792801439762115,
    0.14825820922851562,
    0.14842331409454346,
    0.14891861379146576,
    0.14891861379146576,
    0.14941389858722687
  ],
  "val_loss": [
    1.1427853107452393,
    1.1352628469467163,
    1.1139110326766968,
    1.130110502243042,
    1.078540563583374,
    1.111894130706787,
    1.1355271339416504,
    1.0924626588821411,
    1.1136150360107422,
    1.1216167211532593
  ],
  "learning_rate": [
    0.0005000000237487257,
    0.0005000000237487257,
    0.0005000000237487257,
    0.0005000000237487257,
    0.0005000000237487257,
    0.0005000000237487257,
    0.0005000000237487257,
    0.0005000000237487257,
    0.0002500000118743628,
    0.0002500000118743628
  ]
}