{
  "folds": [
    {
      "f1_macro": 0.08580680894785513,
      "recall_neg": 1.0,
      "precision_pos": 1.0,
      "confusion_matrix": [
        [
          1.0,
          0.0,
          0.0
        ],
        [
          1.0,
          0.0,
          0.0
        ],
        [
          0.9995463823996371,
          0.0,
          0.0004536176003628941
        ]
      ],
      "fold": 1,
      "train_time_sec": 26.44033769899397,
      "epochs_ran": 8
    },
    {
      "f1_macro": 0.09262966165659568,
      "recall_neg": 0.998876404494382,
      "precision_pos": 1.0,
      "confusion_matrix": [
        [
          0.998876404494382,
          0.0011235955056179776,
          0.0
        ],
        [
          0.9920844327176781,
          0.0079155672823219,
          0.0
        ],
        [
          0.995463823996371,
          0.0018144704014515763,
          0.0027217056021773644
        ]
      ],
      "fold": 2,
      "train_time_sec": 54.78992085500795,
      "epochs_ran": 17
    },
    {
      "f1_macro": 0.08784106048232541,
      "recall_neg": 1.0,
      "precision_pos": 1.0,
      "confusion_matrix": [
        [
          1.0,
          0.0,
          0.0
        ],
        [
          0.9973614775725593,
          0.002638522427440633,
          0.0
        ],
        [
          0.9990927647992742,
          0.0,
          0.0009072352007257881
        ]
      ],
      "fold": 3,
      "train_time_sec": 31.4545170939964,
      "epochs_ran": 10
    }
  ],
  "mean_f1_macro": 0.0887591770289254,
  "mean_recall_neg": 0.999625468164794,
  "mean_precision_pos": 1.0,
  "mean_epochs_ran": 11.666666666666666
}