{
  "f1_macro": 0.7921438597430798,
  "recall_neg": 0.8359550561797753,
  "precision_pos": 0.9646745705298815,
  "confusion_matrix": [
    [
      0.8359550561797753,
      0.14382022471910114,
      0.020224719101123594
    ],
    [
      0.12005277044854881,
      0.7110817941952506,
      0.16886543535620052
    ],
    [
      0.004309367203447494,
      0.09140394647312315,
      0.9042866863234293
    ]
  ],
  "fold": 2,
  "train_time_sec": 34.70557043899316,
  "epochs_ran": 13
}