{
  "f1_macro": 0.7761326707988211,
  "recall_neg": 0.8002244668911336,
  "precision_pos": 0.9624847746650427,
  "confusion_matrix": [
    [
      0.8002244668911336,
      0.17620650953984288,
      0.02356902356902357
    ],
    [
      0.11609498680738786,
      0.7084432717678101,
      0.17546174142480211
    ],
    [
      0.005670220004536176,
      0.09820821047856657,
      0.8961215695168973
    ]
  ],
  "fold": 1,
  "train_time_sec": 31.25456797100196,
  "epochs_ran": 11
}