{
  "accuracy": [
    0.437969446182251,
    0.7672306895256042,
    0.8404457569122314,
    0.8717292547225952,
    0.8848534822463989,
    0.9024350047111511,
    0.9304168224334717,
    0.9459347724914551,
    0.9593066573143005,
    0.9650020599365234
  ],
  "loss": [
    1.0952160358428955,
    0.7858619689941406,
    0.567366361618042,
    0.42007750272750854,
    0.35658860206604004,
    0.28035908937454224,
    0.20475821197032928,
    0.16086958348751068,
    0.12312442809343338,
    0.1077830046415329
  ],
  "val_accuracy": [
    0.3803863227367401,
    0.844147264957428,
    0.7970942854881287,
    0.8177315592765808,
    0.8585107922554016,
    0.8386990427970886,
    0.8659402132034302,
    0.864949643611908,
    0.8677563071250916,
    0.871883749961853
  ],
  "val_loss": [
    1.2345024347305298,
    0.48672351241111755,
    0.5198545455932617,
    0.4517630934715271,
    0.3730146586894989,
    0.4204566776752472,
    0.37939339876174927,
    0.40036991238594055,
    0.4017520546913147,
    0.4066343307495117
  ],
  "learning_rate": [
    0.0005000000237487257,
    0.0005000000237487257,
    0.0005000000237487257,
    0.0005000000237487257,
    0.0005000000237487257,
    0.0005000000237487257,
    0.0005000000237487257,
    0.0005000000237487257,
    0.0002500000118743628,
    0.0002500000118743628
  ]
}