{
  "f1_macro": 0.7778072941128781,
  "recall_neg": 0.8303370786516854,
  "precision_pos": 0.9658644400785854,
  "confusion_matrix": [
    [
      0.8303370786516854,
      0.16292134831460675,
      0.006741573033707865
    ],
    [
      0.1279683377308707,
      0.6965699208443272,
      0.17546174142480211
    ],
    [
      0.004762984803810388,
      0.1031980040825584,
      0.8920390111136313
    ]
  ],
  "fold": 3,
  "train_time_sec": 26.904055266000796,
  "epochs_ran": 10
}