{
  "accuracy": [
    0.37782731652259827,
    0.7899125218391418,
    0.8250784277915955,
    0.8524847030639648,
    0.8847614526748657,
    0.9049859642982483,
    0.9292554259300232,
    0.9387485384941101,
    0.9451048374176025,
    0.9589731097221375,
    0.9673105478286743
  ],
  "loss": [
    1.0995882749557495,
    0.7990414500236511,
    0.6005308628082275,
    0.44512417912483215,
    0.3353581428527832,
    0.25931882858276367,
    0.19821681082248688,
    0.1742289662361145,
    0.15703348815441132,
    0.1216595247387886,
    0.0957355722784996
  ],
  "val_accuracy": [
    0.7854077219963074,
    0.7956421375274658,
    0.7842522263526917,
    0.844338059425354,
    0.8420270681381226,
    0.8585341572761536,
    0.8636513948440552,
    0.8643116354942322,
    0.8359194397926331,
    0.877352237701416,
    0.877187192440033
  ],
  "val_loss": [
    0.7878949046134949,
    0.6160709261894226,
    0.5382803678512573,
    0.4048475921154022,
    0.427129328250885,
    0.3733806014060974,
    0.37635236978530884,
    0.4128682613372803,
    0.5171012282371521,
    0.3980828821659088,
    0.4051215350627899
  ],
  "learning_rate": [
    0.0005000000237487257,
    0.0005000000237487257,
    0.0005000000237487257,
    0.0005000000237487257,
    0.0005000000237487257,
    0.0005000000237487257,
    0.0005000000237487257,
    0.0005000000237487257,
    0.0005000000237487257,
    0.0002500000118743628,
    0.0002500000118743628
  ]
}