{
  "accuracy": [
    0.36846885085105896,
    0.7480809092521667,
    0.8260833621025085,
    0.8472967147827148,
    0.871976912021637,
    0.8995460271835327,
    0.9186133146286011,
    0.9394139647483826,
    0.9474205374717712,
    0.956500232219696,
    0.9568303823471069,
    0.9649195075035095,
    0.9672306776046753
  ],
  "loss": [
    1.1238949298858643,
    0.8376023769378662,
    0.62968909740448,
    0.48545920848846436,
    0.4048856198787689,
    0.31193307042121887,
    0.25239914655685425,
    0.19362415373325348,
    0.16733898222446442,
    0.14739876985549927,
    0.13221919536590576,
    0.11479030549526215,
    0.10575827956199646
  ],
  "val_accuracy": [
    0.7639095187187195,
    0.7886742353439331,
    0.8278025388717651,
    0.8464586138725281,
    0.8076605796813965,
    0.8353970646858215,
    0.848770022392273,
    0.8700677156448364,
    0.8692421913146973,
    0.8578504323959351,
    0.8646194338798523,
    0.8705629706382751,
    0.8730394840240479
  ],
  "val_loss": [
    0.713585376739502,
    0.5672449469566345,
    0.4541528820991516,
    0.3943280577659607,
    0.4689400792121887,
    0.4310820400714874,
    0.40962836146354675,
    0.3613593280315399,
    0.37084779143333435,
    0.4138534665107727,
    0.4018162190914154,
    0.39293766021728516,
    0.40387076139450073
  ],
  "learning_rate": [
    0.0005000000237487257,
    0.0005000000237487257,
    0.0005000000237487257,
    0.0005000000237487257,
    0.0005000000237487257,
    0.0005000000237487257,
    0.0005000000237487257,
    0.0002500000118743628,
    0.0002500000118743628,
    0.0002500000118743628,
    0.0002500000118743628,
    0.0001250000059371814,
    0.0001250000059371814
  ]
}