{
  "folds": [
    {
      "f1_macro": 0.7761326707988211,
      "recall_neg": 0.8002244668911336,
      "precision_pos": 0.9624847746650427,
      "confusion_matrix": [
        [
          0.8002244668911336,
          0.17620650953984288,
          0.02356902356902357
        ],
        [
          0.11609498680738786,
          0.7084432717678101,
          0.17546174142480211
        ],
        [
          0.005670220004536176,
          0.09820821047856657,
          0.8961215695168973
        ]
      ],
      "fold": 1,
      "train_time_sec": 31.25456797100196,
      "epochs_ran": 11
    },
    {
      "f1_macro": 0.7921438597430798,
      "recall_neg": 0.8359550561797753,
      "precision_pos": 0.9646745705298815,
      "confusion_matrix": [
        [
          0.8359550561797753,
          0.14382022471910114,
          0.020224719101123594
        ],
        [
          0.12005277044854881,
          0.7110817941952506,
          0.16886543535620052
        ],
        [
          0.004309367203447494,
          0.09140394647312315,
          0.9042866863234293
        ]
      ],
      "fold": 2,
      "train_time_sec": 34.70557043899316,
      "epochs_ran": 13
    },
    {
      "f1_macro": 0.7778072941128781,
      "recall_neg": 0.8303370786516854,
      "precision_pos": 0.9658644400785854,
      "confusion_matrix": [
        [
          0.8303370786516854,
          0.16292134831460675,
          0.006741573033707865
        ],
        [
          0.1279683377308707,
          0.6965699208443272,
          0.17546174142480211
        ],
        [
          0.004762984803810388,
          0.1031980040825584,
          0.8920390111136313
        ]
      ],
      "fold": 3,
      "train_time_sec": 26.904055266000796,
      "epochs_ran": 10
    }
  ],
  "mean_f1_macro": 0.7820279415515929,
  "mean_recall_neg": 0.8221722005741982,
  "mean_precision_pos": 0.9643412617578365,
  "mean_epochs_ran": 11.333333333333334
}