{
  "f1_macro": 0.30660212314899266,
  "recall_neg": 0.03258426966292135,
  "precision_pos": 0.7335114376356654,
  "confusion_matrix": [
    [
      0.03258426966292135,
      0.01348314606741573,
      0.9539325842696629
    ],
    [
      0.0079155672823219,
      0.006596306068601583,
      0.9854881266490765
    ],
    [
      0.0022680880018144706,
      0.0013608528010886822,
      0.9963710591970969
    ]
  ],
  "fold": 2,
  "train_time_sec": 27.47570988899679,
  "epochs_ran": 16
}