{
  "accuracy": [
    0.15930664539337158,
    0.2296326905488968,
    0.1470903903245926,
    0.2464713156223297,
    0.1475030928850174,
    0.23400743305683136,
    0.2014857679605484,
    0.17424680292606354,
    0.16516715288162231,
    0.21023525297641754,
    0.15105241537094116,
    0.15154767036437988
  ],
  "loss": [
    1.169344425201416,
    1.1688868999481201,
    1.1648738384246826,
    1.1605161428451538,
    1.1569784879684448,
    1.1555765867233276,
    1.1521962881088257,
    1.1495321989059448,
    1.1477687358856201,
    1.1488640308380127,
    1.1465414762496948,
    1.1459473371505737
  ],
  "val_accuracy": [
    0.14693742990493774,
    0.14693742990493774,
    0.14726762473583221,
    0.14759781956672668,
    0.14776292443275452,
    0.14825820922851562,
    0.731054961681366,
    0.14825820922851562,
    0.7317153811454773,
    0.1490837037563324,
    0.14924880862236023,
    0.1490837037563324
  ],
  "val_loss": [
    1.12996506690979,
    1.186096429824829,
    1.1022098064422607,
    1.144458532333374,
    1.120397925376892,
    1.1086665391921997,
    1.0836899280548096,
    1.1358658075332642,
    1.0845452547073364,
    1.1208605766296387,
    1.1190980672836304,
    1.12039315700531
  ],
  "learning_rate": [
    0.0005000000237487257,
    0.0005000000237487257,
    0.0005000000237487257,
    0.0005000000237487257,
    0.0005000000237487257,
    0.0005000000237487257,
    0.0002500000118743628,
    0.0002500000118743628,
    0.0002500000118743628,
    0.0002500000118743628,
    0.0001250000059371814,
    0.0001250000059371814
  ]
}