{
  "accuracy": [
    0.15724308788776398,
    0.14700783789157867,
    0.14758563041687012,
    0.14766818284988403,
    0.14799834787845612,
    0.18043747544288635,
    0.1466776728630066,
    0.14857614040374756,
    0.14824597537517548,
    0.15154767036437988,
    0.3040858507156372,
    0.34667766094207764,
    0.15220800042152405,
    0.15179529786109924,
    0.15179529786109924,
    0.15171274542808533
  ],
  "loss": [
    1.1700509786605835,
    1.1674367189407349,
    1.1653342247009277,
    1.160603404045105,
    1.1555790901184082,
    1.153846263885498,
    1.1508569717407227,
    1.1490675210952759,
    1.1474090814590454,
    1.145943522453308,
    1.228944182395935,
    1.206737995147705,
    1.1521700620651245,
    1.1497688293457031,
    1.1482845544815063,
    1.1478859186172485
  ],
  "val_accuracy": [
    0.1467723250389099,
    0.14693742990493774,
    0.14710251986980438,
    0.14710251986980438,
    0.13125309348106384,
    0.14792801439762115,
    0.148093119263649,
    0.14776292443275452,
    0.148093119263649,
    0.1485884040594101,
    0.7308898568153381,
    0.14726762473583221,
    0.14710251986980438,
    0.14693742990493774,
    0.14726762473583221,
    0.14710251986980438
  ],
  "val_loss": [
    1.123388409614563,
    1.1217949390411377,
    1.147209882736206,
    1.1268585920333862,
    1.0976060628890991,
    1.1571704149246216,
    1.1063237190246582,
    1.141059160232544,
    1.0933784246444702,
    1.1271098852157593,
    0.8927255868911743,
    1.1248810291290283,
    1.1142144203186035,
    1.1277966499328613,
    1.1275169849395752,
    1.1226511001586914
  ],
  "learning_rate": [
    0.0005000000237487257,
    0.0005000000237487257,
    0.0005000000237487257,
    0.0005000000237487257,
    0.0005000000237487257,
    0.0005000000237487257,
    0.0005000000237487257,
    0.0005000000237487257,
    0.0002500000118743628,
    0.0002500000118743628,
    0.0002500000118743628,
    0.0002500000118743628,
    0.0002500000118743628,
    0.0002500000118743628,
    0.0001250000059371814,
    0.0001250000059371814
  ]
}