{
  "f1_macro": 0.31636098031505394,
  "recall_neg": 0.0550561797752809,
  "precision_pos": 0.7339034205231388,
  "confusion_matrix": [
    [
      0.0550561797752809,
      0.0,
      0.9449438202247191
    ],
    [
      0.013192612137203167,
      0.002638522427440633,
      0.9841688654353562
    ],
    [
      0.007257881605806305,
      0.0,
      0.9927421183941937
    ]
  ],
  "fold": 3,
  "train_time_sec": 21.034371982997982,
  "epochs_ran": 12
}