{
  "accuracy": [
    0.23394419252872467,
    0.14701998233795166,
    0.14751526713371277,
    0.34456002712249756,
    0.14792801439762115,
    0.14801056683063507
  ],
  "loss": [
    1.1691020727157593,
    1.1672059297561646,
    1.1641669273376465,
    1.163331151008606,
    1.1584800481796265,
    1.1555020809173584
  ],
  "val_accuracy": [
    0.1470782458782196,
    0.1470782458782196,
    0.1470782458782196,
    0.1474083811044693,
    0.1474083811044693,
    0.1477385312318802
  ],
  "val_loss": [
    1.1131658554077148,
    1.1297385692596436,
    1.1466009616851807,
    1.1854474544525146,
    1.1327084302902222,
    1.1398558616638184
  ],
  "learning_rate": [
    0.0005000000237487257,
    0.0005000000237487257,
    0.0005000000237487257,
    0.0005000000237487257,
    0.0002500000118743628,
    0.0002500000118743628
  ]
}