{
  "folds": [
    {
      "f1_macro": 0.08547992516908907,
      "recall_neg": 1.0,
      "precision_pos": 0.0,
      "confusion_matrix": [
        [
          1.0,
          0.0,
          0.0
        ],
        [
          1.0,
          0.0,
          0.0
        ],
        [
          1.0,
          0.0,
          0.0
        ]
      ],
      "fold": 1,
      "train_time_sec": 11.725944189995062,
      "epochs_ran": 6
    },
    {
      "f1_macro": 0.30660212314899266,
      "recall_neg": 0.03258426966292135,
      "precision_pos": 0.7335114376356654,
      "confusion_matrix": [
        [
          0.03258426966292135,
          0.01348314606741573,
          0.9539325842696629
        ],
        [
          0.0079155672823219,
          0.006596306068601583,
          0.9854881266490765
        ],
        [
          0.0022680880018144706,
          0.0013608528010886822,
          0.9963710591970969
        ]
      ],
      "fold": 2,
      "train_time_sec": 27.47570988899679,
      "epochs_ran": 16
    },
    {
      "f1_macro": 0.31636098031505394,
      "recall_neg": 0.0550561797752809,
      "precision_pos": 0.7339034205231388,
      "confusion_matrix": [
        [
          0.0550561797752809,
          0.0,
          0.9449438202247191
        ],
        [
          0.013192612137203167,
          0.002638522427440633,
          0.9841688654353562
        ],
        [
          0.007257881605806305,
          0.0,
          0.9927421183941937
        ]
      ],
      "fold": 3,
      "train_time_sec": 21.034371982997982,
      "epochs_ran": 12
    }
  ],
  "mean_f1_macro": 0.23614767621104524,
  "mean_recall_neg": 0.36254681647940074,
  "mean_precision_pos": 0.48913828605293475,
  "mean_epochs_ran": 11.333333333333334
}