{
  "accuracy": [
    0.20000000298023224,
    0.2075938880443573,
    0.2141972780227661,
    0.20775897800922394,
    0.14857614040374756,
    0.14676021039485931,
    0.15088732540607452,
    0.1516302078962326
  ],
  "loss": [
    1.169994831085205,
    1.1685795783996582,
    1.1634070873260498,
    1.1577876806259155,
    1.154435157775879,
    1.1507877111434937,
    1.1480505466461182,
    1.1479454040527344
  ],
  "val_accuracy": [
    0.14693742990493774,
    0.7307247519493103,
    0.7308898568153381,
    0.14726762473583221,
    0.14759781956672668,
    0.14842331409454346,
    0.14875350892543793,
    0.14875350892543793
  ],
  "val_loss": [
    1.1221661567687988,
    1.0643558502197266,
    1.058007001876831,
    1.1244533061981201,
    1.1100459098815918,
    1.1041340827941895,
    1.1445642709732056,
    1.1418745517730713
  ],
  "learning_rate": [
    0.0005000000237487257,
    0.0005000000237487257,
    0.0005000000237487257,
    0.0005000000237487257,
    0.0005000000237487257,
    0.0005000000237487257,
    0.0002500000118743628,
    0.0002500000118743628
  ]
}