{
  "accuracy": [
    0.1447911560535431,
    0.19820043444633484,
    0.20835396647453308,
    0.24418029189109802,
    0.16113588213920593,
    0.14982664585113525,
    0.15073469281196594
  ],
  "loss": [
    1.1696887016296387,
    1.1625334024429321,
    1.1563740968704224,
    1.152409315109253,
    1.1515463590621948,
    1.1467100381851196,
    1.1454299688339233
  ],
  "val_accuracy": [
    0.1470782458782196,
    0.7304390668869019,
    0.7312644720077515,
    0.7322548627853394,
    0.14872895181179047,
    0.1488940268754959,
    0.1492241621017456
  ],
  "val_loss": [
    1.120559573173523,
    1.0753486156463623,
    1.081464409828186,
    1.0773768424987793,
    1.116581678390503,
    1.1032285690307617,
    1.1167354583740234
  ],
  "learning_rate": [
    0.0005000000237487257,
    0.0005000000237487257,
    0.0005000000237487257,
    0.0005000000237487257,
    0.0005000000237487257,
    0.0002500000118743628,
    0.0002500000118743628
  ]
}