{
  "f1_macro": 0.31279520304915925,
  "recall_neg": 0.051685393258426963,
  "precision_pos": 0.7337129459052085,
  "confusion_matrix": [
    [
      0.051685393258426963,
      0.0,
      0.9483146067415731
    ],
    [
      0.0158311345646438,
      0.0,
      0.9841688654353562
    ],
    [
      0.0063506464050805175,
      0.0,
      0.9936493535949195
    ]
  ],
  "fold": 2,
  "train_time_sec": 25.467673896986526,
  "epochs_ran": 8
}