{
  "accuracy": [
    0.23508048057556152,
    0.14601732790470123,
    0.309038370847702,
    0.14775072038173676,
    0.14808088541030884,
    0.1487412303686142,
    0.149566650390625,
    0.15014444291591644
  ],
  "loss": [
    1.1698906421661377,
    1.1665034294128418,
    1.1648870706558228,
    1.1580389738082886,
    1.152845025062561,
    1.1518856287002563,
    1.1487021446228027,
    1.147592306137085
  ],
  "val_accuracy": [
    0.14710251986980438,
    0.14693742990493774,
    0.14759781956672668,
    0.14726762473583221,
    0.14776292443275452,
    0.14776292443275452,
    0.14842331409454346,
    0.14842331409454346
  ],
  "val_loss": [
    1.1156294345855713,
    1.1314723491668701,
    1.0884356498718262,
    1.1120431423187256,
    1.1064541339874268,
    1.0995627641677856,
    1.1099498271942139,
    1.1415011882781982
  ],
  "learning_rate": [
    0.0005000000237487257,
    0.0005000000237487257,
    0.0005000000237487257,
    0.0005000000237487257,
    0.0005000000237487257,
    0.0005000000237487257,
    0.0002500000118743628,
    0.0002500000118743628
  ]
}