{
  "f1_macro": 0.31848311807138363,
  "recall_neg": 0.06285072951739619,
  "precision_pos": 0.7350269179004038,
  "confusion_matrix": [
    [
      0.06285072951739619,
      0.0,
      0.9371492704826038
    ],
    [
      0.023746701846965697,
      0.0,
      0.9762532981530343
    ],
    [
      0.009072352007257882,
      0.0,
      0.9909276479927421
    ]
  ],
  "fold": 1,
  "train_time_sec": 24.113670380000258,
  "epochs_ran": 7
}