{
  "folds": [
    {
      "f1_macro": 0.31848311807138363,
      "recall_neg": 0.06285072951739619,
      "precision_pos": 0.7350269179004038,
      "confusion_matrix": [
        [
          0.06285072951739619,
          0.0,
          0.9371492704826038
        ],
        [
          0.023746701846965697,
          0.0,
          0.9762532981530343
        ],
        [
          0.009072352007257882,
          0.0,
          0.9909276479927421
        ]
      ],
      "fold": 1,
      "train_time_sec": 24.113670380000258,
      "epochs_ran": 7
    },
    {
      "f1_macro": 0.31279520304915925,
      "recall_neg": 0.051685393258426963,
      "precision_pos": 0.7337129459052085,
      "confusion_matrix": [
        [
          0.051685393258426963,
          0.0,
          0.9483146067415731
        ],
        [
          0.0158311345646438,
          0.0,
          0.9841688654353562
        ],
        [
          0.0063506464050805175,
          0.0,
          0.9936493535949195
        ]
      ],
      "fold": 2,
      "train_time_sec": 25.467673896986526,
      "epochs_ran": 8
    },
    {
      "f1_macro": 0.08751443579864654,
      "recall_neg": 1.0,
      "precision_pos": 1.0,
      "confusion_matrix": [
        [
          1.0,
          0.0,
          0.0
        ],
        [
          0.9973614775725593,
          0.002638522427440633,
          0.0
        ],
        [
          0.9995463823996371,
          0.0,
          0.0004536176003628941
        ]
      ],
      "fold": 3,
      "train_time_sec": 24.935799074999522,
      "epochs_ran": 8
    }
  ],
  "mean_f1_macro": 0.2395975856397298,
  "mean_recall_neg": 0.37151204092527434,
  "mean_precision_pos": 0.822913287935204,
  "mean_epochs_ran": 7.666666666666667
}