{
  "accuracy": [
    0.3940894901752472,
    0.7380716800689697,
    0.8346540927886963,
    0.8504210114479065,
    0.8693247437477112,
    0.8868251442909241,
    0.9083704948425293,
    0.9236420392990112,
    0.9303285479545593,
    0.9433712959289551,
    0.9267789125442505,
    0.928429901599884,
    0.9382532835006714,
    0.9610368013381958,
    0.966402530670166,
    0.9708601832389832,
    0.9735017418861389,
    0.9750701785087585
  ],
  "loss": [
    1.096598744392395,
    0.854715883731842,
    0.6816405653953552,
    0.5444502830505371,
    0.42136499285697937,
    0.3662757873535156,
    0.2770984172821045,
    0.22800865769386292,
    0.1969880312681198,
    0.16292376816272736,
    0.20002105832099915,
    0.20119218528270721,
    0.15176646411418915,
    0.11172294616699219,
    0.09643238037824631,
    0.0877826139330864,
    0.07911907881498337,
    0.0753350481390953
  ],
  "val_accuracy": [
    0.7611423134803772,
    0.7702211737632751,
    0.8227137923240662,
    0.8392208814620972,
    0.8133047223091125,
    0.8431825637817383,
    0.8393859267234802,
    0.8179267048835754,
    0.8568834662437439,
    0.8004291653633118,
    0.7865632176399231,
    0.7509078979492188,
    0.8684384226799011,
    0.8722350597381592,
    0.8724001049995422,
    0.873555600643158,
    0.8727302551269531,
    0.8714097142219543
  ],
  "val_loss": [
    0.8495903611183167,
    0.7380350232124329,
    0.5297369360923767,
    0.4476466178894043,
    0.5041399598121643,
    0.41863563656806946,
    0.433566153049469,
    0.4627746045589447,
    0.40500104427337646,
    0.5575622320175171,
    0.5392245650291443,
    0.600473165512085,
    0.39421892166137695,
    0.41145867109298706,
    0.4248161315917969,
    0.4288475215435028,
    0.4379955232143402,
    0.4461279511451721
  ],
  "learning_rate": [
    0.0005000000237487257,
    0.0005000000237487257,
    0.0005000000237487257,
    0.0005000000237487257,
    0.0005000000237487257,
    0.0005000000237487257,
    0.0005000000237487257,
    0.0005000000237487257,
    0.0005000000237487257,
    0.0005000000237487257,
    0.0005000000237487257,
    0.0005000000237487257,
    0.0002500000118743628,
    0.0002500000118743628,
    0.0002500000118743628,
    0.0002500000118743628,
    0.0001250000059371814,
    0.0001250000059371814
  ]
}