{
  "accuracy": [
    0.36145275831222534,
    0.7499793767929077,
    0.806933581829071,
    0.8444077372550964,
    0.8720594048500061,
    0.8930251598358154,
    0.9037556648254395,
    0.9264547824859619,
    0.9379281997680664,
    0.9519603848457336,
    0.9558398723602295
  ],
  "loss": [
    1.1369439363479614,
    0.8682414293289185,
    0.6895800828933716,
    0.5301079154014587,
    0.42770373821258545,
    0.33792248368263245,
    0.2891460657119751,
    0.21850404143333435,
    0.17928752303123474,
    0.14546385407447815,
    0.13080020248889923
  ],
  "val_accuracy": [
    0.7795938849449158,
    0.720653772354126,
    0.8266468644142151,
    0.8479444980621338,
    0.8535578846931458,
    0.8651147484779358,
    0.8401849269866943,
    0.8558692336082458,
    0.8685818314552307,
    0.8606570959091187,
    0.8527323603630066
  ],
  "val_loss": [
    0.819869875907898,
    0.7649816274642944,
    0.5065671801567078,
    0.3832140862941742,
    0.3692552149295807,
    0.34344857931137085,
    0.39843153953552246,
    0.386829137802124,
    0.3805447816848755,
    0.39404651522636414,
    0.42563968896865845
  ],
  "learning_rate": [
    0.0005000000237487257,
    0.0005000000237487257,
    0.0005000000237487257,
    0.0005000000237487257,
    0.0005000000237487257,
    0.0005000000237487257,
    0.0005000000237487257,
    0.0005000000237487257,
    0.0005000000237487257,
    0.0002500000118743628,
    0.0002500000118743628
  ]
}