{
  "accuracy": [
    0.3968634009361267,
    0.7990920543670654,
    0.8300454020500183,
    0.8629797697067261,
    0.8919520974159241,
    0.9140734672546387,
    0.9237309098243713,
    0.9427981972694397,
    0.9518778324127197,
    0.9569954872131348,
    0.965827465057373
  ],
  "loss": [
    1.0891227722167969,
    0.7542407512664795,
    0.6041136384010315,
    0.4268732964992523,
    0.32893800735473633,
    0.26853856444358826,
    0.23600813746452332,
    0.17642834782600403,
    0.14923760294914246,
    0.132584810256958,
    0.10381612181663513
  ],
  "val_accuracy": [
    0.7848770022392273,
    0.7629189491271973,
    0.7899950742721558,
    0.8154201507568359,
    0.8446425795555115,
    0.8576853275299072,
    0.8532276749610901,
    0.8401849269866943,
    0.8418359160423279,
    0.8601617813110352,
    0.8656100630760193
  ],
  "val_loss": [
    0.792824923992157,
    0.711414635181427,
    0.5447205901145935,
    0.4601326584815979,
    0.3982730209827423,
    0.37935253977775574,
    0.4048146903514862,
    0.48284661769866943,
    0.47005417943000793,
    0.4326362609863281,
    0.4142785966396332
  ],
  "learning_rate": [
    0.0005000000237487257,
    0.0005000000237487257,
    0.0005000000237487257,
    0.0005000000237487257,
    0.0005000000237487257,
    0.0005000000237487257,
    0.0005000000237487257,
    0.0005000000237487257,
    0.0005000000237487257,
    0.0002500000118743628,
    0.0002500000118743628
  ]
}