{
  "f1_macro": 0.7706844088068893,
  "recall_neg": 0.7471910112359551,
  "precision_pos": 0.9573039098105062,
  "confusion_matrix": [
    [
      0.7471910112359551,
      0.2292134831460674,
      0.02359550561797753
    ],
    [
      0.08179419525065963,
      0.7110817941952506,
      0.20712401055408972
    ],
    [
      0.0029485144023588114,
      0.09185756407348605,
      0.9051939215241551
    ]
  ],
  "fold": 3,
  "train_time_sec": 39.530870720991516,
  "epochs_ran": 11
}