{
  "f1_macro": 0.7769918607410083,
  "recall_neg": 0.7328843995510662,
  "precision_pos": 0.9561032863849765,
  "confusion_matrix": [
    [
      0.7328843995510662,
      0.23905723905723905,
      0.028058361391694726
    ],
    [
      0.08047493403693931,
      0.7058047493403694,
      0.21372031662269128
    ],
    [
      0.0040825584032660464,
      0.07212519845770016,
      0.9237922431390337
    ]
  ],
  "fold": 1,
  "train_time_sec": 65.9678288300056,
  "epochs_ran": 18
}