{
  "f1_macro": 0.7845181204174126,
  "recall_neg": 0.7910112359550562,
  "precision_pos": 0.9616867469879518,
  "confusion_matrix": [
    [
      0.7910112359550562,
      0.19213483146067414,
      0.016853932584269662
    ],
    [
      0.09102902374670185,
      0.7189973614775725,
      0.18997361477572558
    ],
    [
      0.0020412792016330232,
      0.09276479927421184,
      0.9051939215241551
    ]
  ],
  "fold": 2,
  "train_time_sec": 39.291090714003076,
  "epochs_ran": 11
}