{
  "folds": [
    {
      "f1_macro": 0.7769918607410083,
      "recall_neg": 0.7328843995510662,
      "precision_pos": 0.9561032863849765,
      "confusion_matrix": [
        [
          0.7328843995510662,
          0.23905723905723905,
          0.028058361391694726
        ],
        [
          0.08047493403693931,
          0.7058047493403694,
          0.21372031662269128
        ],
        [
          0.0040825584032660464,
          0.07212519845770016,
          0.9237922431390337
        ]
      ],
      "fold": 1,
      "train_time_sec": 65.9678288300056,
      "epochs_ran": 18
    },
    {
      "f1_macro": 0.7845181204174126,
      "recall_neg": 0.7910112359550562,
      "precision_pos": 0.9616867469879518,
      "confusion_matrix": [
        [
          0.7910112359550562,
          0.19213483146067414,
          0.016853932584269662
        ],
        [
          0.09102902374670185,
          0.7189973614775725,
          0.18997361477572558
        ],
        [
          0.0020412792016330232,
          0.09276479927421184,
          0.9051939215241551
        ]
      ],
      "fold": 2,
      "train_time_sec": 39.291090714003076,
      "epochs_ran": 11
    },
    {
      "f1_macro": 0.7706844088068893,
      "recall_neg": 0.7471910112359551,
      "precision_pos": 0.9573039098105062,
      "confusion_matrix": [
        [
          0.7471910112359551,
          0.2292134831460674,
          0.02359550561797753
        ],
        [
          0.08179419525065963,
          0.7110817941952506,
          0.20712401055408972
        ],
        [
          0.0029485144023588114,
          0.09185756407348605,
          0.9051939215241551
        ]
      ],
      "fold": 3,
      "train_time_sec": 39.530870720991516,
      "epochs_ran": 11
    }
  ],
  "mean_f1_macro": 0.7773981299884367,
  "mean_recall_neg": 0.7570288822473592,
  "mean_precision_pos": 0.9583646477278115,
  "mean_epochs_ran": 13.333333333333334
}