{
  "f1_macro": 0.7431392271407837,
  "recall_neg": 0.7755331088664422,
  "precision_pos": 0.9262693156732892,
  "confusion_matrix": [
    [
      0.7755331088664422,
      0.15600448933782268,
      0.06846240179573512
    ],
    [
      0.16754617414248021,
      0.47229551451187335,
      0.36015831134564646
    ],
    [
      0.011340440009072352,
      0.03696983442957587,
      0.9516897255613518
    ]
  ],
  "fold": 1,
  "train_time_sec": 39.684210421008174,
  "epochs_ran": 10
}