{
  "f1_macro": 0.7552022304836964,
  "recall_neg": 0.7741573033707865,
  "precision_pos": 0.9297629499561019,
  "confusion_matrix": [
    [
      0.7741573033707865,
      0.16404494382022472,
      0.06179775280898876
    ],
    [
      0.158311345646438,
      0.4920844327176781,
      0.3496042216358839
    ],
    [
      0.011794057609435245,
      0.027443864821955093,
      0.9607620775686097
    ]
  ],
  "fold": 3,
  "train_time_sec": 41.48422344199207,
  "epochs_ran": 12
}