{
  "accuracy": [
    0.29979363083839417,
    0.7077177166938782,
    0.8673545122146606,
    0.9098638296127319,
    0.9659925699234009,
    0.9842343926429749,
    0.9924886226654053,
    0.9952125549316406,
    0.9968633651733398,
    0.9979364275932312
  ],
  "loss": [
    1.1551767587661743,
    0.8716534376144409,
    0.5009419918060303,
    0.3228425979614258,
    0.13959923386573792,
    0.06617166101932526,
    0.03502170741558075,
    0.02270805835723877,
    0.017165126278996468,
    0.011904733255505562
  ],
  "val_accuracy": [
    0.2232128083705902,
    0.7373287081718445,
    0.7822354435920715,
    0.8408452868461609,
    0.8548786640167236,
    0.8542182445526123,
    0.8619778752326965,
    0.8632986545562744,
    0.8651147484779358,
    0.8657751083374023
  ],
  "val_loss": [
    1.1213542222976685,
    0.7600148320198059,
    0.5961227416992188,
    0.4362301528453827,
    0.4053671061992645,
    0.40914833545684814,
    0.4143299460411072,
    0.4239589273929596,
    0.42584264278411865,
    0.4381144344806671
  ],
  "learning_rate": [
    0.0005000000237487257,
    0.0005000000237487257,
    0.0005000000237487257,
    0.0005000000237487257,
    0.0005000000237487257,
    0.0005000000237487257,
    0.0005000000237487257,
    0.0005000000237487257,
    0.0002500000118743628,
    0.0002500000118743628
  ]
}