{
  "accuracy": [
    0.5272412300109863,
    0.8101370334625244,
    0.9048208594322205,
    0.9558362364768982,
    0.9835727214813232,
    0.9912497997283936,
    0.9962027668952942,
    0.9985966682434082,
    0.9993395805358887,
    0.9995046854019165
  ],
  "loss": [
    1.0735809803009033,
    0.6974382400512695,
    0.36918216943740845,
    0.1756238341331482,
    0.07850749045610428,
    0.04432680457830429,
    0.024128304794430733,
    0.014029455371201038,
    0.008870000950992107,
    0.009504945017397404
  ],
  "val_accuracy": [
    0.7931660413742065,
    0.8468141555786133,
    0.8104985356330872,
    0.8421921133995056,
    0.8657972812652588,
    0.8724001049995422,
    0.873555600643158,
    0.8717398643493652,
    0.8661274313926697,
    0.8752063512802124
  ],
  "val_loss": [
    0.6911359429359436,
    0.48757585883140564,
    0.49397191405296326,
    0.4327513873577118,
    0.4037327766418457,
    0.4103553295135498,
    0.42546525597572327,
    0.42725670337677,
    0.45098719000816345,
    0.45533230900764465
  ],
  "learning_rate": [
    0.0005000000237487257,
    0.0005000000237487257,
    0.0005000000237487257,
    0.0005000000237487257,
    0.0005000000237487257,
    0.0005000000237487257,
    0.0005000000237487257,
    0.0005000000237487257,
    0.0002500000118743628,
    0.0002500000118743628
  ]
}