{
  "accuracy": [
    0.4577796161174774,
    0.7774659395217896,
    0.8693355321884155,
    0.9338836073875427,
    0.9698720574378967,
    0.9775484800338745,
    0.9902600049972534,
    0.9967808723449707,
    0.9984316825866699,
    0.9992571473121643,
    0.9995872974395752,
    0.9996698498725891
  ],
  "loss": [
    1.1098450422286987,
    0.79481440782547,
    0.47859442234039307,
    0.2587517201900482,
    0.11859992146492004,
    0.08026441931724548,
    0.04147034510970116,
    0.02022896707057953,
    0.013064282014966011,
    0.008449568413197994,
    0.005982805974781513,
    0.005583453457802534
  ],
  "val_accuracy": [
    0.7771173715591431,
    0.7739804983139038,
    0.785207211971283,
    0.8185570240020752,
    0.8180617690086365,
    0.8532276749610901,
    0.8746904134750366,
    0.8725441694259644,
    0.8715535998344421,
    0.8743602633476257,
    0.8732045292854309,
    0.8751857280731201
  ],
  "val_loss": [
    0.7710347771644592,
    0.6663524508476257,
    0.5708736181259155,
    0.4745457172393799,
    0.49069082736968994,
    0.4421190917491913,
    0.40522301197052,
    0.41868332028388977,
    0.4316878914833069,
    0.4444270431995392,
    0.448371559381485,
    0.45457029342651367
  ],
  "learning_rate": [
    0.0005000000237487257,
    0.0005000000237487257,
    0.0005000000237487257,
    0.0005000000237487257,
    0.0005000000237487257,
    0.0005000000237487257,
    0.0005000000237487257,
    0.0005000000237487257,
    0.0005000000237487257,
    0.0005000000237487257,
    0.0002500000118743628,
    0.0002500000118743628
  ]
}