{
  "f1_macro": 0.7322783197675383,
  "recall_neg": 0.7955056179775281,
  "precision_pos": 0.9395189003436426,
  "confusion_matrix": [
    [
      0.7955056179775281,
      0.15842696629213482,
      0.046067415730337076
    ],
    [
      0.21899736147757257,
      0.4868073878627968,
      0.2941952506596306
    ],
    [
      0.01610342481288274,
      0.05375368564300295,
      0.9301428895441143
    ]
  ],
  "fold": 2,
  "train_time_sec": 36.838832454013755,
  "epochs_ran": 10
}