{
  "folds": [
    {
      "f1_macro": 0.7431392271407837,
      "recall_neg": 0.7755331088664422,
      "precision_pos": 0.9262693156732892,
      "confusion_matrix": [
        [
          0.7755331088664422,
          0.15600448933782268,
          0.06846240179573512
        ],
        [
          0.16754617414248021,
          0.47229551451187335,
          0.36015831134564646
        ],
        [
          0.011340440009072352,
          0.03696983442957587,
          0.9516897255613518
        ]
      ],
      "fold": 1,
      "train_time_sec": 39.684210421008174,
      "epochs_ran": 10
    },
    {
      "f1_macro": 0.7322783197675383,
      "recall_neg": 0.7955056179775281,
      "precision_pos": 0.9395189003436426,
      "confusion_matrix": [
        [
          0.7955056179775281,
          0.15842696629213482,
          0.046067415730337076
        ],
        [
          0.21899736147757257,
          0.4868073878627968,
          0.2941952506596306
        ],
        [
          0.01610342481288274,
          0.05375368564300295,
          0.9301428895441143
        ]
      ],
      "fold": 2,
      "train_time_sec": 36.838832454013755,
      "epochs_ran": 10
    },
    {
      "f1_macro": 0.7552022304836964,
      "recall_neg": 0.7741573033707865,
      "precision_pos": 0.9297629499561019,
      "confusion_matrix": [
        [
          0.7741573033707865,
          0.16404494382022472,
          0.06179775280898876
        ],
        [
          0.158311345646438,
          0.4920844327176781,
          0.3496042216358839
        ],
        [
          0.011794057609435245,
          0.027443864821955093,
          0.9607620775686097
        ]
      ],
      "fold": 3,
      "train_time_sec": 41.48422344199207,
      "epochs_ran": 12
    }
  ],
  "mean_f1_macro": 0.7435399257973394,
  "mean_recall_neg": 0.7817320100715855,
  "mean_precision_pos": 0.9318503886576779,
  "mean_epochs_ran": 10.666666666666666
}