{
  "accuracy": [
    0.1459347903728485,
    0.14733801782131195,
    0.2763516306877136,
    0.33206769824028015,
    0.14758563041687012,
    0.1479158103466034,
    0.14857614040374756,
    0.44614115357398987
  ],
  "loss": [
    1.1699916124343872,
    1.1671361923217773,
    1.1599764823913574,
    1.1685049533843994,
    1.1559230089187622,
    1.153836965560913,
    1.1464653015136719,
    1.1563657522201538
  ],
  "val_accuracy": [
    0.14693742990493774,
    0.14693742990493774,
    0.14710251986980438,
    0.14710251986980438,
    0.14726762473583221,
    0.14743272960186005,
    0.14743272960186005,
    0.14759781956672668
  ],
  "val_loss": [
    1.1417286396026611,
    1.0880169868469238,
    1.0879597663879395,
    1.1317206621170044,
    1.1215784549713135,
    1.1222819089889526,
    1.1010264158248901,
    1.1280853748321533
  ],
  "learning_rate": [
    0.0005000000237487257,
    0.0005000000237487257,
    0.0005000000237487257,
    0.0005000000237487257,
    0.0005000000237487257,
    0.0002500000118743628,
    0.0002500000118743628,
    0.0002500000118743628
  ]
}