{
  "f1_macro": 0.08557203730582036,
  "recall_neg": 1.0,
  "precision_pos": 1.0,
  "confusion_matrix": [
    [
      1.0,
      0.0,
      0.0
    ],
    [
      1.0,
      0.0,
      0.0
    ],
    [
      0.9997731911998186,
      0.0,
      0.00022680880018144704
    ]
  ],
  "fold": 3,
  "train_time_sec": 18.37346289100242,
  "epochs_ran": 10
}