{
  "accuracy": [
    0.14684276282787323,
    0.1470903903245926,
    0.1944696605205536,
    0.29896822571754456,
    0.14733801782131195,
    0.14733801782131195,
    0.14808088541030884,
    0.14857614040374756,
    0.14882376790046692,
    0.1491539478302002
  ],
  "loss": [
    1.1700507402420044,
    1.1686851978302002,
    1.164462924003601,
    1.1644872426986694,
    1.159182071685791,
    1.155701994895935,
    1.1540836095809937,
    1.1514484882354736,
    1.1491776704788208,
    1.1484735012054443
  ],
  "val_accuracy": [
    0.14710251986980438,
    0.14693742990493774,
    0.14693742990493774,
    0.14743272960186005,
    0.14710251986980438,
    0.14726762473583221,
    0.14776292443275452,
    0.14776292443275452,
    0.14776292443275452,
    0.14776292443275452
  ],
  "val_loss": [
    1.146935224533081,
    1.1157095432281494,
    1.119936466217041,
    1.1324293613433838,
    1.1056122779846191,
    1.1222292184829712,
    1.1093660593032837,
    1.1286789178848267,
    1.1135636568069458,
    1.1212331056594849
  ],
  "learning_rate": [
    0.0005000000237487257,
    0.0005000000237487257,
    0.0005000000237487257,
    0.0005000000237487257,
    0.0005000000237487257,
    0.0005000000237487257,
    0.0005000000237487257,
    0.0005000000237487257,
    0.0002500000118743628,
    0.0002500000118743628
  ]
}