{
  "accuracy": [
    0.15824665129184723,
    0.14701998233795166,
    0.33597490191459656,
    0.14726762473583221,
    0.14446096122264862,
    0.14726762473583221,
    0.1481756716966629,
    0.1485884040594101,
    0.14974409341812134,
    0.15040449798107147,
    0.15081723034381866,
    0.15122997760772705,
    0.15139508247375488,
    0.15122997760772705
  ],
  "loss": [
    1.1699841022491455,
    1.1674984693527222,
    1.1720305681228638,
    1.163362979888916,
    1.1578885316848755,
    1.155189037322998,
    1.1512376070022583,
    1.15048348903656,
    1.1483250856399536,
    1.1475228071212769,
    1.1471292972564697,
    1.1452611684799194,
    1.1465871334075928,
    1.1439229249954224
  ],
  "val_accuracy": [
    0.1470782458782196,
    0.1470782458782196,
    0.1470782458782196,
    0.1470782458782196,
    0.1470782458782196,
    0.1470782458782196,
    0.14856387674808502,
    0.14823374152183533,
    0.14872895181179047,
    0.1488940268754959,
    0.1488940268754959,
    0.1488940268754959,
    0.14872895181179047,
    0.1488940268754959
  ],
  "val_loss": [
    1.1337560415267944,
    1.1381638050079346,
    1.1570850610733032,
    1.1298261880874634,
    1.1342655420303345,
    1.1291276216506958,
    1.1105358600616455,
    1.1227407455444336,
    1.0943042039871216,
    1.1201300621032715,
    1.1489372253417969,
    1.1273058652877808,
    1.1172995567321777,
    1.1299257278442383
  ],
  "learning_rate": [
    0.0005000000237487257,
    0.0005000000237487257,
    0.0005000000237487257,
    0.0005000000237487257,
    0.0005000000237487257,
    0.0005000000237487257,
    0.0005000000237487257,
    0.0005000000237487257,
    0.0005000000237487257,
    0.0005000000237487257,
    0.0005000000237487257,
    0.0005000000237487257,
    0.0002500000118743628,
    0.0002500000118743628
  ]
}