{
  "f1_macro": 0.09080069398185597,
  "recall_neg": 0.9988776655443322,
  "precision_pos": 1.0,
  "confusion_matrix": [
    [
      0.9988776655443322,
      0.001122334455667789,
      0.0
    ],
    [
      0.9934036939313984,
      0.006596306068601583,
      0.0
    ],
    [
      0.9986391471989113,
      0.0,
      0.0013608528010886822
    ]
  ],
  "fold": 1,
  "train_time_sec": 27.136598690005485,
  "epochs_ran": 14
}