{
  "folds": [
    {
      "f1_macro": 0.09080069398185597,
      "recall_neg": 0.9988776655443322,
      "precision_pos": 1.0,
      "confusion_matrix": [
        [
          0.9988776655443322,
          0.001122334455667789,
          0.0
        ],
        [
          0.9934036939313984,
          0.006596306068601583,
          0.0
        ],
        [
          0.9986391471989113,
          0.0,
          0.0013608528010886822
        ]
      ],
      "fold": 1,
      "train_time_sec": 27.136598690005485,
      "epochs_ran": 14
    },
    {
      "f1_macro": 0.08557203730582036,
      "recall_neg": 1.0,
      "precision_pos": 1.0,
      "confusion_matrix": [
        [
          1.0,
          0.0,
          0.0
        ],
        [
          1.0,
          0.0,
          0.0
        ],
        [
          0.9997731911998186,
          0.0,
          0.00022680880018144704
        ]
      ],
      "fold": 2,
      "train_time_sec": 15.52296858599584,
      "epochs_ran": 8
    },
    {
      "f1_macro": 0.08557203730582036,
      "recall_neg": 1.0,
      "precision_pos": 1.0,
      "confusion_matrix": [
        [
          1.0,
          0.0,
          0.0
        ],
        [
          1.0,
          0.0,
          0.0
        ],
        [
          0.9997731911998186,
          0.0,
          0.00022680880018144704
        ]
      ],
      "fold": 3,
      "train_time_sec": 18.37346289100242,
      "epochs_ran": 10
    }
  ],
  "mean_f1_macro": 0.08731492286449889,
  "mean_recall_neg": 0.9996258885147774,
  "mean_precision_pos": 1.0,
  "mean_epochs_ran": 10.666666666666666
}