{
  "accuracy": [
    0.3618953227996826,
    0.7828132510185242,
    0.8241704106330872,
    0.8727092742919922,
    0.9103516340255737,
    0.9320620894432068,
    0.9414726495742798,
    0.9574872255325317,
    0.9708601832389832,
    0.9777117371559143
  ],
  "loss": [
    1.0983535051345825,
    0.7724030613899231,
    0.5531930327415466,
    0.39182236790657043,
    0.2650003135204315,
    0.2120075523853302,
    0.20460554957389832,
    0.13384507596492767,
    0.09058542549610138,
    0.0738157108426094
  ],
  "val_accuracy": [
    0.7411686778068542,
    0.7850775718688965,
    0.8169362545013428,
    0.8375701308250427,
    0.869263768196106,
    0.8585341572761536,
    0.8664575815200806,
    0.8790029883384705,
    0.8836249709129333,
    0.8859359622001648
  ],
  "val_loss": [
    0.8792421221733093,
    0.5803290605545044,
    0.4691355228424072,
    0.41583478450775146,
    0.35437318682670593,
    0.39650818705558777,
    0.3879598081111908,
    0.37716901302337646,
    0.3712223172187805,
    0.39347150921821594
  ],
  "learning_rate": [
    0.0005000000237487257,
    0.0005000000237487257,
    0.0005000000237487257,
    0.0005000000237487257,
    0.0005000000237487257,
    0.0005000000237487257,
    0.0005000000237487257,
    0.0005000000237487257,
    0.0002500000118743628,
    0.0002500000118743628
  ]
}