{
  "folds": [
    {
      "f1_macro": 0.7814048227079216,
      "recall_neg": 0.8069584736251403,
      "precision_pos": 0.95311027332705,
      "confusion_matrix": [
        [
          0.8069584736251403,
          0.15488215488215487,
          0.038159371492704826
        ],
        [
          0.12005277044854881,
          0.662269129287599,
          0.21767810026385223
        ],
        [
          0.008618734406894988,
          0.07393966885915174,
          0.9174415967339533
        ]
      ],
      "fold": 1,
      "train_time_sec": 38.26295272900461,
      "epochs_ran": 10
    }
  ],
  "mean_f1_macro": 0.7814048227079216,
  "mean_recall_neg": 0.8069584736251403,
  "mean_precision_pos": 0.95311027332705,
  "mean_epochs_ran": 10.0
}