{
  "accuracy": [
    0.2652084231376648,
    0.5918282866477966,
    0.7672306895256042,
    0.841353714466095,
    0.8816343545913696,
    0.9190260171890259,
    0.9378456473350525,
    0.9525381922721863,
    0.9686339497566223,
    0.9753198623657227
  ],
  "loss": [
    1.1502500772476196,
    0.933734655380249,
    0.6638971567153931,
    0.4965617060661316,
    0.3637183904647827,
    0.2569035291671753,
    0.18349480628967285,
    0.13588926196098328,
    0.10124232620000839,
    0.07851480692625046
  ],
  "val_accuracy": [
    0.427274227142334,
    0.7208188772201538,
    0.7926366329193115,
    0.7715040445327759,
    0.8456331491470337,
    0.8074954748153687,
    0.8378735184669495,
    0.8405150771141052,
    0.8451378345489502,
    0.860326886177063
  ],
  "val_loss": [
    1.0634993314743042,
    0.7310606241226196,
    0.5607300996780396,
    0.5551137924194336,
    0.4449872672557831,
    0.5159571170806885,
    0.4713076651096344,
    0.4782412052154541,
    0.5101879239082336,
    0.49120965600013733
  ],
  "learning_rate": [
    0.0005000000237487257,
    0.0005000000237487257,
    0.0005000000237487257,
    0.0005000000237487257,
    0.0005000000237487257,
    0.0005000000237487257,
    0.0005000000237487257,
    0.0005000000237487257,
    0.0002500000118743628,
    0.0002500000118743628
  ]
}