{
  "f1_macro": 0.7664178035328163,
  "recall_neg": 0.7631874298540965,
  "precision_pos": 0.9609184171958964,
  "confusion_matrix": [
    [
      0.7631874298540965,
      0.2143658810325477,
      0.02244668911335578
    ],
    [
      0.09762532981530343,
      0.7176781002638523,
      0.18469656992084432
    ],
    [
      0.00612383760489907,
      0.10161034248128828,
      0.8922658199138127
    ]
  ],
  "fold": 1,
  "train_time_sec": 28.371573583994177,
  "epochs_ran": 11
}