{
  "f1_macro": 0.7679800737896082,
  "recall_neg": 0.801123595505618,
  "precision_pos": 0.9529439583825964,
  "confusion_matrix": [
    [
      0.801123595505618,
      0.16853932584269662,
      0.030337078651685393
    ],
    [
      0.1424802110817942,
      0.6306068601583114,
      0.22691292875989447
    ],
    [
      0.005670220004536176,
      0.08029031526423225,
      0.9140394647312315
    ]
  ],
  "fold": 2,
  "train_time_sec": 28.562608425010694,
  "epochs_ran": 12
}