{
  "accuracy": [
    0.22509285807609558,
    0.6784151792526245,
    0.8160132169723511,
    0.8577796220779419,
    0.8937680721282959,
    0.9149814248085022,
    0.9317375421524048,
    0.9507222175598145,
    0.9597193598747253,
    0.9642592072486877,
    0.9760627150535583,
    0.9825010299682617
  ],
  "loss": [
    1.1531445980072021,
    0.8836179971694946,
    0.6374737024307251,
    0.5037323236465454,
    0.3857972323894501,
    0.29372745752334595,
    0.2292913794517517,
    0.1738969385623932,
    0.14062990248203278,
    0.1261201798915863,
    0.08874159306287766,
    0.06977090239524841
  ],
  "val_accuracy": [
    0.4297507107257843,
    0.7782730460166931,
    0.7815750241279602,
    0.83011394739151,
    0.8271421790122986,
    0.8124483823776245,
    0.8619778752326965,
    0.8456331491470337,
    0.8679214119911194,
    0.8609873056411743,
    0.8695724010467529,
    0.8717186450958252
  ],
  "val_loss": [
    1.071384072303772,
    0.5997331142425537,
    0.5831748247146606,
    0.47095465660095215,
    0.4781213700771332,
    0.5324481129646301,
    0.42378169298171997,
    0.5019230246543884,
    0.4631059467792511,
    0.4825596809387207,
    0.48053812980651855,
    0.49453479051589966
  ],
  "learning_rate": [
    0.0005000000237487257,
    0.0005000000237487257,
    0.0005000000237487257,
    0.0005000000237487257,
    0.0005000000237487257,
    0.0005000000237487257,
    0.0005000000237487257,
    0.0005000000237487257,
    0.0005000000237487257,
    0.0005000000237487257,
    0.0002500000118743628,
    0.0002500000118743628
  ]
}