{
  "f1_macro": 0.7509519335356251,
  "recall_neg": 0.7808988764044944,
  "precision_pos": 0.9493032196059586,
  "confusion_matrix": [
    [
      0.7808988764044944,
      0.1898876404494382,
      0.029213483146067417
    ],
    [
      0.1279683377308707,
      0.6279683377308707,
      0.24406332453825857
    ],
    [
      0.007938308006350647,
      0.0959401224767521,
      0.8961215695168973
    ]
  ],
  "fold": 3,
  "train_time_sec": 25.502019299005042,
  "epochs_ran": 10
}