{
  "accuracy": [
    0.22453360259532928,
    0.6365362405776978,
    0.8112927079200745,
    0.8806339502334595,
    0.9039128422737122,
    0.9307413101196289,
    0.9521214962005615,
    0.9691266417503357,
    0.9738319516181946,
    0.9820042848587036,
    0.9854713678359985
  ],
  "loss": [
    1.1543855667114258,
    0.9240700602531433,
    0.5941442847251892,
    0.3788897693157196,
    0.2830664813518524,
    0.20172223448753357,
    0.13884739577770233,
    0.10069164633750916,
    0.07417069375514984,
    0.0577780082821846,
    0.04518458619713783
  ],
  "val_accuracy": [
    0.4430505037307739,
    0.733905553817749,
    0.8022449612617493,
    0.8136348724365234,
    0.7939913868904114,
    0.8514361381530762,
    0.8717398643493652,
    0.8482997417449951,
    0.8740508556365967,
    0.8715747594833374,
    0.8750412464141846
  ],
  "val_loss": [
    1.0603282451629639,
    0.7125558257102966,
    0.5203481316566467,
    0.47281134128570557,
    0.5346692800521851,
    0.4021115005016327,
    0.4031282067298889,
    0.4781892001628876,
    0.45057547092437744,
    0.46180084347724915,
    0.47310948371887207
  ],
  "learning_rate": [
    0.0005000000237487257,
    0.0005000000237487257,
    0.0005000000237487257,
    0.0005000000237487257,
    0.0005000000237487257,
    0.0005000000237487257,
    0.0005000000237487257,
    0.0005000000237487257,
    0.0005000000237487257,
    0.0002500000118743628,
    0.0002500000118743628
  ]
}