{
  "folds": [
    {
      "f1_macro": 0.7664178035328163,
      "recall_neg": 0.7631874298540965,
      "precision_pos": 0.9609184171958964,
      "confusion_matrix": [
        [
          0.7631874298540965,
          0.2143658810325477,
          0.02244668911335578
        ],
        [
          0.09762532981530343,
          0.7176781002638523,
          0.18469656992084432
        ],
        [
          0.00612383760489907,
          0.10161034248128828,
          0.8922658199138127
        ]
      ],
      "fold": 1,
      "train_time_sec": 28.371573583994177,
      "epochs_ran": 11
    },
    {
      "f1_macro": 0.7679800737896082,
      "recall_neg": 0.801123595505618,
      "precision_pos": 0.9529439583825964,
      "confusion_matrix": [
        [
          0.801123595505618,
          0.16853932584269662,
          0.030337078651685393
        ],
        [
          0.1424802110817942,
          0.6306068601583114,
          0.22691292875989447
        ],
        [
          0.005670220004536176,
          0.08029031526423225,
          0.9140394647312315
        ]
      ],
      "fold": 2,
      "train_time_sec": 28.562608425010694,
      "epochs_ran": 12
    },
    {
      "f1_macro": 0.7509519335356251,
      "recall_neg": 0.7808988764044944,
      "precision_pos": 0.9493032196059586,
      "confusion_matrix": [
        [
          0.7808988764044944,
          0.1898876404494382,
          0.029213483146067417
        ],
        [
          0.1279683377308707,
          0.6279683377308707,
          0.24406332453825857
        ],
        [
          0.007938308006350647,
          0.0959401224767521,
          0.8961215695168973
        ]
      ],
      "fold": 3,
      "train_time_sec": 25.502019299005042,
      "epochs_ran": 10
    }
  ],
  "mean_f1_macro": 0.7617832702860166,
  "mean_recall_neg": 0.7817366339214029,
  "mean_precision_pos": 0.9543885317281505,
  "mean_epochs_ran": 11.0
}