{
  "accuracy": [
    0.3881964385509491,
    0.7785390019416809,
    0.8513413071632385,
    0.8884853720664978,
    0.9214197397232056,
    0.9399092197418213,
    0.9515476822853088,
    0.9654147624969482,
    0.9757325649261475,
    0.9800247550010681
  ],
  "loss": [
    1.1031577587127686,
    0.7288536429405212,
    0.49684152007102966,
    0.35247406363487244,
    0.25523361563682556,
    0.18727901577949524,
    0.14711925387382507,
    0.10871320962905884,
    0.07494913041591644,
    0.0599670484662056
  ],
  "val_accuracy": [
    0.6849925518035889,
    0.8068350553512573,
    0.8124483823776245,
    0.8340762853622437,
    0.8657751083374023,
    0.8702327609062195,
    0.8632986545562744,
    0.8609873056411743,
    0.8636288642883301,
    0.8741951584815979
  ],
  "val_loss": [
    0.803238034248352,
    0.49995025992393494,
    0.44816017150878906,
    0.4058299660682678,
    0.35526302456855774,
    0.3654017746448517,
    0.3997717499732971,
    0.43389493227005005,
    0.4346379041671753,
    0.4278644025325775
  ],
  "learning_rate": [
    0.0005000000237487257,
    0.0005000000237487257,
    0.0005000000237487257,
    0.0005000000237487257,
    0.0005000000237487257,
    0.0005000000237487257,
    0.0005000000237487257,
    0.0005000000237487257,
    0.0002500000118743628,
    0.0002500000118743628
  ]
}