{
  "accuracy": [
    0.39962026476860046,
    0.7349348068237305,
    0.8249133229255676,
    0.8548786640167236,
    0.8879808783531189,
    0.9200099110603333,
    0.934290885925293,
    0.9530295729637146,
    0.9641736745834351,
    0.9702823162078857,
    0.9783721566200256,
    0.9824995994567871
  ],
  "loss": [
    1.1297873258590698,
    0.9183678030967712,
    0.6610209345817566,
    0.4819221496582031,
    0.3486967384815216,
    0.24838930368423462,
    0.19358015060424805,
    0.1423218548297882,
    0.10593308508396149,
    0.09134389460086823,
    0.06888551265001297,
    0.05962660163640976
  ],
  "val_accuracy": [
    0.7821062803268433,
    0.7873885631561279,
    0.8433476686477661,
    0.8308022618293762,
    0.8489600419998169,
    0.868768572807312,
    0.8790029883384705,
    0.8671178817749023,
    0.8775173425674438,
    0.8823043704032898,
    0.8753713965415955,
    0.8823043704032898
  ],
  "val_loss": [
    0.8888839483261108,
    0.7308652400970459,
    0.44974765181541443,
    0.43327903747558594,
    0.38845202326774597,
    0.36032935976982117,
    0.35277023911476135,
    0.4016936719417572,
    0.3985190987586975,
    0.3990378677845001,
    0.4324774742126465,
    0.4266406297683716
  ],
  "learning_rate": [
    0.0005000000237487257,
    0.0005000000237487257,
    0.0005000000237487257,
    0.0005000000237487257,
    0.0005000000237487257,
    0.0005000000237487257,
    0.0005000000237487257,
    0.0005000000237487257,
    0.0005000000237487257,
    0.0005000000237487257,
    0.0002500000118743628,
    0.0002500000118743628
  ]
}