{
  "f1_macro": 0.7942437118357307,
  "recall_neg": 0.8125701459034792,
  "precision_pos": 0.9547046462759747,
  "confusion_matrix": [
    [
      0.8125701459034792,
      0.16161616161616163,
      0.025813692480359147
    ],
    [
      0.09894459102902374,
      0.6754617414248021,
      0.22559366754617413
    ],
    [
      0.00839192560671354,
      0.06418689045134951,
      0.927421183941937
    ]
  ],
  "fold": 1,
  "train_time_sec": 42.55490515400015,
  "epochs_ran": 12
}