{
  "f1_macro": 0.7686879141410975,
  "recall_neg": 0.7719101123595505,
  "precision_pos": 0.9667905824039653,
  "confusion_matrix": [
    [
      0.7719101123595505,
      0.20561797752808988,
      0.02247191011235955
    ],
    [
      0.10686015831134564,
      0.7427440633245382,
      0.1503957783641161
    ],
    [
      0.006804264005443411,
      0.10841460648673168,
      0.884781129507825
    ]
  ],
  "fold": 3,
  "train_time_sec": 40.825625993005815,
  "epochs_ran": 12
}