{
  "f1_macro": 0.7821651092299565,
  "recall_neg": 0.8269662921348314,
  "precision_pos": 0.9621504339440694,
  "confusion_matrix": [
    [
      0.8269662921348314,
      0.15393258426966291,
      0.019101123595505618
    ],
    [
      0.13324538258575197,
      0.6820580474934037,
      0.18469656992084432
    ],
    [
      0.004762984803810388,
      0.09004309367203447,
      0.9051939215241551
    ]
  ],
  "fold": 2,
  "train_time_sec": 33.59526938300405,
  "epochs_ran": 10
}