{
  "accuracy": [
    0.35047462582588196,
    0.8012381196022034,
    0.8006603121757507,
    0.8685101270675659,
    0.9040033221244812,
    0.9272802472114563,
    0.9421378374099731,
    0.9513000249862671,
    0.9687989950180054,
    0.9739166498184204,
    0.9791993498802185,
    0.9837391376495361
  ],
  "loss": [
    1.1050667762756348,
    0.7715901136398315,
    0.6260387301445007,
    0.43610626459121704,
    0.3180244565010071,
    0.24137625098228455,
    0.18885482847690582,
    0.15068896114826202,
    0.10915221273899078,
    0.09501071274280548,
    0.07526426762342453,
    0.06201498955488205
  ],
  "val_accuracy": [
    0.7282482981681824,
    0.8306092023849487,
    0.7893346548080444,
    0.839524507522583,
    0.7992405295372009,
    0.8320950865745544,
    0.8504210114479065,
    0.856694757938385,
    0.8631335496902466,
    0.8517417907714844,
    0.8641241788864136,
    0.8725441694259644
  ],
  "val_loss": [
    0.9236471652984619,
    0.469560444355011,
    0.562880277633667,
    0.42266005277633667,
    0.5044946074485779,
    0.4359574019908905,
    0.40195590257644653,
    0.409483939409256,
    0.41300272941589355,
    0.44108226895332336,
    0.44016703963279724,
    0.4265218675136566
  ],
  "learning_rate": [
    0.0005000000237487257,
    0.0005000000237487257,
    0.0005000000237487257,
    0.0005000000237487257,
    0.0005000000237487257,
    0.0005000000237487257,
    0.0005000000237487257,
    0.0005000000237487257,
    0.0005000000237487257,
    0.0005000000237487257,
    0.0002500000118743628,
    0.0002500000118743628
  ]
}