{
  "folds": [
    {
      "f1_macro": 0.7942437118357307,
      "recall_neg": 0.8125701459034792,
      "precision_pos": 0.9547046462759747,
      "confusion_matrix": [
        [
          0.8125701459034792,
          0.16161616161616163,
          0.025813692480359147
        ],
        [
          0.09894459102902374,
          0.6754617414248021,
          0.22559366754617413
        ],
        [
          0.00839192560671354,
          0.06418689045134951,
          0.927421183941937
        ]
      ],
      "fold": 1,
      "train_time_sec": 42.55490515400015,
      "epochs_ran": 12
    },
    {
      "f1_macro": 0.7821651092299565,
      "recall_neg": 0.8269662921348314,
      "precision_pos": 0.9621504339440694,
      "confusion_matrix": [
        [
          0.8269662921348314,
          0.15393258426966291,
          0.019101123595505618
        ],
        [
          0.13324538258575197,
          0.6820580474934037,
          0.18469656992084432
        ],
        [
          0.004762984803810388,
          0.09004309367203447,
          0.9051939215241551
        ]
      ],
      "fold": 2,
      "train_time_sec": 33.59526938300405,
      "epochs_ran": 10
    },
    {
      "f1_macro": 0.7686879141410975,
      "recall_neg": 0.7719101123595505,
      "precision_pos": 0.9667905824039653,
      "confusion_matrix": [
        [
          0.7719101123595505,
          0.20561797752808988,
          0.02247191011235955
        ],
        [
          0.10686015831134564,
          0.7427440633245382,
          0.1503957783641161
        ],
        [
          0.006804264005443411,
          0.10841460648673168,
          0.884781129507825
        ]
      ],
      "fold": 3,
      "train_time_sec": 40.825625993005815,
      "epochs_ran": 12
    }
  ],
  "mean_f1_macro": 0.7816989117355949,
  "mean_recall_neg": 0.8038155167992871,
  "mean_precision_pos": 0.9612152208746698,
  "mean_epochs_ran": 11.333333333333334
}