{
  "accuracy": [
    0.519025981426239,
    0.8158481121063232,
    0.9044985771179199,
    0.9178704023361206,
    0.9774659276008606,
    0.987123429775238,
    0.9924886226654053,
    0.9947172999382019,
    0.9980189800262451
  ],
  "loss": [
    1.0835191011428833,
    0.6973298788070679,
    0.3878892958164215,
    0.2616032660007477,
    0.10078504681587219,
    0.059448882937431335,
    0.03876350075006485,
    0.026287997141480446,
    0.015670092776417732
  ],
  "val_accuracy": [
    0.6729403734207153,
    0.8258213400840759,
    0.8190523386001587,
    0.8778272867202759,
    0.8502559065818787,
    0.881129264831543,
    0.8746904134750366,
    0.870728075504303,
    0.881129264831543
  ],
  "val_loss": [
    0.8901429772377014,
    0.5304355025291443,
    0.48312342166900635,
    0.3566923141479492,
    0.41746312379837036,
    0.37411388754844666,
    0.4341188371181488,
    0.4153779149055481,
    0.41812047362327576
  ],
  "learning_rate": [
    0.0005000000237487257,
    0.0005000000237487257,
    0.0005000000237487257,
    0.0005000000237487257,
    0.0005000000237487257,
    0.0005000000237487257,
    0.0005000000237487257,
    0.0002500000118743628,
    0.0002500000118743628
  ]
}