{
  "accuracy": [
    0.5072224736213684,
    0.7461824417114258,
    0.8904663920402527,
    0.9330582022666931,
    0.9721006751060486,
    0.9893520474433899,
    0.9932315349578857,
    0.9979364275932312,
    0.9988443851470947,
    0.9992571473121643
  ],
  "loss": [
    1.090937852859497,
    0.781373143196106,
    0.44632580876350403,
    0.2365514039993286,
    0.11711880564689636,
    0.05123155564069748,
    0.03124089352786541,
    0.016114579513669014,
    0.011442926712334156,
    0.00893076229840517
  ],
  "val_accuracy": [
    0.541522204875946,
    0.7891695499420166,
    0.8629684448242188,
    0.845302939414978,
    0.8735347390174866,
    0.876506507396698,
    0.8736998438835144,
    0.8748555183410645,
    0.8814594745635986,
    0.8768367171287537
  ],
  "val_loss": [
    1.06192147731781,
    0.6443052887916565,
    0.4059901833534241,
    0.4294591248035431,
    0.3728882372379303,
    0.3809460699558258,
    0.3912070691585541,
    0.4147125780582428,
    0.4122404158115387,
    0.4224005937576294
  ],
  "learning_rate": [
    0.0005000000237487257,
    0.0005000000237487257,
    0.0005000000237487257,
    0.0005000000237487257,
    0.0005000000237487257,
    0.0005000000237487257,
    0.0005000000237487257,
    0.0005000000237487257,
    0.0002500000118743628,
    0.0002500000118743628
  ]
}