{
  "f1_macro": 0.7572154071324532,
  "recall_neg": 0.851685393258427,
  "precision_pos": 0.9396124380351509,
  "confusion_matrix": [
    [
      0.851685393258427,
      0.10561797752808989,
      0.04269662921348315
    ],
    [
      0.21767810026385223,
      0.4788918205804749,
      0.3034300791556728
    ],
    [
      0.01995917441596734,
      0.0342481288273985,
      0.9457926967566341
    ]
  ],
  "fold": 3,
  "train_time_sec": 34.73767746899102,
  "epochs_ran": 10
}