{
  "accuracy": [
    0.38723790645599365,
    0.758626401424408,
    0.8779098391532898,
    0.9452699422836304,
    0.9759781956672668,
    0.9905893802642822,
    0.9939739108085632,
    0.9979362487792969,
    0.997606098651886,
    0.997606098651886,
    0.9995872378349304
  ],
  "loss": [
    1.1274170875549316,
    0.8209439516067505,
    0.44961556792259216,
    0.21900004148483276,
    0.09612251073122025,
    0.04859878122806549,
    0.02926374040544033,
    0.01762973703444004,
    0.015370029024779797,
    0.013632876798510551,
    0.007178674452006817
  ],
  "val_accuracy": [
    0.5836910009384155,
    0.8060415983200073,
    0.8397160768508911,
    0.8169362545013428,
    0.8339385986328125,
    0.8591944575309753,
    0.8643116354942322,
    0.8567183613777161,
    0.8567183613777161,
    0.869263768196106,
    0.8611752986907959
  ],
  "val_loss": [
    0.9837027192115784,
    0.5830931067466736,
    0.4666523039340973,
    0.46987298130989075,
    0.4515480697154999,
    0.4079066812992096,
    0.4210768938064575,
    0.44018855690956116,
    0.47147876024246216,
    0.45366576313972473,
    0.47335299849510193
  ],
  "learning_rate": [
    0.0005000000237487257,
    0.0005000000237487257,
    0.0005000000237487257,
    0.0005000000237487257,
    0.0005000000237487257,
    0.0005000000237487257,
    0.0005000000237487257,
    0.0005000000237487257,
    0.0005000000237487257,
    0.0002500000118743628,
    0.0002500000118743628
  ]
}