{
  "f1_macro": 0.7269861726856383,
  "recall_neg": 0.7407407407407407,
  "precision_pos": 0.9258605472197705,
  "confusion_matrix": [
    [
      0.7407407407407407,
      0.17845117845117844,
      0.08080808080808081
    ],
    [
      0.19129287598944592,
      0.4604221635883905,
      0.3482849604221636
    ],
    [
      0.017464277613971423,
      0.030845996824676796,
      0.9516897255613518
    ]
  ],
  "fold": 1,
  "train_time_sec": 41.65850813499128,
  "epochs_ran": 11
}