{
  "f1_macro": 0.7586206999011051,
  "recall_neg": 0.8426966292134831,
  "precision_pos": 0.9270216962524654,
  "confusion_matrix": [
    [
      0.8426966292134831,
      0.09550561797752809,
      0.06179775280898876
    ],
    [
      0.18865435356200527,
      0.4445910290237467,
      0.36675461741424803
    ],
    [
      0.012701292810161035,
      0.027897482422317987,
      0.959401224767521
    ]
  ],
  "fold": 2,
  "train_time_sec": 33.841572359000565,
  "epochs_ran": 9
}