{
  "folds": [
    {
      "f1_macro": 0.7269861726856383,
      "recall_neg": 0.7407407407407407,
      "precision_pos": 0.9258605472197705,
      "confusion_matrix": [
        [
          0.7407407407407407,
          0.17845117845117844,
          0.08080808080808081
        ],
        [
          0.19129287598944592,
          0.4604221635883905,
          0.3482849604221636
        ],
        [
          0.017464277613971423,
          0.030845996824676796,
          0.9516897255613518
        ]
      ],
      "fold": 1,
      "train_time_sec": 41.65850813499128,
      "epochs_ran": 11
    },
    {
      "f1_macro": 0.7586206999011051,
      "recall_neg": 0.8426966292134831,
      "precision_pos": 0.9270216962524654,
      "confusion_matrix": [
        [
          0.8426966292134831,
          0.09550561797752809,
          0.06179775280898876
        ],
        [
          0.18865435356200527,
          0.4445910290237467,
          0.36675461741424803
        ],
        [
          0.012701292810161035,
          0.027897482422317987,
          0.959401224767521
        ]
      ],
      "fold": 2,
      "train_time_sec": 33.841572359000565,
      "epochs_ran": 9
    },
    {
      "f1_macro": 0.7572154071324532,
      "recall_neg": 0.851685393258427,
      "precision_pos": 0.9396124380351509,
      "confusion_matrix": [
        [
          0.851685393258427,
          0.10561797752808989,
          0.04269662921348315
        ],
        [
          0.21767810026385223,
          0.4788918205804749,
          0.3034300791556728
        ],
        [
          0.01995917441596734,
          0.0342481288273985,
          0.9457926967566341
        ]
      ],
      "fold": 3,
      "train_time_sec": 34.73767746899102,
      "epochs_ran": 10
    }
  ],
  "mean_f1_macro": 0.7476074265730656,
  "mean_recall_neg": 0.8117075877375503,
  "mean_precision_pos": 0.9308315605024623,
  "mean_epochs_ran": 10.0
}