{
  "f1_macro": 0.7902546116794267,
  "recall_neg": 0.8282828282828283,
  "precision_pos": 0.9617864819679962,
  "confusion_matrix": [
    [
      0.8282828282828283,
      0.15151515151515152,
      0.020202020202020204
    ],
    [
      0.12137203166226913,
      0.6912928759894459,
      0.18733509234828497
    ],
    [
      0.009299160807439328,
      0.07734180086187344,
      0.9133590383306872
    ]
  ],
  "fold": 1,
  "train_time_sec": 34.00642385300307,
  "epochs_ran": 12
}