{
  "accuracy": [
    0.3780437409877777,
    0.7947173118591309,
    0.8501856923103333,
    0.8709864020347595,
    0.9020223021507263,
    0.9257944822311401,
    0.945769727230072,
    0.9584811925888062,
    0.9673132300376892,
    0.9758976697921753
  ],
  "loss": [
    1.1014528274536133,
    0.8040980100631714,
    0.5976384878158569,
    0.4195786118507385,
    0.2952292263507843,
    0.20823049545288086,
    0.1496068239212036,
    0.11971103399991989,
    0.08860142529010773,
    0.07138167321681976
  ],
  "val_accuracy": [
    0.784216582775116,
    0.7678718566894531,
    0.8213636875152588,
    0.8210335373878479,
    0.8651147484779358,
    0.8517417907714844,
    0.8555390238761902,
    0.8578504323959351,
    0.8459633588790894,
    0.8604919910430908
  ],
  "val_loss": [
    0.8285050392150879,
    0.635479748249054,
    0.48908472061157227,
    0.4449734687805176,
    0.3657386302947998,
    0.41631606221199036,
    0.4137841761112213,
    0.43091943860054016,
    0.4622695744037628,
    0.45552316308021545
  ],
  "learning_rate": [
    0.0005000000237487257,
    0.0005000000237487257,
    0.0005000000237487257,
    0.0005000000237487257,
    0.0005000000237487257,
    0.0005000000237487257,
    0.0005000000237487257,
    0.0005000000237487257,
    0.0002500000118743628,
    0.0002500000118743628
  ]
}