{
  "f1_macro": 0.7827922174349283,
  "recall_neg": 0.8213483146067416,
  "precision_pos": 0.9643809062272838,
  "confusion_matrix": [
    [
      0.8213483146067416,
      0.16404494382022472,
      0.014606741573033709
    ],
    [
      0.12532981530343007,
      0.6978891820580475,
      0.17678100263852242
    ],
    [
      0.005443411204354729,
      0.09185756407348605,
      0.9026990247221592
    ]
  ],
  "fold": 3,
  "train_time_sec": 29.236090583988698,
  "epochs_ran": 10
}