{
  "accuracy": [
    0.3894667327404022,
    0.7384018301963806,
    0.8074954748153687,
    0.8509988188743591,
    0.8850091099739075,
    0.9217434525489807,
    0.9435364007949829,
    0.9582301378250122,
    0.966402530670166,
    0.9769688248634338,
    0.9840680360794067,
    0.9873700141906738
  ],
  "loss": [
    1.1221177577972412,
    0.8954634070396423,
    0.6669900417327881,
    0.4556381106376648,
    0.33860304951667786,
    0.24917002022266388,
    0.17077240347862244,
    0.12829631567001343,
    0.10204729437828064,
    0.07351841777563095,
    0.05254809185862541,
    0.042884159833192825
  ],
  "val_accuracy": [
    0.7621327042579651,
    0.807692289352417,
    0.8317926526069641,
    0.8332782983779907,
    0.8303070068359375,
    0.8631561398506165,
    0.873060405254364,
    0.8791680335998535,
    0.8761967420578003,
    0.8824694752693176,
    0.8758666515350342,
    0.8826345205307007
  ],
  "val_loss": [
    0.8300149440765381,
    0.5744854807853699,
    0.4824979901313782,
    0.4140978455543518,
    0.4259873032569885,
    0.380630224943161,
    0.3682473301887512,
    0.39807814359664917,
    0.3972882628440857,
    0.4121893346309662,
    0.43517005443573,
    0.43803074955940247
  ],
  "learning_rate": [
    0.0005000000237487257,
    0.0005000000237487257,
    0.0005000000237487257,
    0.0005000000237487257,
    0.0005000000237487257,
    0.0005000000237487257,
    0.0005000000237487257,
    0.0005000000237487257,
    0.0005000000237487257,
    0.0005000000237487257,
    0.0002500000118743628,
    0.0002500000118743628
  ]
}