{
  "accuracy": [
    0.3273627758026123,
    0.7493190169334412,
    0.834089994430542,
    0.8623194098472595,
    0.8967396020889282,
    0.9284358024597168,
    0.9462649822235107,
    0.9543541073799133,
    0.9706974625587463,
    0.9793643951416016,
    0.983656644821167
  ],
  "loss": [
    1.1304504871368408,
    0.8716553449630737,
    0.6410195231437683,
    0.4586468040943146,
    0.3253460228443146,
    0.2240997552871704,
    0.16996808350086212,
    0.14223545789718628,
    0.09696934372186661,
    0.06916983425617218,
    0.05607159063220024
  ],
  "val_accuracy": [
    0.7954432964324951,
    0.7992405295372009,
    0.8131088018417358,
    0.8464586138725281,
    0.8302789926528931,
    0.8654449582099915,
    0.8540531396865845,
    0.8528974652290344,
    0.8743602633476257,
    0.8831104636192322,
    0.8816245794296265
  ],
  "val_loss": [
    0.6774904131889343,
    0.5774588584899902,
    0.5199488997459412,
    0.37979429960250854,
    0.42085179686546326,
    0.3580732047557831,
    0.4030553698539734,
    0.4208504855632782,
    0.3892926871776581,
    0.3929615616798401,
    0.4173037111759186
  ],
  "learning_rate": [
    0.0005000000237487257,
    0.0005000000237487257,
    0.0005000000237487257,
    0.0005000000237487257,
    0.0005000000237487257,
    0.0005000000237487257,
    0.0005000000237487257,
    0.0005000000237487257,
    0.0005000000237487257,
    0.0002500000118743628,
    0.0002500000118743628
  ]
}