{
  "f1_macro": 0.782894470270433,
  "recall_neg": 0.8179775280898877,
  "precision_pos": 0.9641906605371401,
  "confusion_matrix": [
    [
      0.8179775280898877,
      0.16741573033707866,
      0.014606741573033709
    ],
    [
      0.12401055408970976,
      0.6978891820580475,
      0.17810026385224276
    ],
    [
      0.004536176003628941,
      0.09163075527330461,
      0.9038330687230665
    ]
  ],
  "fold": 2,
  "train_time_sec": 30.31265910899674,
  "epochs_ran": 11
}