{
  "folds": [
    {
      "f1_macro": 0.7902546116794267,
      "recall_neg": 0.8282828282828283,
      "precision_pos": 0.9617864819679962,
      "confusion_matrix": [
        [
          0.8282828282828283,
          0.15151515151515152,
          0.020202020202020204
        ],
        [
          0.12137203166226913,
          0.6912928759894459,
          0.18733509234828497
        ],
        [
          0.009299160807439328,
          0.07734180086187344,
          0.9133590383306872
        ]
      ],
      "fold": 1,
      "train_time_sec": 34.00642385300307,
      "epochs_ran": 12
    },
    {
      "f1_macro": 0.782894470270433,
      "recall_neg": 0.8179775280898877,
      "precision_pos": 0.9641906605371401,
      "confusion_matrix": [
        [
          0.8179775280898877,
          0.16741573033707866,
          0.014606741573033709
        ],
        [
          0.12401055408970976,
          0.6978891820580475,
          0.17810026385224276
        ],
        [
          0.004536176003628941,
          0.09163075527330461,
          0.9038330687230665
        ]
      ],
      "fold": 2,
      "train_time_sec": 30.31265910899674,
      "epochs_ran": 11
    },
    {
      "f1_macro": 0.7827922174349283,
      "recall_neg": 0.8213483146067416,
      "precision_pos": 0.9643809062272838,
      "confusion_matrix": [
        [
          0.8213483146067416,
          0.16404494382022472,
          0.014606741573033709
        ],
        [
          0.12532981530343007,
          0.6978891820580475,
          0.17678100263852242
        ],
        [
          0.005443411204354729,
          0.09185756407348605,
          0.9026990247221592
        ]
      ],
      "fold": 3,
      "train_time_sec": 29.236090583988698,
      "epochs_ran": 10
    }
  ],
  "mean_f1_macro": 0.785313766461596,
  "mean_recall_neg": 0.8225362236598192,
  "mean_precision_pos": 0.9634526829108067,
  "mean_epochs_ran": 11.0
}