{
  "f1_macro": 0.2980640026389741,
  "recall_neg": 0.5308641975308642,
  "precision_pos": 0.7503229974160207,
  "confusion_matrix": [
    [
      0.5308641975308642,
      0.008978675645342313,
      0.4601571268237935
    ],
    [
      0.5065963060686016,
      0.014511873350923483,
      0.4788918205804749
    ],
    [
      0.4724427307779542,
      0.0006804264005443411,
      0.5268768428215015
    ]
  ],
  "fold": 1,
  "train_time_sec": 35.25837624700216,
  "epochs_ran": 8
}