{
  "accuracy": [
    0.2737928330898285,
    0.27238959074020386,
    0.2684275805950165,
    0.26537349820137024,
    0.2700784206390381,
    0.2717292606830597,
    0.2660338282585144,
    0.2357408106327057,
    0.23805199563503265,
    0.24779199063777924,
    0.26215434074401855,
    0.3285183608531952,
    0.27924060821533203,
    0.32670244574546814,
    0.27115145325660706,
    0.32381346821784973
  ],
  "loss": [
    1.184346079826355,
    1.1787960529327393,
    1.1598352193832397,
    1.173272967338562,
    1.1694973707199097,
    1.1648746728897095,
    1.1631059646606445,
    1.1576334238052368,
    1.149945616722107,
    1.1486988067626953,
    1.1475549936294556,
    1.139299988746643,
    1.1424885988235474,
    1.1481835842132568,
    1.132934808731079,
    1.1312997341156006
  ],
  "val_accuracy": [
    0.12563975155353546,
    0.2473171502351761,
    0.26811954379081726,
    0.148093119263649,
    0.14363546669483185,
    0.23377910256385803,
    0.14891861379146576,
    0.15750370919704437,
    0.23097242414951324,
    0.15354135632514954,
    0.40762755274772644,
    0.3120356500148773,
    0.3090638816356659,
    0.16361235082149506,
    0.20686808228492737,
    0.3054317235946655
  ],
  "val_loss": [
    1.2280018329620361,
    1.1506894826889038,
    1.1317622661590576,
    1.1722426414489746,
    1.1398659944534302,
    1.1350494623184204,
    1.1529936790466309,
    1.1291759014129639,
    1.1110197305679321,
    1.1206557750701904,
    1.1107701063156128,
    1.128068447113037,
    1.11813223361969,
    1.1331307888031006,
    1.1334253549575806,
    1.1268812417984009
  ],
  "learning_rate": [
    0.0005000000237487257,
    0.0005000000237487257,
    0.0005000000237487257,
    0.0005000000237487257,
    0.0005000000237487257,
    0.0005000000237487257,
    0.0002500000118743628,
    0.0002500000118743628,
    0.0002500000118743628,
    0.0002500000118743628,
    0.0002500000118743628,
    0.0002500000118743628,
    0.0002500000118743628,
    0.0002500000118743628,
    0.0001250000059371814,
    0.0001250000059371814
  ]
}