{
  "f1_macro": 0.3240867410758304,
  "recall_neg": 0.349438202247191,
  "precision_pos": 0.7530238002341006,
  "confusion_matrix": [
    [
      0.349438202247191,
      0.27415730337078653,
      0.37640449438202245
    ],
    [
      0.30606860158311344,
      0.3007915567282322,
      0.39313984168865435
    ],
    [
      0.2646858698117487,
      0.2975731458380585,
      0.43774098435019276
    ]
  ],
  "fold": 3,
  "train_time_sec": 60.40191750200029,
  "epochs_ran": 16
}