{
  "f1_macro": 0.18778833215893787,
  "recall_neg": 0.8269662921348314,
  "precision_pos": 0.7330275229357798,
  "confusion_matrix": [
    [
      0.8269662921348314,
      0.008988764044943821,
      0.16404494382022472
    ],
    [
      0.7981530343007915,
      0.010554089709762533,
      0.19129287598944592
    ],
    [
      0.8176457246541166,
      0.0011340440009072353,
      0.1812202313449762
    ]
  ],
  "fold": 2,
  "train_time_sec": 50.517937839002116,
  "epochs_ran": 13
}