{
  "accuracy": [
    0.2758563756942749,
    0.2595129907131195,
    0.26017335057258606,
    0.27313247323036194,
    0.2226991355419159,
    0.28089144825935364,
    0.2550557255744934,
    0.22988031804561615,
    0.25447791814804077,
    0.2778373956680298,
    0.27932316064834595,
    0.34222039580345154,
    0.2812216281890869
  ],
  "loss": [
    1.1744197607040405,
    1.1656289100646973,
    1.1648521423339844,
    1.1557557582855225,
    1.1566957235336304,
    1.1496297121047974,
    1.1493068933486938,
    1.1494619846343994,
    1.1476500034332275,
    1.144199252128601,
    1.142408013343811,
    1.1329666376113892,
    1.1377586126327515
  ],
  "val_accuracy": [
    0.36635297536849976,
    0.2933795750141144,
    0.14924880862236023,
    0.26234108209609985,
    0.15255077183246613,
    0.14990919828414917,
    0.14776292443275452,
    0.25474658608436584,
    0.15139508247375488,
    0.1528809666633606,
    0.34158825874328613,
    0.3042760491371155,
    0.25672775506973267
  ],
  "val_loss": [
    1.1253576278686523,
    1.1735228300094604,
    1.1656584739685059,
    1.2197444438934326,
    1.110206961631775,
    1.1247565746307373,
    1.1366337537765503,
    1.1034653186798096,
    1.1361323595046997,
    1.1447185277938843,
    1.1272876262664795,
    1.1520417928695679,
    1.1181679964065552
  ],
  "learning_rate": [
    0.0005000000237487257,
    0.0005000000237487257,
    0.0005000000237487257,
    0.0005000000237487257,
    0.0002500000118743628,
    0.0002500000118743628,
    0.0002500000118743628,
    0.0002500000118743628,
    0.0002500000118743628,
    0.0002500000118743628,
    0.0002500000118743628,
    0.0001250000059371814,
    0.0001250000059371814
  ]
}