{
  "accuracy": [
    0.2455010712146759,
    0.25804853439331055,
    0.266798734664917,
    0.24112597107887268,
    0.2289087027311325,
    0.2726597189903259,
    0.25326070189476013,
    0.219415545463562
  ],
  "loss": [
    1.1761261224746704,
    1.1692155599594116,
    1.162590503692627,
    1.164178490638733,
    1.1609324216842651,
    1.1608811616897583,
    1.1548982858657837,
    1.1513632535934448
  ],
  "val_accuracy": [
    0.1452624648809433,
    0.37173983454704285,
    0.463354229927063,
    0.1495543122291565,
    0.15153515338897705,
    0.3553978204727173,
    0.1498844474554062,
    0.21822383999824524
  ],
  "val_loss": [
    1.1888759136199951,
    1.1719310283660889,
    1.0699540376663208,
    1.1280328035354614,
    1.1402150392532349,
    1.0946136713027954,
    1.1469652652740479,
    1.1079962253570557
  ],
  "learning_rate": [
    0.0005000000237487257,
    0.0005000000237487257,
    0.0005000000237487257,
    0.0005000000237487257,
    0.0005000000237487257,
    0.0005000000237487257,
    0.0002500000118743628,
    0.0002500000118743628
  ]
}