{
  "folds": [
    {
      "f1_macro": 0.2980640026389741,
      "recall_neg": 0.5308641975308642,
      "precision_pos": 0.7503229974160207,
      "confusion_matrix": [
        [
          0.5308641975308642,
          0.008978675645342313,
          0.4601571268237935
        ],
        [
          0.5065963060686016,
          0.014511873350923483,
          0.4788918205804749
        ],
        [
          0.4724427307779542,
          0.0006804264005443411,
          0.5268768428215015
        ]
      ],
      "fold": 1,
      "train_time_sec": 35.25837624700216,
      "epochs_ran": 8
    },
    {
      "f1_macro": 0.18778833215893787,
      "recall_neg": 0.8269662921348314,
      "precision_pos": 0.7330275229357798,
      "confusion_matrix": [
        [
          0.8269662921348314,
          0.008988764044943821,
          0.16404494382022472
        ],
        [
          0.7981530343007915,
          0.010554089709762533,
          0.19129287598944592
        ],
        [
          0.8176457246541166,
          0.0011340440009072353,
          0.1812202313449762
        ]
      ],
      "fold": 2,
      "train_time_sec": 50.517937839002116,
      "epochs_ran": 13
    },
    {
      "f1_macro": 0.3240867410758304,
      "recall_neg": 0.349438202247191,
      "precision_pos": 0.7530238002341006,
      "confusion_matrix": [
        [
          0.349438202247191,
          0.27415730337078653,
          0.37640449438202245
        ],
        [
          0.30606860158311344,
          0.3007915567282322,
          0.39313984168865435
        ],
        [
          0.2646858698117487,
          0.2975731458380585,
          0.43774098435019276
        ]
      ],
      "fold": 3,
      "train_time_sec": 60.40191750200029,
      "epochs_ran": 16
    }
  ],
  "mean_f1_macro": 0.2699796919579141,
  "mean_recall_neg": 0.5690895639709622,
  "mean_precision_pos": 0.745458106861967,
  "mean_epochs_ran": 12.333333333333334
}