{
  "f1_macro": 0.7717497302389553,
  "recall_neg": 0.7227833894500562,
  "precision_pos": 0.9564071856287425,
  "confusion_matrix": [
    [
      0.7227833894500562,
      0.244668911335578,
      0.03254769921436588
    ],
    [
      0.059366754617414245,
      0.7387862796833773,
      0.20184696569920843
    ],
    [
      0.004309367203447494,
      0.09004309367203447,
      0.905647539124518
    ]
  ],
  "fold": 1,
  "train_time_sec": 37.09430202598742,
  "epochs_ran": 12
}