{
  "f1_macro": 0.7787284967426843,
  "recall_neg": 0.7595505617977528,
  "precision_pos": 0.9538606403013182,
  "confusion_matrix": [
    [
      0.7595505617977528,
      0.21348314606741572,
      0.02696629213483146
    ],
    [
      0.08311345646437995,
      0.6899736147757256,
      0.22691292875989447
    ],
    [
      0.0024948968019959175,
      0.07847584486278067,
      0.9190292583352234
    ]
  ],
  "fold": 2,
  "train_time_sec": 32.40548842000135,
  "epochs_ran": 11
}