{
  "accuracy": [
    0.3816756010055542,
    0.785472571849823,
    0.8242674469947815,
    0.8531572222709656,
    0.881304144859314,
    0.9031778573989868,
    0.9216673374176025,
    0.9301692247390747,
    0.9427981972694397,
    0.9564176797866821,
    0.9607098698616028
  ],
  "loss": [
    1.0947797298431396,
    0.8381853103637695,
    0.6353552341461182,
    0.4910549521446228,
    0.38757815957069397,
    0.31367170810699463,
    0.250472754240036,
    0.22340303659439087,
    0.1902957707643509,
    0.1465858668088913,
    0.13351091742515564
  ],
  "val_accuracy": [
    0.7734852433204651,
    0.7999009490013123,
    0.8236750960350037,
    0.844147264957428,
    0.8436519503593445,
    0.8669308423995972,
    0.8662704229354858,
    0.8451378345489502,
    0.8745253682136536,
    0.8669308423995972,
    0.8793131709098816
  ],
  "val_loss": [
    0.8273516893386841,
    0.6523130536079407,
    0.4748682379722595,
    0.41240060329437256,
    0.4026547968387604,
    0.3615388870239258,
    0.38677191734313965,
    0.4587070643901825,
    0.3677760362625122,
    0.40768924355506897,
    0.38638654351234436
  ],
  "learning_rate": [
    0.0005000000237487257,
    0.0005000000237487257,
    0.0005000000237487257,
    0.0005000000237487257,
    0.0005000000237487257,
    0.0005000000237487257,
    0.0005000000237487257,
    0.0005000000237487257,
    0.0005000000237487257,
    0.0002500000118743628,
    0.0002500000118743628
  ]
}