{
  "f1_macro": 0.7570460513403776,
  "recall_neg": 0.8910112359550562,
  "precision_pos": 0.9535486913463805,
  "confusion_matrix": [
    [
      0.8910112359550562,
      0.09325842696629214,
      0.015730337078651686
    ],
    [
      0.23878627968337732,
      0.5197889182058048,
      0.24142480211081793
    ],
    [
      0.013381719210705375,
      0.06940349285552279,
      0.9172147879337719
    ]
  ],
  "fold": 3,
  "train_time_sec": 32.32300823900732,
  "epochs_ran": 11
}