{
  "accuracy": [
    0.31847450137138367,
    0.7686148285865784,
    0.815172553062439,
    0.8400198221206665,
    0.8813769221305847,
    0.9023444056510925,
    0.9243850111961365,
    0.9337130784988403,
    0.9474987387657166,
    0.956001341342926,
    0.9569919109344482,
    0.9668152332305908
  ],
  "loss": [
    1.111944317817688,
    0.816322922706604,
    0.6083317399024963,
    0.4689014256000519,
    0.36023277044296265,
    0.29198789596557617,
    0.22413788735866547,
    0.190560981631279,
    0.15214049816131592,
    0.12602491676807404,
    0.11323997378349304,
    0.09999974071979523
  ],
  "val_accuracy": [
    0.8040607571601868,
    0.7989435195922852,
    0.7702211737632751,
    0.8431825637817383,
    0.844338059425354,
    0.8458237051963806,
    0.8578738570213318,
    0.8504456877708435,
    0.848629891872406,
    0.86447674036026,
    0.8745460510253906,
    0.869263768196106
  ],
  "val_loss": [
    0.7411757707595825,
    0.6179871559143066,
    0.5430540442466736,
    0.41553568840026855,
    0.40661200881004333,
    0.4094933569431305,
    0.3939555585384369,
    0.44357240200042725,
    0.4449410140514374,
    0.4265541434288025,
    0.41982701420783997,
    0.4424034059047699
  ],
  "learning_rate": [
    0.0005000000237487257,
    0.0005000000237487257,
    0.0005000000237487257,
    0.0005000000237487257,
    0.0005000000237487257,
    0.0005000000237487257,
    0.0005000000237487257,
    0.0005000000237487257,
    0.0005000000237487257,
    0.0005000000237487257,
    0.0002500000118743628,
    0.0002500000118743628
  ]
}