{
  "accuracy": [
    0.383739173412323,
    0.7410647869110107,
    0.8334296345710754,
    0.8548906445503235,
    0.8853487372398376,
    0.8968220949172974,
    0.9167973399162292,
    0.9323152899742126,
    0.9450268149375916,
    0.9591415524482727,
    0.9630210399627686
  ],
  "loss": [
    1.1269309520721436,
    0.8709924817085266,
    0.6429886817932129,
    0.47744712233543396,
    0.36667096614837646,
    0.3203626871109009,
    0.24815019965171814,
    0.19638673961162567,
    0.15467843413352966,
    0.11385808885097504,
    0.10031139850616455
  ],
  "val_accuracy": [
    0.7439326643943787,
    0.8286280632019043,
    0.8152551054954529,
    0.8048539161682129,
    0.8309394121170044,
    0.8636288642883301,
    0.8312696218490601,
    0.8157503604888916,
    0.854548454284668,
    0.8644543290138245,
    0.868251621723175
  ],
  "val_loss": [
    0.7147765159606934,
    0.5305804014205933,
    0.48701995611190796,
    0.4735293984413147,
    0.40655291080474854,
    0.3832329511642456,
    0.4625312089920044,
    0.4781374931335449,
    0.44409799575805664,
    0.41641515493392944,
    0.42589426040649414
  ],
  "learning_rate": [
    0.0005000000237487257,
    0.0005000000237487257,
    0.0005000000237487257,
    0.0005000000237487257,
    0.0005000000237487257,
    0.0005000000237487257,
    0.0005000000237487257,
    0.0005000000237487257,
    0.0005000000237487257,
    0.0002500000118743628,
    0.0002500000118743628
  ]
}