{
  "folds": [
    {
      "f1_macro": 0.7717497302389553,
      "recall_neg": 0.7227833894500562,
      "precision_pos": 0.9564071856287425,
      "confusion_matrix": [
        [
          0.7227833894500562,
          0.244668911335578,
          0.03254769921436588
        ],
        [
          0.059366754617414245,
          0.7387862796833773,
          0.20184696569920843
        ],
        [
          0.004309367203447494,
          0.09004309367203447,
          0.905647539124518
        ]
      ],
      "fold": 1,
      "train_time_sec": 37.09430202598742,
      "epochs_ran": 12
    },
    {
      "f1_macro": 0.7787284967426843,
      "recall_neg": 0.7595505617977528,
      "precision_pos": 0.9538606403013182,
      "confusion_matrix": [
        [
          0.7595505617977528,
          0.21348314606741572,
          0.02696629213483146
        ],
        [
          0.08311345646437995,
          0.6899736147757256,
          0.22691292875989447
        ],
        [
          0.0024948968019959175,
          0.07847584486278067,
          0.9190292583352234
        ]
      ],
      "fold": 2,
      "train_time_sec": 32.40548842000135,
      "epochs_ran": 11
    },
    {
      "f1_macro": 0.7570460513403776,
      "recall_neg": 0.8910112359550562,
      "precision_pos": 0.9535486913463805,
      "confusion_matrix": [
        [
          0.8910112359550562,
          0.09325842696629214,
          0.015730337078651686
        ],
        [
          0.23878627968337732,
          0.5197889182058048,
          0.24142480211081793
        ],
        [
          0.013381719210705375,
          0.06940349285552279,
          0.9172147879337719
        ]
      ],
      "fold": 3,
      "train_time_sec": 32.32300823900732,
      "epochs_ran": 11
    }
  ],
  "mean_f1_macro": 0.7691747594406725,
  "mean_recall_neg": 0.7911150624009551,
  "mean_precision_pos": 0.9546055057588138,
  "mean_epochs_ran": 11.333333333333334
}