{
  "accuracy": [
    0.3175402283668518,
    0.7231531143188477,
    0.8352455496788025,
    0.8730499148368835,
    0.9091209173202515,
    0.9291787147521973,
    0.9513000249862671,
    0.9624432325363159,
    0.9687164425849915
  ],
  "loss": [
    1.1439205408096313,
    0.8350569605827332,
    0.5898751616477966,
    0.43250420689582825,
    0.3000895082950592,
    0.21320968866348267,
    0.1529766023159027,
    0.1129104420542717,
    0.09386797994375229
  ],
  "val_accuracy": [
    0.5664520263671875,
    0.8159154653549194,
    0.8131088018417358,
    0.854548454284668,
    0.8309394121170044,
    0.8616476655006409,
    0.8558692336082458,
    0.8396896123886108,
    0.8768367171287537
  ],
  "val_loss": [
    1.009840965270996,
    0.5375663638114929,
    0.5262741446495056,
    0.39518415927886963,
    0.45611220598220825,
    0.39378857612609863,
    0.4549649953842163,
    0.5094386339187622,
    0.43700990080833435
  ],
  "learning_rate": [
    0.0005000000237487257,
    0.0005000000237487257,
    0.0005000000237487257,
    0.0005000000237487257,
    0.0005000000237487257,
    0.0005000000237487257,
    0.0005000000237487257,
    0.0005000000237487257,
    0.0005000000237487257
  ]
}