{
  "f1_macro": 0.761142851547452,
  "recall_neg": 0.8484848484848485,
  "precision_pos": 0.953158779726159,
  "confusion_matrix": [
    [
      0.8484848484848485,
      0.12570145903479238,
      0.025813692480359147
    ],
    [
      0.17150395778364116,
      0.6015831134564644,
      0.22691292875989447
    ],
    [
      0.013154910410523928,
      0.08686777046949422,
      0.8999773191199818
    ]
  ],
  "fold": 1,
  "train_time_sec": 24.06140220099769,
  "epochs_ran": 9
}