{
  "f1_macro": 0.7694681503122912,
  "recall_neg": 0.8101123595505618,
  "precision_pos": 0.9623011015911873,
  "confusion_matrix": [
    [
      0.8101123595505618,
      0.16853932584269662,
      0.021348314606741574
    ],
    [
      0.1345646437994723,
      0.6873350923482849,
      0.17810026385224276
    ],
    [
      0.0063506464050805175,
      0.10206396008165117,
      0.8915853935132683
    ]
  ],
  "fold": 3,
  "train_time_sec": 26.47723614399729,
  "epochs_ran": 11
}