{
  "f1_macro": 0.7505332280807012,
  "recall_neg": 0.8213483146067416,
  "precision_pos": 0.9468235294117647,
  "confusion_matrix": [
    [
      0.8213483146067416,
      0.15280898876404495,
      0.025842696629213482
    ],
    [
      0.17678100263852242,
      0.5554089709762533,
      0.2678100263852243
    ],
    [
      0.00839192560671354,
      0.07892946246314357,
      0.9126786119301429
    ]
  ],
  "fold": 2,
  "train_time_sec": 22.129447600003914,
  "epochs_ran": 9
}