{
  "accuracy": [
    0.22643223404884338,
    0.6987782716751099,
    0.811705470085144,
    0.8688294291496277,
    0.9025095105171204,
    0.9317318797111511,
    0.9474161863327026,
    0.9637609124183655,
    0.9730064272880554
  ],
  "loss": [
    1.1534186601638794,
    0.8655950427055359,
    0.5841789841651917,
    0.4224500358104706,
    0.290275514125824,
    0.19525131583213806,
    0.14877745509147644,
    0.10499042272567749,
    0.07824238389730453
  ],
  "val_accuracy": [
    0.5359854698181152,
    0.8423572182655334,
    0.8137999176979065,
    0.8550676703453064,
    0.8547375202178955,
    0.8388907313346863,
    0.8504456877708435,
    0.8603499531745911,
    0.86447674036026
  ],
  "val_loss": [
    1.0402628183364868,
    0.4321320354938507,
    0.49754512310028076,
    0.4042697846889496,
    0.4059125781059265,
    0.45873796939849854,
    0.43586015701293945,
    0.4346151351928711,
    0.44901373982429504
  ],
  "learning_rate": [
    0.0005000000237487257,
    0.0005000000237487257,
    0.0005000000237487257,
    0.0005000000237487257,
    0.0005000000237487257,
    0.0005000000237487257,
    0.0005000000237487257,
    0.0002500000118743628,
    0.0002500000118743628
  ]
}