{
  "accuracy": [
    0.2746182382106781,
    0.7106066942214966,
    0.8340074419975281,
    0.8895583748817444,
    0.9105241298675537,
    0.9325629472732544,
    0.9534461498260498,
    0.9541064500808716,
    0.9589764475822449,
    0.9780437350273132,
    0.9819232225418091
  ],
  "loss": [
    1.1481842994689941,
    0.8565528392791748,
    0.5843362212181091,
    0.41667863726615906,
    0.3079592287540436,
    0.22396588325500488,
    0.1660848706960678,
    0.14982175827026367,
    0.13914529979228973,
    0.08576861768960953,
    0.06489008665084839
  ],
  "val_accuracy": [
    0.48225194215774536,
    0.7749711275100708,
    0.8454680442810059,
    0.844147264957428,
    0.8099719285964966,
    0.8540531396865845,
    0.8390291929244995,
    0.8560343384742737,
    0.8494303822517395,
    0.8524021506309509,
    0.8679214119911194
  ],
  "val_loss": [
    1.0518990755081177,
    0.6407795548439026,
    0.44534701108932495,
    0.438511461019516,
    0.5206487774848938,
    0.41538476943969727,
    0.47771313786506653,
    0.45214056968688965,
    0.4931747317314148,
    0.49887099862098694,
    0.47023940086364746
  ],
  "learning_rate": [
    0.0005000000237487257,
    0.0005000000237487257,
    0.0005000000237487257,
    0.0005000000237487257,
    0.0005000000237487257,
    0.0005000000237487257,
    0.0005000000237487257,
    0.0005000000237487257,
    0.0005000000237487257,
    0.0002500000118743628,
    0.0002500000118743628
  ]
}