{
  "folds": [
    {
      "f1_macro": 0.761142851547452,
      "recall_neg": 0.8484848484848485,
      "precision_pos": 0.953158779726159,
      "confusion_matrix": [
        [
          0.8484848484848485,
          0.12570145903479238,
          0.025813692480359147
        ],
        [
          0.17150395778364116,
          0.6015831134564644,
          0.22691292875989447
        ],
        [
          0.013154910410523928,
          0.08686777046949422,
          0.8999773191199818
        ]
      ],
      "fold": 1,
      "train_time_sec": 24.06140220099769,
      "epochs_ran": 9
    },
    {
      "f1_macro": 0.7505332280807012,
      "recall_neg": 0.8213483146067416,
      "precision_pos": 0.9468235294117647,
      "confusion_matrix": [
        [
          0.8213483146067416,
          0.15280898876404495,
          0.025842696629213482
        ],
        [
          0.17678100263852242,
          0.5554089709762533,
          0.2678100263852243
        ],
        [
          0.00839192560671354,
          0.07892946246314357,
          0.9126786119301429
        ]
      ],
      "fold": 2,
      "train_time_sec": 22.129447600003914,
      "epochs_ran": 9
    },
    {
      "f1_macro": 0.7694681503122912,
      "recall_neg": 0.8101123595505618,
      "precision_pos": 0.9623011015911873,
      "confusion_matrix": [
        [
          0.8101123595505618,
          0.16853932584269662,
          0.021348314606741574
        ],
        [
          0.1345646437994723,
          0.6873350923482849,
          0.17810026385224276
        ],
        [
          0.0063506464050805175,
          0.10206396008165117,
          0.8915853935132683
        ]
      ],
      "fold": 3,
      "train_time_sec": 26.47723614399729,
      "epochs_ran": 11
    }
  ],
  "mean_f1_macro": 0.7603814099801481,
  "mean_recall_neg": 0.8266485075473841,
  "mean_precision_pos": 0.954094470243037,
  "mean_epochs_ran": 9.666666666666666
}