{
  "accuracy": [
    0.4956665337085724,
    0.8180767893791199,
    0.913495659828186,
    0.9653322100639343,
    0.9827486872673035,
    0.9662402272224426,
    0.994387149810791,
    0.998101532459259
  ],
  "loss": [
    1.0617718696594238,
    0.6574054956436157,
    0.33561304211616516,
    0.14607101678848267,
    0.06291206181049347,
    0.1087135523557663,
    0.028820617124438286,
    0.015179816633462906
  ],
  "val_accuracy": [
    0.771338939666748,
    0.8448076844215393,
    0.8722139596939087,
    0.8618127703666687,
    0.7495459914207458,
    0.8576853275299072,
    0.8758461475372314,
    0.878652811050415
  ],
  "val_loss": [
    0.6970325112342834,
    0.45679399371147156,
    0.3775422275066376,
    0.39309003949165344,
    0.6888416409492493,
    0.41968128085136414,
    0.3978543281555176,
    0.41388121247291565
  ],
  "learning_rate": [
    0.0005000000237487257,
    0.0005000000237487257,
    0.0005000000237487257,
    0.0005000000237487257,
    0.0005000000237487257,
    0.0005000000237487257,
    0.0002500000118743628,
    0.0002500000118743628
  ]
}