{
  "f1_macro": 0.7608847240954265,
  "recall_neg": 0.8619528619528619,
  "precision_pos": 0.9263319447489585,
  "confusion_matrix": [
    [
      0.8619528619528619,
      0.07968574635241302,
      0.058361391694725026
    ],
    [
      0.18865435356200527,
      0.4366754617414248,
      0.37467018469656993
    ],
    [
      0.01292810161034248,
      0.028804717623043773,
      0.9582671807666138
    ]
  ],
  "fold": 1,
  "train_time_sec": 67.36891223699786,
  "epochs_ran": 9
}