{
  "f1_macro": 0.7484089911057179,
  "recall_neg": 0.7865168539325843,
  "precision_pos": 0.9325071918566055,
  "confusion_matrix": [
    [
      0.7865168539325843,
      0.15955056179775282,
      0.05393258426966292
    ],
    [
      0.18337730870712401,
      0.47757255936675463,
      0.3390501319261214
    ],
    [
      0.01224767520979814,
      0.03198004082558403,
      0.9557722839646178
    ]
  ],
  "fold": 3,
  "train_time_sec": 69.69870581799478,
  "epochs_ran": 10
}