{
  "f1_macro": 0.7440265039068166,
  "recall_neg": 0.8303370786516854,
  "precision_pos": 0.9241861481319642,
  "confusion_matrix": [
    [
      0.8303370786516854,
      0.10898876404494381,
      0.060674157303370786
    ],
    [
      0.19920844327176782,
      0.41424802110817943,
      0.3865435356200528
    ],
    [
      0.01451576321161261,
      0.02608301202086641,
      0.959401224767521
    ]
  ],
  "fold": 2,
  "train_time_sec": 58.43544013600331,
  "epochs_ran": 8
}