{
  "accuracy": [
    0.5338010787963867,
    0.8054478168487549,
    0.9003714323043823,
    0.9483284950256348,
    0.9678084850311279,
    0.9810978174209595,
    0.9891043901443481,
    0.996450662612915,
    0.9982666373252869,
    0.9990094900131226
  ],
  "loss": [
    1.0455812215805054,
    0.6736846566200256,
    0.38889366388320923,
    0.19305108487606049,
    0.12082763016223907,
    0.06017857417464256,
    0.03714178502559662,
    0.016568409278988838,
    0.010615620762109756,
    0.007154413498938084
  ],
  "val_accuracy": [
    0.7356777191162109,
    0.8495954871177673,
    0.8443123698234558,
    0.812943696975708,
    0.8710582852363586,
    0.737824022769928,
    0.8725441694259644,
    0.8680865168571472,
    0.8723790645599365,
    0.871883749961853
  ],
  "val_loss": [
    0.7157796621322632,
    0.4515368640422821,
    0.431434690952301,
    0.496995747089386,
    0.38504472374916077,
    0.7085398435592651,
    0.44357529282569885,
    0.4561178982257843,
    0.4609651565551758,
    0.46964511275291443
  ],
  "learning_rate": [
    0.0005000000237487257,
    0.0005000000237487257,
    0.0005000000237487257,
    0.0005000000237487257,
    0.0005000000237487257,
    0.0005000000237487257,
    0.0005000000237487257,
    0.0005000000237487257,
    0.0002500000118743628,
    0.0002500000118743628
  ]
}