{
  "accuracy": [
    0.5504375100135803,
    0.8220241069793701,
    0.8963183164596558,
    0.952616810798645,
    0.9855539202690125,
    0.9921578168869019,
    0.9974409937858582,
    0.99884432554245,
    0.9995046854019165
  ],
  "loss": [
    1.054067611694336,
    0.657157301902771,
    0.3920677602291107,
    0.18284599483013153,
    0.06527137756347656,
    0.03528991714119911,
    0.01636110432446003,
    0.008531211875379086,
    0.005749790463596582
  ],
  "val_accuracy": [
    0.8080224394798279,
    0.737537145614624,
    0.8416969180107117,
    0.8788378834724426,
    0.8791680335998535,
    0.8778474926948547,
    0.8775173425674438,
    0.8743810057640076,
    0.8788378834724426
  ],
  "val_loss": [
    0.616741955280304,
    0.6671613454818726,
    0.43987253308296204,
    0.36838534474372864,
    0.3814067244529724,
    0.4227758049964905,
    0.44706735014915466,
    0.4643262028694153,
    0.47893598675727844
  ],
  "learning_rate": [
    0.0005000000237487257,
    0.0005000000237487257,
    0.0005000000237487257,
    0.0005000000237487257,
    0.0005000000237487257,
    0.0005000000237487257,
    0.0005000000237487257,
    0.0002500000118743628,
    0.0002500000118743628
  ]
}