{
  "folds": [
    {
      "f1_macro": 0.7608847240954265,
      "recall_neg": 0.8619528619528619,
      "precision_pos": 0.9263319447489585,
      "confusion_matrix": [
        [
          0.8619528619528619,
          0.07968574635241302,
          0.058361391694725026
        ],
        [
          0.18865435356200527,
          0.4366754617414248,
          0.37467018469656993
        ],
        [
          0.01292810161034248,
          0.028804717623043773,
          0.9582671807666138
        ]
      ],
      "fold": 1,
      "train_time_sec": 67.36891223699786,
      "epochs_ran": 9
    },
    {
      "f1_macro": 0.7440265039068166,
      "recall_neg": 0.8303370786516854,
      "precision_pos": 0.9241861481319642,
      "confusion_matrix": [
        [
          0.8303370786516854,
          0.10898876404494381,
          0.060674157303370786
        ],
        [
          0.19920844327176782,
          0.41424802110817943,
          0.3865435356200528
        ],
        [
          0.01451576321161261,
          0.02608301202086641,
          0.959401224767521
        ]
      ],
      "fold": 2,
      "train_time_sec": 58.43544013600331,
      "epochs_ran": 8
    },
    {
      "f1_macro": 0.7484089911057179,
      "recall_neg": 0.7865168539325843,
      "precision_pos": 0.9325071918566055,
      "confusion_matrix": [
        [
          0.7865168539325843,
          0.15955056179775282,
          0.05393258426966292
        ],
        [
          0.18337730870712401,
          0.47757255936675463,
          0.3390501319261214
        ],
        [
          0.01224767520979814,
          0.03198004082558403,
          0.9557722839646178
        ]
      ],
      "fold": 3,
      "train_time_sec": 69.69870581799478,
      "epochs_ran": 10
    }
  ],
  "mean_f1_macro": 0.7511067397026537,
  "mean_recall_neg": 0.8262689315123772,
  "mean_precision_pos": 0.9276750949125093,
  "mean_epochs_ran": 9.0
}