{
  "accuracy": [
    0.4776291847229004,
    0.7942876219749451,
    0.851081371307373,
    0.8868251442909241,
    0.9100214838981628,
    0.9386659860610962,
    0.9491497278213501,
    0.9427934885025024,
    0.9551758170127869,
    0.9777117371559143,
    0.982582151889801
  ],
  "loss": [
    1.0701305866241455,
    0.759806752204895,
    0.5562201738357544,
    0.38923805952072144,
    0.3001057505607605,
    0.20220156013965607,
    0.17308399081230164,
    0.16615240275859833,
    0.13157737255096436,
    0.08378487080335617,
    0.06424419581890106
  ],
  "val_accuracy": [
    0.7533839344978333,
    0.7614724040031433,
    0.8344337940216064,
    0.7750082612037659,
    0.847969651222229,
    0.869263768196106,
    0.8128095269203186,
    0.8385605812072754,
    0.8593595027923584,
    0.8689336180686951,
    0.8743810057640076
  ],
  "val_loss": [
    0.7568523287773132,
    0.6460061073303223,
    0.456621915102005,
    0.5955045819282532,
    0.4092061519622803,
    0.3972591459751129,
    0.5051236152648926,
    0.4767944812774658,
    0.4239896833896637,
    0.42733073234558105,
    0.4341612160205841
  ],
  "learning_rate": [
    0.0005000000237487257,
    0.0005000000237487257,
    0.0005000000237487257,
    0.0005000000237487257,
    0.0005000000237487257,
    0.0005000000237487257,
    0.0005000000237487257,
    0.0005000000237487257,
    0.0005000000237487257,
    0.0002500000118743628,
    0.0002500000118743628
  ]
}