{
  "f1_macro": 0.7868407671195702,
  "recall_neg": 0.8191011235955056,
  "precision_pos": 0.9587188612099644,
  "confusion_matrix": [
    [
      0.8191011235955056,
      0.15730337078651685,
      0.02359550561797753
    ],
    [
      0.12269129287598944,
      0.6754617414248021,
      0.20184696569920843
    ],
    [
      0.005897028804717623,
      0.0775686096620549,
      0.9165343615332275
    ]
  ],
  "fold": 3,
  "train_time_sec": 28.4532105219987,
  "epochs_ran": 11
}