{
  "f1_macro": 0.7830388566900662,
  "recall_neg": 0.8159371492704826,
  "precision_pos": 0.9640201487167186,
  "confusion_matrix": [
    [
      0.8159371492704826,
      0.16835016835016836,
      0.015712682379349047
    ],
    [
      0.1345646437994723,
      0.6860158311345647,
      0.17941952506596306
    ],
    [
      0.0074846904059877525,
      0.0809707416647766,
      0.9115445679292357
    ]
  ],
  "fold": 1,
  "train_time_sec": 30.394851106000715,
  "epochs_ran": 11
}