{
  "accuracy": [
    0.3543541133403778,
    0.7324804067611694,
    0.8311184644699097,
    0.8631448745727539,
    0.895583987236023,
    0.9231531023979187,
    0.94791579246521,
    0.956500232219696,
    0.9669830799102783,
    0.9765579700469971,
    0.9800247550010681
  ],
  "loss": [
    1.1374722719192505,
    0.9159619212150574,
    0.6643295884132385,
    0.46991753578186035,
    0.351141095161438,
    0.24362289905548096,
    0.1695985645055771,
    0.13800989091396332,
    0.11031638830900192,
    0.07703206688165665,
    0.062329430133104324
  ],
  "val_accuracy": [
    0.7657256126403809,
    0.8164107799530029,
    0.8365527391433716,
    0.8292884230613708,
    0.8533927798271179,
    0.8720488548278809,
    0.8512464761734009,
    0.8621429800987244,
    0.8634637594223022,
    0.8433218002319336,
    0.8730394840240479
  ],
  "val_loss": [
    0.8043782114982605,
    0.5774552822113037,
    0.47697755694389343,
    0.4245292544364929,
    0.37496328353881836,
    0.3465726673603058,
    0.39972734451293945,
    0.426115483045578,
    0.4130980372428894,
    0.4887155294418335,
    0.428910493850708
  ],
  "learning_rate": [
    0.0005000000237487257,
    0.0005000000237487257,
    0.0005000000237487257,
    0.0005000000237487257,
    0.0005000000237487257,
    0.0005000000237487257,
    0.0005000000237487257,
    0.0005000000237487257,
    0.0005000000237487257,
    0.0002500000118743628,
    0.0002500000118743628
  ]
}