{
  "f1_macro": 0.7788099866322119,
  "recall_neg": 0.7303370786516854,
  "precision_pos": 0.9559032716927454,
  "confusion_matrix": [
    [
      0.7303370786516854,
      0.24382022471910111,
      0.025842696629213482
    ],
    [
      0.05408970976253298,
      0.7308707124010554,
      0.21503957783641162
    ],
    [
      0.0020412792016330232,
      0.0834656384667725,
      0.9144930823315944
    ]
  ],
  "fold": 2,
  "train_time_sec": 30.93285407499934,
  "epochs_ran": 12
}