{
  "accuracy": [
    0.37490713596343994,
    0.7466776967048645,
    0.8278167843818665,
    0.8518365621566772,
    0.8886504173278809,
    0.9184482097625732,
    0.9165497422218323,
    0.9442014098167419,
    0.9599669575691223,
    0.9725134372711182,
    0.9797771573066711,
    0.9841518998146057
  ],
  "loss": [
    1.0946632623672485,
    0.8534263968467712,
    0.6514318585395813,
    0.4783695340156555,
    0.3496139645576477,
    0.25744354724884033,
    0.2639268934726715,
    0.17351529002189636,
    0.12381647527217865,
    0.08933413028717041,
    0.07004890590906143,
    0.05812763422727585
  ],
  "val_accuracy": [
    0.7761268019676208,
    0.8137692213058472,
    0.8078256845474243,
    0.8342413902282715,
    0.8378735184669495,
    0.8192174434661865,
    0.8644543290138245,
    0.8467888236045837,
    0.8666006326675415,
    0.8548786640167236,
    0.8694072961807251,
    0.8758461475372314
  ],
  "val_loss": [
    0.8610191941261292,
    0.6502342224121094,
    0.5385665893554688,
    0.43046873807907104,
    0.419732928276062,
    0.45489832758903503,
    0.3733404576778412,
    0.45101410150527954,
    0.409007728099823,
    0.47079914808273315,
    0.4404706656932831,
    0.43889668583869934
  ],
  "learning_rate": [
    0.0005000000237487257,
    0.0005000000237487257,
    0.0005000000237487257,
    0.0005000000237487257,
    0.0005000000237487257,
    0.0005000000237487257,
    0.0005000000237487257,
    0.0005000000237487257,
    0.0005000000237487257,
    0.0005000000237487257,
    0.0002500000118743628,
    0.0002500000118743628
  ]
}