{
  "folds": [
    {
      "f1_macro": 0.7830388566900662,
      "recall_neg": 0.8159371492704826,
      "precision_pos": 0.9640201487167186,
      "confusion_matrix": [
        [
          0.8159371492704826,
          0.16835016835016836,
          0.015712682379349047
        ],
        [
          0.1345646437994723,
          0.6860158311345647,
          0.17941952506596306
        ],
        [
          0.0074846904059877525,
          0.0809707416647766,
          0.9115445679292357
        ]
      ],
      "fold": 1,
      "train_time_sec": 30.394851106000715,
      "epochs_ran": 11
    },
    {
      "f1_macro": 0.7788099866322119,
      "recall_neg": 0.7303370786516854,
      "precision_pos": 0.9559032716927454,
      "confusion_matrix": [
        [
          0.7303370786516854,
          0.24382022471910111,
          0.025842696629213482
        ],
        [
          0.05408970976253298,
          0.7308707124010554,
          0.21503957783641162
        ],
        [
          0.0020412792016330232,
          0.0834656384667725,
          0.9144930823315944
        ]
      ],
      "fold": 2,
      "train_time_sec": 30.93285407499934,
      "epochs_ran": 12
    },
    {
      "f1_macro": 0.7868407671195702,
      "recall_neg": 0.8191011235955056,
      "precision_pos": 0.9587188612099644,
      "confusion_matrix": [
        [
          0.8191011235955056,
          0.15730337078651685,
          0.02359550561797753
        ],
        [
          0.12269129287598944,
          0.6754617414248021,
          0.20184696569920843
        ],
        [
          0.005897028804717623,
          0.0775686096620549,
          0.9165343615332275
        ]
      ],
      "fold": 3,
      "train_time_sec": 28.4532105219987,
      "epochs_ran": 11
    }
  ],
  "mean_f1_macro": 0.7828965368139494,
  "mean_recall_neg": 0.7884584505058911,
  "mean_precision_pos": 0.9595474272064761,
  "mean_epochs_ran": 11.333333333333334
}