{
  "accuracy": [
    0.21446260809898376,
    0.6151559948921204,
    0.79891037940979,
    0.8454680442810059,
    0.8758461475372314,
    0.8952451944351196,
    0.9095261693000793,
    0.9265313148498535,
    0.9334654211997986,
    0.9406471848487854,
    0.9424632787704468,
    0.9531946778297424
  ],
  "loss": [
    1.1516897678375244,
    0.942878007888794,
    0.6460126042366028,
    0.4916343092918396,
    0.37465766072273254,
    0.31429558992385864,
    0.2656705379486084,
    0.2147996723651886,
    0.19077473878860474,
    0.17800366878509521,
    0.15520501136779785,
    0.12772493064403534
  ],
  "val_accuracy": [
    0.39765599370002747,
    0.7218554019927979,
    0.7967976331710815,
    0.8037306070327759,
    0.8298118114471436,
    0.7997689247131348,
    0.8511059880256653,
    0.8410366177558899,
    0.8478045463562012,
    0.8681082725524902,
    0.8136348724365234,
    0.8672829270362854
  ],
  "val_loss": [
    1.0796233415603638,
    0.733069121837616,
    0.5102206468582153,
    0.5048686265945435,
    0.4534014165401459,
    0.5191977620124817,
    0.4247797131538391,
    0.44733378291130066,
    0.4606877565383911,
    0.4434329569339752,
    0.5686819553375244,
    0.46299001574516296
  ],
  "learning_rate": [
    0.0005000000237487257,
    0.0005000000237487257,
    0.0005000000237487257,
    0.0005000000237487257,
    0.0005000000237487257,
    0.0005000000237487257,
    0.0005000000237487257,
    0.0005000000237487257,
    0.0005000000237487257,
    0.0005000000237487257,
    0.0002500000118743628,
    0.0002500000118743628
  ]
}