{
  "accuracy": [
    0.24820470809936523,
    0.698968231678009,
    0.8295501470565796,
    0.8578621745109558,
    0.8841106295585632,
    0.9004539847373962,
    0.9120924472808838,
    0.9196863174438477,
    0.9339661598205566,
    0.9465951323509216,
    0.9561700224876404
  ],
  "loss": [
    1.1481698751449585,
    0.8642525672912598,
    0.5723580121994019,
    0.46180206537246704,
    0.3764215111732483,
    0.316223680973053,
    0.2674556374549866,
    0.22771333158016205,
    0.19263644516468048,
    0.15686273574829102,
    0.13826122879981995
  ],
  "val_accuracy": [
    0.42083540558815,
    0.7857024669647217,
    0.7612679600715637,
    0.8040283918380737,
    0.8367178440093994,
    0.8504210114479065,
    0.8495954871177673,
    0.8495954871177673,
    0.8573551177978516,
    0.86247318983078,
    0.8623080849647522
  ],
  "val_loss": [
    1.072153925895691,
    0.5833140015602112,
    0.6091360449790955,
    0.47854238748550415,
    0.41860005259513855,
    0.4063663184642792,
    0.4139130413532257,
    0.4227173924446106,
    0.4152471721172333,
    0.42273595929145813,
    0.43870455026626587
  ],
  "learning_rate": [
    0.0005000000237487257,
    0.0005000000237487257,
    0.0005000000237487257,
    0.0005000000237487257,
    0.0005000000237487257,
    0.0005000000237487257,
    0.0005000000237487257,
    0.0005000000237487257,
    0.0005000000237487257,
    0.0002500000118743628,
    0.0002500000118743628
  ]
}