{
  "accuracy": [
    0.2741229832172394,
    0.7090383768081665,
    0.8074288368225098,
    0.8440775871276855,
    0.8716467022895813,
    0.8831201195716858,
    0.9106066823005676,
    0.9246388673782349,
    0.9365249872207642,
    0.9446141123771667,
    0.943871259689331,
    0.960297167301178,
    0.9668179750442505
  ],
  "loss": [
    1.1465882062911987,
    0.8442296981811523,
    0.6392061710357666,
    0.5227487683296204,
    0.4237026274204254,
    0.3499029576778412,
    0.27300575375556946,
    0.221225768327713,
    0.18589183688163757,
    0.15169252455234528,
    0.14964817464351654,
    0.11249838024377823,
    0.09434877336025238
  ],
  "val_accuracy": [
    0.41670793294906616,
    0.8078256845474243,
    0.7883440852165222,
    0.8238402009010315,
    0.81971275806427,
    0.822189211845398,
    0.8284629583358765,
    0.8601617813110352,
    0.8514115810394287,
    0.8647845387458801,
    0.8472841382026672,
    0.8609873056411743,
    0.8494303822517395
  ],
  "val_loss": [
    1.0753426551818848,
    0.5371546149253845,
    0.568359911441803,
    0.48060062527656555,
    0.470273494720459,
    0.47667402029037476,
    0.461589515209198,
    0.40488794445991516,
    0.44153010845184326,
    0.4322879910469055,
    0.48059365153312683,
    0.4649130702018738,
    0.5083122849464417
  ],
  "learning_rate": [
    0.0005000000237487257,
    0.0005000000237487257,
    0.0005000000237487257,
    0.0005000000237487257,
    0.0005000000237487257,
    0.0005000000237487257,
    0.0005000000237487257,
    0.0005000000237487257,
    0.0005000000237487257,
    0.0005000000237487257,
    0.0005000000237487257,
    0.0002500000118743628,
    0.0002500000118743628
  ]
}