{
  "f1_macro": 0.7689968990817642,
  "recall_neg": 0.7910112359550562,
  "precision_pos": 0.9518615129238795,
  "confusion_matrix": [
    [
      0.7910112359550562,
      0.18202247191011237,
      0.02696629213483146
    ],
    [
      0.11477572559366754,
      0.6490765171503958,
      0.23614775725593667
    ],
    [
      0.007257881605806305,
      0.08233159446586527,
      0.9104105239283284
    ]
  ],
  "fold": 3,
  "train_time_sec": 31.72431645100005,
  "epochs_ran": 13
}