{
  "f1_macro": 0.7666515693998662,
  "recall_neg": 0.813692480359147,
  "precision_pos": 0.963766329800345,
  "confusion_matrix": [
    [
      0.813692480359147,
      0.16947250280583614,
      0.016835016835016835
    ],
    [
      0.13852242744063326,
      0.6873350923482849,
      0.1741424802110818
    ],
    [
      0.0074846904059877525,
      0.10569290088455432,
      0.8868224087094579
    ]
  ],
  "fold": 1,
  "train_time_sec": 31.620409044990083,
  "epochs_ran": 12
}