{
  "f1_macro": 0.7614127243483794,
  "recall_neg": 0.8662921348314607,
  "precision_pos": 0.9658162001486252,
  "confusion_matrix": [
    [
      0.8662921348314607,
      0.1101123595505618,
      0.02359550561797753
    ],
    [
      0.21108179419525067,
      0.6345646437994723,
      0.15435356200527706
    ],
    [
      0.009072352007257882,
      0.10660013608528011,
      0.8843275119074621
    ]
  ],
  "fold": 2,
  "train_time_sec": 27.179128745992784,
  "epochs_ran": 11
}