{
  "folds": [
    {
      "f1_macro": 0.7666515693998662,
      "recall_neg": 0.813692480359147,
      "precision_pos": 0.963766329800345,
      "confusion_matrix": [
        [
          0.813692480359147,
          0.16947250280583614,
          0.016835016835016835
        ],
        [
          0.13852242744063326,
          0.6873350923482849,
          0.1741424802110818
        ],
        [
          0.0074846904059877525,
          0.10569290088455432,
          0.8868224087094579
        ]
      ],
      "fold": 1,
      "train_time_sec": 31.620409044990083,
      "epochs_ran": 12
    },
    {
      "f1_macro": 0.7614127243483794,
      "recall_neg": 0.8662921348314607,
      "precision_pos": 0.9658162001486252,
      "confusion_matrix": [
        [
          0.8662921348314607,
          0.1101123595505618,
          0.02359550561797753
        ],
        [
          0.21108179419525067,
          0.6345646437994723,
          0.15435356200527706
        ],
        [
          0.009072352007257882,
          0.10660013608528011,
          0.8843275119074621
        ]
      ],
      "fold": 2,
      "train_time_sec": 27.179128745992784,
      "epochs_ran": 11
    },
    {
      "f1_macro": 0.7689968990817642,
      "recall_neg": 0.7910112359550562,
      "precision_pos": 0.9518615129238795,
      "confusion_matrix": [
        [
          0.7910112359550562,
          0.18202247191011237,
          0.02696629213483146
        ],
        [
          0.11477572559366754,
          0.6490765171503958,
          0.23614775725593667
        ],
        [
          0.007257881605806305,
          0.08233159446586527,
          0.9104105239283284
        ]
      ],
      "fold": 3,
      "train_time_sec": 31.72431645100005,
      "epochs_ran": 13
    }
  ],
  "mean_f1_macro": 0.76568706427667,
  "mean_recall_neg": 0.8236652837152213,
  "mean_precision_pos": 0.9604813476242833,
  "mean_epochs_ran": 12.0
}