{
  "accuracy": [
    0.5207594037055969,
    0.8033842444419861,
    0.8940982222557068,
    0.9455220699310303,
    0.971027672290802,
    0.9910029172897339,
    0.994634747505188,
    0.9970284700393677,
    0.9985142350196838,
    0.9991745948791504
  ],
  "loss": [
    1.0789164304733276,
    0.7234523892402649,
    0.43005433678627014,
    0.2032576948404312,
    0.102063849568367,
    0.04348171874880791,
    0.02846527099609375,
    0.019358761608600616,
    0.012149766087532043,
    0.00899030826985836
  ],
  "val_accuracy": [
    0.7825656533241272,
    0.846293568611145,
    0.8524021506309509,
    0.8357272744178772,
    0.8697375059127808,
    0.8593363165855408,
    0.8705629706382751,
    0.8733696341514587,
    0.8733696341514587,
    0.8740300536155701
  ],
  "val_loss": [
    0.7340114116668701,
    0.5098438262939453,
    0.4386865496635437,
    0.449939489364624,
    0.36834797263145447,
    0.38923630118370056,
    0.3843070864677429,
    0.3967205286026001,
    0.3973642885684967,
    0.405620813369751
  ],
  "learning_rate": [
    0.0005000000237487257,
    0.0005000000237487257,
    0.0005000000237487257,
    0.0005000000237487257,
    0.0005000000237487257,
    0.0005000000237487257,
    0.0005000000237487257,
    0.0005000000237487257,
    0.0002500000118743628,
    0.0002500000118743628
  ]
}