{
  "f1_macro": 0.7455533015667499,
  "recall_neg": 0.7822671156004489,
  "precision_pos": 0.9306577480490524,
  "confusion_matrix": [
    [
      0.7822671156004489,
      0.15712682379349047,
      0.06060606060606061
    ],
    [
      0.17150395778364116,
      0.4894459102902375,
      0.3390501319261214
    ],
    [
      0.013154910410523928,
      0.040145157632116124,
      0.9466999319573599
    ]
  ],
  "fold": 1,
  "train_time_sec": 50.63491777901072,
  "epochs_ran": 9
}