{
  "accuracy": [
    0.3853900134563446,
    0.7347915768623352,
    0.870243489742279,
    0.9314073324203491,
    0.9726784825325012,
    0.9894345998764038,
    0.9950474500656128,
    0.9976888298988342,
    0.9993396401405334,
    0.9994221925735474
  ],
  "loss": [
    1.1317695379257202,
    0.8180122971534729,
    0.4759395718574524,
    0.2486674189567566,
    0.1110004335641861,
    0.0529521107673645,
    0.030792338773608208,
    0.01712389849126339,
    0.010359684936702251,
    0.008182094432413578
  ],
  "val_accuracy": [
    0.6532937288284302,
    0.7804193496704102,
    0.7860326766967773,
    0.8697375059127808,
    0.8700677156448364,
    0.8595014214515686,
    0.8466237187385559,
    0.8781574964523315,
    0.8763414025306702,
    0.8779923915863037
  ],
  "val_loss": [
    0.9492693543434143,
    0.6543977856636047,
    0.5656034350395203,
    0.3769659698009491,
    0.3726056218147278,
    0.3987447917461395,
    0.4469336271286011,
    0.4215352535247803,
    0.42343786358833313,
    0.4298872649669647
  ],
  "learning_rate": [
    0.0005000000237487257,
    0.0005000000237487257,
    0.0005000000237487257,
    0.0005000000237487257,
    0.0005000000237487257,
    0.0005000000237487257,
    0.0005000000237487257,
    0.0005000000237487257,
    0.0002500000118743628,
    0.0002500000118743628
  ]
}