{
  "f1_macro": 0.7521725013752515,
  "recall_neg": 0.8348314606741573,
  "precision_pos": 0.9302895322939866,
  "confusion_matrix": [
    [
      0.8348314606741573,
      0.10898876404494381,
      0.056179775280898875
    ],
    [
      0.19129287598944592,
      0.46174142480211083,
      0.3469656992084433
    ],
    [
      0.010886822408709458,
      0.04173281923338625,
      0.9473803583579042
    ]
  ],
  "fold": 2,
  "train_time_sec": 51.66946612000174,
  "epochs_ran": 10
}