{
  "accuracy": [
    0.5293049216270447,
    0.8136866688728333,
    0.8972263336181641,
    0.9417203068733215,
    0.9763084053993225,
    0.9877001643180847,
    0.9933135509490967,
    0.9974409937858582,
    0.9985966682434082
  ],
  "loss": [
    1.0766854286193848,
    0.7191029191017151,
    0.4311068654060364,
    0.21488936245441437,
    0.09551110118627548,
    0.05505017936229706,
    0.03218839317560196,
    0.018820343539118767,
    0.012890310026705265
  ],
  "val_accuracy": [
    0.7606470584869385,
    0.8230438828468323,
    0.7329151630401611,
    0.8653020858764648,
    0.8661274313926697,
    0.8722350597381592,
    0.8529217839241028,
    0.8778474926948547,
    0.8682733774185181
  ],
  "val_loss": [
    0.7439722418785095,
    0.5608541369438171,
    0.6566897034645081,
    0.3849547207355499,
    0.40086084604263306,
    0.3941740393638611,
    0.4294627010822296,
    0.4111611843109131,
    0.4255901575088501
  ],
  "learning_rate": [
    0.0005000000237487257,
    0.0005000000237487257,
    0.0005000000237487257,
    0.0005000000237487257,
    0.0005000000237487257,
    0.0005000000237487257,
    0.0005000000237487257,
    0.0002500000118743628,
    0.0002500000118743628
  ]
}