{
  "f1_macro": 0.7543136674951006,
  "recall_neg": 0.8078651685393259,
  "precision_pos": 0.9395033860045147,
  "confusion_matrix": [
    [
      0.8078651685393259,
      0.15168539325842698,
      0.04044943820224719
    ],
    [
      0.18337730870712401,
      0.5105540897097626,
      0.30606860158311344
    ],
    [
      0.019505556815604445,
      0.03651621682921297,
      0.9439782263551826
    ]
  ],
  "fold": 3,
  "train_time_sec": 50.02798238200194,
  "epochs_ran": 10
}