{
  "folds": [
    {
      "f1_macro": 0.7455533015667499,
      "recall_neg": 0.7822671156004489,
      "precision_pos": 0.9306577480490524,
      "confusion_matrix": [
        [
          0.7822671156004489,
          0.15712682379349047,
          0.06060606060606061
        ],
        [
          0.17150395778364116,
          0.4894459102902375,
          0.3390501319261214
        ],
        [
          0.013154910410523928,
          0.040145157632116124,
          0.9466999319573599
        ]
      ],
      "fold": 1,
      "train_time_sec": 50.63491777901072,
      "epochs_ran": 9
    },
    {
      "f1_macro": 0.7521725013752515,
      "recall_neg": 0.8348314606741573,
      "precision_pos": 0.9302895322939866,
      "confusion_matrix": [
        [
          0.8348314606741573,
          0.10898876404494381,
          0.056179775280898875
        ],
        [
          0.19129287598944592,
          0.46174142480211083,
          0.3469656992084433
        ],
        [
          0.010886822408709458,
          0.04173281923338625,
          0.9473803583579042
        ]
      ],
      "fold": 2,
      "train_time_sec": 51.66946612000174,
      "epochs_ran": 10
    },
    {
      "f1_macro": 0.7543136674951006,
      "recall_neg": 0.8078651685393259,
      "precision_pos": 0.9395033860045147,
      "confusion_matrix": [
        [
          0.8078651685393259,
          0.15168539325842698,
          0.04044943820224719
        ],
        [
          0.18337730870712401,
          0.5105540897097626,
          0.30606860158311344
        ],
        [
          0.019505556815604445,
          0.03651621682921297,
          0.9439782263551826
        ]
      ],
      "fold": 3,
      "train_time_sec": 50.02798238200194,
      "epochs_ran": 10
    }
  ],
  "mean_f1_macro": 0.7506798234790341,
  "mean_recall_neg": 0.8083212482713108,
  "mean_precision_pos": 0.9334835554491846,
  "mean_epochs_ran": 9.666666666666666
}