{
  "accuracy": [
    0.27332013845443726,
    0.30551427602767944,
    0.28801387548446655,
    0.25004127621650696,
    0.2548291087150574,
    0.3180617392063141,
    0.2834736704826355,
    0.28231796622276306,
    0.3286280333995819,
    0.4140663743019104,
    0.36354631185531616,
    0.4316493272781372,
    0.39920753240585327,
    0.4919927418231964,
    0.5640581250190735,
    0.49174508452415466,
    0.6345550417900085,
    0.6872214078903198
  ],
  "loss": [
    1.19041907787323,
    1.1917617321014404,
    1.1855932474136353,
    1.1701353788375854,
    1.156879186630249,
    1.1503984928131104,
    1.1560208797454834,
    1.147983193397522,
    1.141769289970398,
    1.1200186014175415,
    1.1418349742889404,
    1.1100877523422241,
    1.0720891952514648,
    0.976868748664856,
    0.8601901531219482,
    0.9089525938034058,
    0.7115652561187744,
    0.6130411028862
  ],
  "val_accuracy": [
    0.13502806425094604,
    0.19445361196994781,
    0.16870254278182983,
    0.27022120356559753,
    0.319907546043396,
    0.36777815222740173,
    0.2773192524909973,
    0.17877186834812164,
    0.4874545931816101,
    0.3806536793708801,
    0.4305051267147064,
    0.25371408462524414,
    0.5379663109779358,
    0.42621326446533203,
    0.44816771149635315,
    0.4465169906616211,
    0.5021459460258484,
    0.5214592218399048
  ],
  "val_loss": [
    1.1545960903167725,
    1.153922200202942,
    1.1420830488204956,
    1.095146894454956,
    1.106197476387024,
    1.1769447326660156,
    1.1350528001785278,
    1.149335265159607,
    1.082269549369812,
    1.1198891401290894,
    1.1010750532150269,
    1.1957905292510986,
    1.0066653490066528,
    1.1226496696472168,
    1.104570984840393,
    1.0789823532104492,
    1.0668516159057617,
    1.0571320056915283
  ],
  "learning_rate": [
    0.0005000000237487257,
    0.0005000000237487257,
    0.0005000000237487257,
    0.0005000000237487257,
    0.0005000000237487257,
    0.0005000000237487257,
    0.0005000000237487257,
    0.0002500000118743628,
    0.0002500000118743628,
    0.0002500000118743628,
    0.0002500000118743628,
    0.0002500000118743628,
    0.0001250000059371814,
    0.0001250000059371814,
    0.0001250000059371814,
    0.0001250000059371814,
    6.25000029685907e-05,
    6.25000029685907e-05
  ]
}