{
  "accuracy": [
    0.2423442006111145,
    0.2786628007888794,
    0.2750309407711029,
    0.2644655406475067,
    0.22616590559482574,
    0.286504328250885,
    0.24325217306613922,
    0.25191912055015564,
    0.2770945131778717,
    0.24449029564857483
  ],
  "loss": [
    1.177483081817627,
    1.1649739742279053,
    1.1783374547958374,
    1.1627238988876343,
    1.1609703302383423,
    1.1543642282485962,
    1.1512424945831299,
    1.151412844657898,
    1.14424729347229,
    1.1449971199035645
  ],
  "val_accuracy": [
    0.14743272960186005,
    0.16608881950378418,
    0.1761598140001297,
    0.14743272960186005,
    0.334323912858963,
    0.2847944498062134,
    0.14776292443275452,
    0.14759781956672668,
    0.355126291513443,
    0.22734026610851288
  ],
  "val_loss": [
    1.1348967552185059,
    1.1412380933761597,
    1.1863598823547363,
    1.1222925186157227,
    1.0802216529846191,
    1.0874567031860352,
    1.1175459623336792,
    1.1326696872711182,
    1.1244747638702393,
    1.1286706924438477
  ],
  "learning_rate": [
    0.0005000000237487257,
    0.0005000000237487257,
    0.0005000000237487257,
    0.0005000000237487257,
    0.0005000000237487257,
    0.0005000000237487257,
    0.0005000000237487257,
    0.0005000000237487257,
    0.0002500000118743628,
    0.0002500000118743628
  ]
}