{
  "f1_macro": 0.2380735881245699,
  "recall_neg": 0.6685393258426966,
  "precision_pos": 0.7333333333333333,
  "confusion_matrix": [
    [
      0.6685393258426966,
      0.021348314606741574,
      0.3101123595505618
    ],
    [
      0.6688654353562006,
      0.014511873350923483,
      0.316622691292876
    ],
    [
      0.6765706509412566,
      0.0015876616012701294,
      0.3218416874574733
    ]
  ],
  "fold": 2,
  "train_time_sec": 43.3283264779966,
  "epochs_ran": 10
}