{
  "f1_macro": 0.38248741237056966,
  "recall_neg": 0.5252525252525253,
  "precision_pos": 0.7779700115340253,
  "confusion_matrix": [
    [
      0.5252525252525253,
      0.07968574635241302,
      0.3950617283950617
    ],
    [
      0.3258575197889182,
      0.12269129287598944,
      0.5514511873350924
    ],
    [
      0.31980040825584033,
      0.06826944885461556,
      0.6119301428895441
    ]
  ],
  "fold": 1,
  "train_time_sec": 71.48880266500055,
  "epochs_ran": 18
}