{
  "accuracy": [
    0.24952538311481476,
    0.252166748046875,
    0.24779199063777924,
    0.2762690782546997,
    0.2640528380870819,
    0.26339247822761536,
    0.2906314432621002,
    0.26867520809173584,
    0.2698307931423187,
    0.26256707310676575,
    0.23895996809005737,
    0.22905489802360535,
    0.29005366563796997,
    0.24201403558254242,
    0.27800247073173523,
    0.2864218056201935,
    0.2137020230293274,
    0.24572843313217163
  ],
  "loss": [
    1.181028127670288,
    1.1700128316879272,
    1.1672457456588745,
    1.1593416929244995,
    1.1573925018310547,
    1.154443383216858,
    1.1528797149658203,
    1.1859753131866455,
    1.1792831420898438,
    1.1656931638717651,
    1.1473082304000854,
    1.1455368995666504,
    1.1439827680587769,
    1.1460919380187988,
    1.1460453271865845,
    1.1420270204544067,
    1.1411992311477661,
    1.1190242767333984
  ],
  "val_accuracy": [
    0.21958065032958984,
    0.3684992492198944,
    0.1462770402431488,
    0.1999339610338211,
    0.153871551156044,
    0.21050024032592773,
    0.14280997216701508,
    0.14924880862236023,
    0.25045400857925415,
    0.22965164482593536,
    0.1505695879459381,
    0.1510648876428604,
    0.5240218043327332,
    0.22734026610851288,
    0.2336139976978302,
    0.1543668508529663,
    0.1528809666633606,
    0.24219910800457
  ],
  "val_loss": [
    1.149574875831604,
    1.1260244846343994,
    1.1279826164245605,
    1.132361650466919,
    1.1111562252044678,
    1.1473407745361328,
    1.18243408203125,
    1.1576220989227295,
    1.1245113611221313,
    1.0819976329803467,
    1.1622062921524048,
    1.1264444589614868,
    1.0621787309646606,
    1.129634141921997,
    1.1220359802246094,
    1.1262965202331543,
    1.1173094511032104,
    1.1087909936904907
  ],
  "learning_rate": [
    0.0005000000237487257,
    0.0005000000237487257,
    0.0005000000237487257,
    0.0005000000237487257,
    0.0005000000237487257,
    0.0005000000237487257,
    0.0005000000237487257,
    0.0005000000237487257,
    0.0002500000118743628,
    0.0002500000118743628,
    0.0002500000118743628,
    0.0002500000118743628,
    0.0002500000118743628,
    0.0002500000118743628,
    0.0002500000118743628,
    0.0002500000118743628,
    0.0001250000059371814,
    0.0001250000059371814
  ]
}