{
  "f1_macro": 0.3426023454860081,
  "recall_neg": 0.3955056179775281,
  "precision_pos": 0.7448814655172413,
  "confusion_matrix": [
    [
      0.3955056179775281,
      0.06292134831460675,
      0.5415730337078651
    ],
    [
      0.3113456464379947,
      0.07519788918205805,
      0.6134564643799473
    ],
    [
      0.30347017464277615,
      0.06940349285552279,
      0.627126332501701
    ]
  ],
  "fold": 3,
  "train_time_sec": 69.02045133000502,
  "epochs_ran": 18
}