{
  "folds": [
    {
      "f1_macro": 0.38248741237056966,
      "recall_neg": 0.5252525252525253,
      "precision_pos": 0.7779700115340253,
      "confusion_matrix": [
        [
          0.5252525252525253,
          0.07968574635241302,
          0.3950617283950617
        ],
        [
          0.3258575197889182,
          0.12269129287598944,
          0.5514511873350924
        ],
        [
          0.31980040825584033,
          0.06826944885461556,
          0.6119301428895441
        ]
      ],
      "fold": 1,
      "train_time_sec": 71.48880266500055,
      "epochs_ran": 18
    },
    {
      "f1_macro": 0.2380735881245699,
      "recall_neg": 0.6685393258426966,
      "precision_pos": 0.7333333333333333,
      "confusion_matrix": [
        [
          0.6685393258426966,
          0.021348314606741574,
          0.3101123595505618
        ],
        [
          0.6688654353562006,
          0.014511873350923483,
          0.316622691292876
        ],
        [
          0.6765706509412566,
          0.0015876616012701294,
          0.3218416874574733
        ]
      ],
      "fold": 2,
      "train_time_sec": 43.3283264779966,
      "epochs_ran": 10
    },
    {
      "f1_macro": 0.3426023454860081,
      "recall_neg": 0.3955056179775281,
      "precision_pos": 0.7448814655172413,
      "confusion_matrix": [
        [
          0.3955056179775281,
          0.06292134831460675,
          0.5415730337078651
        ],
        [
          0.3113456464379947,
          0.07519788918205805,
          0.6134564643799473
        ],
        [
          0.30347017464277615,
          0.06940349285552279,
          0.627126332501701
        ]
      ],
      "fold": 3,
      "train_time_sec": 69.02045133000502,
      "epochs_ran": 18
    }
  ],
  "mean_f1_macro": 0.3210544486603826,
  "mean_recall_neg": 0.52976582302425,
  "mean_precision_pos": 0.7520616034615332,
  "mean_epochs_ran": 15.333333333333334
}