{
  "accuracy": [
    0.33157244324684143,
    0.8007428646087646,
    0.8338423371315002,
    0.8862566947937012,
    0.9144036173820496,
    0.9382583498954773,
    0.956500232219696,
    0.9657449722290039,
    0.9773008823394775,
    0.9808501601219177
  ],
  "loss": [
    1.1156164407730103,
    0.7842108011245728,
    0.5178239941596985,
    0.34450021386146545,
    0.2554187476634979,
    0.17970609664916992,
    0.13814426958560944,
    0.11037147045135498,
    0.07945062220096588,
    0.05899006128311157
  ],
  "val_accuracy": [
    0.7777777910232544,
    0.7736503481864929,
    0.8353970646858215,
    0.8078256845474243,
    0.8667657375335693,
    0.845302939414978,
    0.8459633588790894,
    0.8652798533439636,
    0.8571900129318237,
    0.8732045292854309
  ],
  "val_loss": [
    0.8415762186050415,
    0.658410906791687,
    0.43142247200012207,
    0.4614165127277374,
    0.35772475600242615,
    0.43987762928009033,
    0.4532151222229004,
    0.39091604948043823,
    0.4482981860637665,
    0.43583664298057556
  ],
  "learning_rate": [
    0.0005000000237487257,
    0.0005000000237487257,
    0.0005000000237487257,
    0.0005000000237487257,
    0.0005000000237487257,
    0.0005000000237487257,
    0.0005000000237487257,
    0.0005000000237487257,
    0.0002500000118743628,
    0.0002500000118743628
  ]
}