{
  "f1_macro": 0.773850996641083,
  "recall_neg": 0.7441077441077442,
  "precision_pos": 0.9462638376383764,
  "confusion_matrix": [
    [
      0.7441077441077442,
      0.22671156004489337,
      0.029180695847362513
    ],
    [
      0.07387862796833773,
      0.6530343007915568,
      0.27308707124010556
    ],
    [
      0.0031753232025402587,
      0.06622816965298253,
      0.9305965071444772
    ]
  ],
  "fold": 1,
  "train_time_sec": 29.194353555998532,
  "epochs_ran": 10
}