{
  "f1_macro": 0.7805416093678548,
  "recall_neg": 0.8078651685393259,
  "precision_pos": 0.9591397849462365,
  "confusion_matrix": [
    [
      0.8078651685393259,
      0.16853932584269662,
      0.02359550561797753
    ],
    [
      0.12005277044854881,
      0.6820580474934037,
      0.19788918205804748
    ],
    [
      0.008845543207076435,
      0.08074393286459515,
      0.9104105239283284
    ]
  ],
  "fold": 3,
  "train_time_sec": 26.40478332999919,
  "epochs_ran": 10
}