{
  "f1_macro": 0.77277354826793,
  "recall_neg": 0.8,
  "precision_pos": 0.959581202824446,
  "confusion_matrix": [
    [
      0.8,
      0.18202247191011237,
      0.017977528089887642
    ],
    [
      0.10686015831134564,
      0.6952506596306068,
      0.19788918205804748
    ],
    [
      0.0040825584032660464,
      0.10206396008165117,
      0.8938534815150828
    ]
  ],
  "fold": 2,
  "train_time_sec": 25.92832870701386,
  "epochs_ran": 10
}