{
  "accuracy": [
    0.35397061705589294,
    0.7746409177780151,
    0.838368833065033,
    0.8757635951042175,
    0.890292227268219,
    0.9295030832290649,
    0.9385834336280823,
    0.9522866010665894,
    0.9658246636390686,
    0.9753178358078003
  ],
  "loss": [
    1.1026711463928223,
    0.8209206461906433,
    0.5978807806968689,
    0.42584699392318726,
    0.32658788561820984,
    0.235359787940979,
    0.1839030534029007,
    0.13714687526226044,
    0.10108770430088043,
    0.08051452785730362
  ],
  "val_accuracy": [
    0.6827335953712463,
    0.7974579334259033,
    0.8109937310218811,
    0.8657972812652588,
    0.8684384226799011,
    0.8717398643493652,
    0.8621657490730286,
    0.8666226267814636,
    0.8750412464141846,
    0.8743810057640076
  ],
  "val_loss": [
    0.9068414568901062,
    0.5909880995750427,
    0.5230376124382019,
    0.3627927303314209,
    0.3524620532989502,
    0.3659203350543976,
    0.39491644501686096,
    0.3954549729824066,
    0.402739942073822,
    0.40358519554138184
  ],
  "learning_rate": [
    0.0005000000237487257,
    0.0005000000237487257,
    0.0005000000237487257,
    0.0005000000237487257,
    0.0005000000237487257,
    0.0005000000237487257,
    0.0005000000237487257,
    0.0005000000237487257,
    0.0002500000118743628,
    0.0002500000118743628
  ]
}