{
  "accuracy": [
    0.5571605563163757,
    0.8011555671691895,
    0.8302105069160461,
    0.8682624697685242,
    0.8921997547149658,
    0.9253817796707153,
    0.9418076872825623,
    0.9542715549468994,
    0.9732562899589539,
    0.9772183299064636
  ],
  "loss": [
    1.077980637550354,
    0.8096027374267578,
    0.6263211369514465,
    0.4553476870059967,
    0.33186084032058716,
    0.23676526546478271,
    0.17918944358825684,
    0.13929444551467896,
    0.09932169318199158,
    0.08203782141208649
  ],
  "val_accuracy": [
    0.8140993714332581,
    0.8144295811653137,
    0.8091464638710022,
    0.8269770741462708,
    0.8552088737487793,
    0.8560343384742737,
    0.8391942977905273,
    0.8687468767166138,
    0.8812943696975708,
    0.8700677156448364
  ],
  "val_loss": [
    0.7492867112159729,
    0.6027103662490845,
    0.529643714427948,
    0.4379347562789917,
    0.3769611716270447,
    0.38668158650398254,
    0.43928730487823486,
    0.3962693214416504,
    0.398069828748703,
    0.43402424454689026
  ],
  "learning_rate": [
    0.0005000000237487257,
    0.0005000000237487257,
    0.0005000000237487257,
    0.0005000000237487257,
    0.0005000000237487257,
    0.0005000000237487257,
    0.0005000000237487257,
    0.0005000000237487257,
    0.0002500000118743628,
    0.0002500000118743628
  ]
}