{
  "folds": [
    {
      "f1_macro": 0.773850996641083,
      "recall_neg": 0.7441077441077442,
      "precision_pos": 0.9462638376383764,
      "confusion_matrix": [
        [
          0.7441077441077442,
          0.22671156004489337,
          0.029180695847362513
        ],
        [
          0.07387862796833773,
          0.6530343007915568,
          0.27308707124010556
        ],
        [
          0.0031753232025402587,
          0.06622816965298253,
          0.9305965071444772
        ]
      ],
      "fold": 1,
      "train_time_sec": 29.194353555998532,
      "epochs_ran": 10
    },
    {
      "f1_macro": 0.77277354826793,
      "recall_neg": 0.8,
      "precision_pos": 0.959581202824446,
      "confusion_matrix": [
        [
          0.8,
          0.18202247191011237,
          0.017977528089887642
        ],
        [
          0.10686015831134564,
          0.6952506596306068,
          0.19788918205804748
        ],
        [
          0.0040825584032660464,
          0.10206396008165117,
          0.8938534815150828
        ]
      ],
      "fold": 2,
      "train_time_sec": 25.92832870701386,
      "epochs_ran": 10
    },
    {
      "f1_macro": 0.7805416093678548,
      "recall_neg": 0.8078651685393259,
      "precision_pos": 0.9591397849462365,
      "confusion_matrix": [
        [
          0.8078651685393259,
          0.16853932584269662,
          0.02359550561797753
        ],
        [
          0.12005277044854881,
          0.6820580474934037,
          0.19788918205804748
        ],
        [
          0.008845543207076435,
          0.08074393286459515,
          0.9104105239283284
        ]
      ],
      "fold": 3,
      "train_time_sec": 26.40478332999919,
      "epochs_ran": 10
    }
  ],
  "mean_f1_macro": 0.7757220514256226,
  "mean_recall_neg": 0.7839909708823566,
  "mean_precision_pos": 0.9549949418030197,
  "mean_epochs_ran": 10.0
}