{
  "accuracy": [
    0.3113495707511902,
    0.7994222044944763,
    0.8198927044868469,
    0.8676846623420715,
    0.8970697522163391,
    0.911679744720459,
    0.9414774775505066,
    0.9512174725532532,
    0.9650020599365234,
    0.9704498648643494
  ],
  "loss": [
    1.1044116020202637,
    0.7826728224754333,
    0.5945666432380676,
    0.42040836811065674,
    0.3298196494579315,
    0.263824999332428,
    0.1815711408853531,
    0.16577132046222687,
    0.11701442301273346,
    0.09916747361421585
  ],
  "val_accuracy": [
    0.7871883511543274,
    0.7776126861572266,
    0.7916460037231445,
    0.7876836657524109,
    0.851081371307373,
    0.8408452868461609,
    0.8507512211799622,
    0.8522371053695679,
    0.8477794528007507,
    0.8494303822517395
  ],
  "val_loss": [
    0.8544050455093384,
    0.6504582762718201,
    0.5539008378982544,
    0.5756855607032776,
    0.40720391273498535,
    0.4337586760520935,
    0.43648386001586914,
    0.4201563000679016,
    0.48106133937835693,
    0.48001089692115784
  ],
  "learning_rate": [
    0.0005000000237487257,
    0.0005000000237487257,
    0.0005000000237487257,
    0.0005000000237487257,
    0.0005000000237487257,
    0.0005000000237487257,
    0.0005000000237487257,
    0.0005000000237487257,
    0.0002500000118743628,
    0.0002500000118743628
  ]
}