{
  "accuracy": [
    0.3482459783554077,
    0.7650846242904663,
    0.8318613171577454,
    0.8657037019729614,
    0.8837804198265076,
    0.9212546348571777,
    0.936855137348175,
    0.9540239572525024,
    0.9679735898971558,
    0.9709451198577881,
    0.9806851148605347,
    0.9843169450759888
  ],
  "loss": [
    1.1425819396972656,
    0.8939972519874573,
    0.6239162683486938,
    0.4501121938228607,
    0.35602569580078125,
    0.2603856325149536,
    0.19270657002925873,
    0.14183370769023895,
    0.10220490396022797,
    0.08807545155286789,
    0.06433450430631638,
    0.051628660410642624
  ],
  "val_accuracy": [
    0.7883440852165222,
    0.8051840662956238,
    0.8429915904998779,
    0.8274723291397095,
    0.8416708111763,
    0.8677563071250916,
    0.8812943696975708,
    0.8738649487495422,
    0.876506507396698,
    0.8722139596939087,
    0.8740300536155701,
    0.8773320317268372
  ],
  "val_loss": [
    0.7713625431060791,
    0.572792649269104,
    0.40665507316589355,
    0.4064270257949829,
    0.3813712000846863,
    0.3520018756389618,
    0.3504321277141571,
    0.3801695704460144,
    0.38933485746383667,
    0.41569268703460693,
    0.42702025175094604,
    0.4319436848163605
  ],
  "learning_rate": [
    0.0005000000237487257,
    0.0005000000237487257,
    0.0005000000237487257,
    0.0005000000237487257,
    0.0005000000237487257,
    0.0005000000237487257,
    0.0005000000237487257,
    0.0005000000237487257,
    0.0005000000237487257,
    0.0005000000237487257,
    0.0002500000118743628,
    0.0002500000118743628
  ]
}