{
  "accuracy": [
    0.36544492840766907,
    0.8008089661598206,
    0.8422486186027527,
    0.8841835856437683,
    0.9189367890357971,
    0.9425458312034607,
    0.9583126902580261,
    0.9662374258041382,
    0.9747399687767029,
    0.9821693897247314
  ],
  "loss": [
    1.1067427396774292,
    0.7535182237625122,
    0.4946996569633484,
    0.3588804304599762,
    0.2468794584274292,
    0.1811552494764328,
    0.12735769152641296,
    0.11025989055633545,
    0.07473639398813248,
    0.05863545835018158
  ],
  "val_accuracy": [
    0.7900297045707703,
    0.8275008201599121,
    0.807692289352417,
    0.8657972812652588,
    0.868603527545929,
    0.8611752986907959,
    0.8715747594833374,
    0.8808187246322632,
    0.877187192440033,
    0.8799933791160583
  ],
  "val_loss": [
    0.7704880833625793,
    0.45771193504333496,
    0.4732584059238434,
    0.3688262104988098,
    0.3603905439376831,
    0.3980700373649597,
    0.39368200302124023,
    0.38041889667510986,
    0.4221252202987671,
    0.41255050897598267
  ],
  "learning_rate": [
    0.0005000000237487257,
    0.0005000000237487257,
    0.0005000000237487257,
    0.0005000000237487257,
    0.0005000000237487257,
    0.0005000000237487257,
    0.0005000000237487257,
    0.0005000000237487257,
    0.0002500000118743628,
    0.0002500000118743628
  ]
}