{
  "f1_macro": 0.7849367625626752,
  "recall_neg": 0.7620650953984287,
  "precision_pos": 0.9611071343354808,
  "confusion_matrix": [
    [
      0.7620650953984287,
      0.2166105499438833,
      0.02132435465768799
    ],
    [
      0.07783641160949868,
      0.7321899736147758,
      0.18997361477572558
    ],
    [
      0.004536176003628941,
      0.08187797686550238,
      0.9135858471308687
    ]
  ],
  "fold": 1,
  "train_time_sec": 37.79548706400965,
  "epochs_ran": 10
}