{
  "f1_macro": 0.7910182820728836,
  "recall_neg": 0.7955056179775281,
  "precision_pos": 0.9459521094640821,
  "confusion_matrix": [
    [
      0.7955056179775281,
      0.16404494382022472,
      0.04044943820224719
    ],
    [
      0.09894459102902374,
      0.6358839050131926,
      0.26517150395778366
    ],
    [
      0.0031753232025402587,
      0.05602177364481742,
      0.9408029031526424
    ]
  ],
  "fold": 2,
  "train_time_sec": 41.78995053599647,
  "epochs_ran": 12
}