{
  "f1_macro": 0.7557138602685404,
  "recall_neg": 0.8426966292134831,
  "precision_pos": 0.9478344101459679,
  "confusion_matrix": [
    [
      0.8426966292134831,
      0.12134831460674157,
      0.035955056179775284
    ],
    [
      0.16886543535620052,
      0.5857519788918206,
      0.24538258575197888
    ],
    [
      0.011794057609435245,
      0.08981628487185303,
      0.8983896575187117
    ]
  ],
  "fold": 3,
  "train_time_sec": 112.95051433901244,
  "epochs_ran": 10
}