{
  "folds": [
    {
      "f1_macro": 0.7849367625626752,
      "recall_neg": 0.7620650953984287,
      "precision_pos": 0.9611071343354808,
      "confusion_matrix": [
        [
          0.7620650953984287,
          0.2166105499438833,
          0.02132435465768799
        ],
        [
          0.07783641160949868,
          0.7321899736147758,
          0.18997361477572558
        ],
        [
          0.004536176003628941,
          0.08187797686550238,
          0.9135858471308687
        ]
      ],
      "fold": 1,
      "train_time_sec": 37.79548706400965,
      "epochs_ran": 10
    },
    {
      "f1_macro": 0.7910182820728836,
      "recall_neg": 0.7955056179775281,
      "precision_pos": 0.9459521094640821,
      "confusion_matrix": [
        [
          0.7955056179775281,
          0.16404494382022472,
          0.04044943820224719
        ],
        [
          0.09894459102902374,
          0.6358839050131926,
          0.26517150395778366
        ],
        [
          0.0031753232025402587,
          0.05602177364481742,
          0.9408029031526424
        ]
      ],
      "fold": 2,
      "train_time_sec": 41.78995053599647,
      "epochs_ran": 12
    },
    {
      "f1_macro": 0.7557138602685404,
      "recall_neg": 0.8426966292134831,
      "precision_pos": 0.9478344101459679,
      "confusion_matrix": [
        [
          0.8426966292134831,
          0.12134831460674157,
          0.035955056179775284
        ],
        [
          0.16886543535620052,
          0.5857519788918206,
          0.24538258575197888
        ],
        [
          0.011794057609435245,
          0.08981628487185303,
          0.8983896575187117
        ]
      ],
      "fold": 3,
      "train_time_sec": 112.95051433901244,
      "epochs_ran": 10
    }
  ],
  "mean_f1_macro": 0.7772229683013664,
  "mean_recall_neg": 0.80008911419648,
  "mean_precision_pos": 0.9516312179818437,
  "mean_epochs_ran": 10.666666666666666
}