{
  "f1_macro": 0.739603736457603,
  "recall_neg": 0.7887640449438202,
  "precision_pos": 0.9295114878429623,
  "confusion_matrix": [
    [
      0.7887640449438202,
      0.15617977528089888,
      0.0550561797752809
    ],
    [
      0.17810026385224276,
      0.46965699208443273,
      0.35224274406332456
    ],
    [
      0.014288954411431163,
      0.04059877523247902,
      0.9451122703560898
    ]
  ],
  "fold": 2,
  "train_time_sec": 39.14249215699965,
  "epochs_ran": 9
}