{
  "f1_macro": 0.7505548691434926,
  "recall_neg": 0.7853932584269663,
  "precision_pos": 0.9258609344154419,
  "confusion_matrix": [
    [
      0.7853932584269663,
      0.1348314606741573,
      0.07977528089887641
    ],
    [
      0.17546174142480211,
      0.47229551451187335,
      0.35224274406332456
    ],
    [
      0.010433204808346563,
      0.03220684962576548,
      0.957359945565888
    ]
  ],
  "fold": 3,
  "train_time_sec": 38.2911865030037,
  "epochs_ran": 10
}