{
  "accuracy": [
    0.4571570158004761,
    0.7918936610221863,
    0.8829453587532043,
    0.9505530595779419,
    0.9760607481002808,
    0.9910846948623657,
    0.9962853193283081,
    0.9936437010765076,
    0.9985966682434082,
    0.9990919828414917
  ],
  "loss": [
    1.1262500286102295,
    0.7450231313705444,
    0.4251871705055237,
    0.19436578452587128,
    0.09871943295001984,
    0.049031998962163925,
    0.02433583326637745,
    0.02550453320145607,
    0.012611511163413525,
    0.00948407780379057
  ],
  "val_accuracy": [
    0.5006603002548218,
    0.8139650225639343,
    0.8456586599349976,
    0.860680103302002,
    0.8785077333450317,
    0.8821393251419067,
    0.876691997051239,
    0.8653020858764648,
    0.8781776428222656,
    0.8786728382110596
  ],
  "val_loss": [
    1.083854079246521,
    0.5821132063865662,
    0.4486824572086334,
    0.395170658826828,
    0.36560994386672974,
    0.38417553901672363,
    0.39748436212539673,
    0.42204251885414124,
    0.41518813371658325,
    0.41840094327926636
  ],
  "learning_rate": [
    0.0005000000237487257,
    0.0005000000237487257,
    0.0005000000237487257,
    0.0005000000237487257,
    0.0005000000237487257,
    0.0005000000237487257,
    0.0005000000237487257,
    0.0005000000237487257,
    0.0002500000118743628,
    0.0002500000118743628
  ]
}