{
  "accuracy": [
    0.43095335364341736,
    0.7756500244140625,
    0.8741229772567749,
    0.9390837550163269,
    0.9667354226112366,
    0.9815105199813843,
    0.9877837300300598,
    0.9959554076194763,
    0.998101532459259,
    0.9992571473121643
  ],
  "loss": [
    1.1218304634094238,
    0.7860088348388672,
    0.49446067214012146,
    0.2568225860595703,
    0.13487215340137482,
    0.0849195271730423,
    0.04821700230240822,
    0.022002287209033966,
    0.014050060883164406,
    0.010543620213866234
  ],
  "val_accuracy": [
    0.6945682764053345,
    0.7137196660041809,
    0.8571900129318237,
    0.8405150771141052,
    0.8713884949684143,
    0.8481096029281616,
    0.8315998315811157,
    0.8692421913146973,
    0.8735347390174866,
    0.8738649487495422
  ],
  "val_loss": [
    0.9035219550132751,
    0.7496103048324585,
    0.42496591806411743,
    0.4318280816078186,
    0.37319037318229675,
    0.42578190565109253,
    0.4772184491157532,
    0.43584370613098145,
    0.4327273368835449,
    0.43223845958709717
  ],
  "learning_rate": [
    0.0005000000237487257,
    0.0005000000237487257,
    0.0005000000237487257,
    0.0005000000237487257,
    0.0005000000237487257,
    0.0005000000237487257,
    0.0005000000237487257,
    0.0005000000237487257,
    0.0002500000118743628,
    0.0002500000118743628
  ]
}