{
  "accuracy": [
    0.5116797089576721,
    0.7711101770401001,
    0.89739990234375,
    0.9546017050743103,
    0.9828311800956726,
    0.9921584725379944,
    0.9958728551864624,
    0.9976062774658203,
    0.9990094900131226
  ],
  "loss": [
    1.088158369064331,
    0.7802349925041199,
    0.43074676394462585,
    0.18878938257694244,
    0.07821042835712433,
    0.03992938622832298,
    0.025591915473341942,
    0.017728101462125778,
    0.010827917605638504
  ],
  "val_accuracy": [
    0.5709096789360046,
    0.8429915904998779,
    0.8063398003578186,
    0.8626382946968079,
    0.8684167265892029,
    0.870728075504303,
    0.8385339379310608,
    0.8695724010467529,
    0.871883749961853
  ],
  "val_loss": [
    0.9832226037979126,
    0.5204169154167175,
    0.5196753144264221,
    0.37025633454322815,
    0.37635892629623413,
    0.38476255536079407,
    0.4751995801925659,
    0.4108027517795563,
    0.42449331283569336
  ],
  "learning_rate": [
    0.0005000000237487257,
    0.0005000000237487257,
    0.0005000000237487257,
    0.0005000000237487257,
    0.0005000000237487257,
    0.0005000000237487257,
    0.0005000000237487257,
    0.0002500000118743628,
    0.0002500000118743628
  ]
}