{
  "f1_macro": 0.7618369827142555,
  "recall_neg": 0.8226711560044894,
  "precision_pos": 0.9282894736842106,
  "confusion_matrix": [
    [
      0.8226711560044894,
      0.10325476992143659,
      0.07407407407407407
    ],
    [
      0.18601583113456466,
      0.46965699208443273,
      0.34432717678100266
    ],
    [
      0.015876616012701295,
      0.024041732819233386,
      0.9600816511680653
    ]
  ],
  "fold": 1,
  "train_time_sec": 42.42992104899895,
  "epochs_ran": 10
}