{
  "folds": [
    {
      "f1_macro": 0.7618369827142555,
      "recall_neg": 0.8226711560044894,
      "precision_pos": 0.9282894736842106,
      "confusion_matrix": [
        [
          0.8226711560044894,
          0.10325476992143659,
          0.07407407407407407
        ],
        [
          0.18601583113456466,
          0.46965699208443273,
          0.34432717678100266
        ],
        [
          0.015876616012701295,
          0.024041732819233386,
          0.9600816511680653
        ]
      ],
      "fold": 1,
      "train_time_sec": 42.42992104899895,
      "epochs_ran": 10
    },
    {
      "f1_macro": 0.739603736457603,
      "recall_neg": 0.7887640449438202,
      "precision_pos": 0.9295114878429623,
      "confusion_matrix": [
        [
          0.7887640449438202,
          0.15617977528089888,
          0.0550561797752809
        ],
        [
          0.17810026385224276,
          0.46965699208443273,
          0.35224274406332456
        ],
        [
          0.014288954411431163,
          0.04059877523247902,
          0.9451122703560898
        ]
      ],
      "fold": 2,
      "train_time_sec": 39.14249215699965,
      "epochs_ran": 9
    },
    {
      "f1_macro": 0.7505548691434926,
      "recall_neg": 0.7853932584269663,
      "precision_pos": 0.9258609344154419,
      "confusion_matrix": [
        [
          0.7853932584269663,
          0.1348314606741573,
          0.07977528089887641
        ],
        [
          0.17546174142480211,
          0.47229551451187335,
          0.35224274406332456
        ],
        [
          0.010433204808346563,
          0.03220684962576548,
          0.957359945565888
        ]
      ],
      "fold": 3,
      "train_time_sec": 38.2911865030037,
      "epochs_ran": 10
    }
  ],
  "mean_f1_macro": 0.7506651961051171,
  "mean_recall_neg": 0.7989428197917586,
  "mean_precision_pos": 0.9278872986475383,
  "mean_epochs_ran": 9.666666666666666
}