{
  "accuracy": [
    0.14742055535316467,
    0.2112257480621338,
    0.15311597287654877,
    0.20858439803123474,
    0.21527032554149628,
    0.2545604705810547,
    0.14964918792247772,
    0.14923648536205292,
    0.20899711549282074
  ],
  "loss": [
    1.1688308715820312,
    1.164686918258667,
    1.1622142791748047,
    1.1563103199005127,
    1.1536325216293335,
    1.1655875444412231,
    1.1633561849594116,
    1.158202052116394,
    1.1522818803787231
  ],
  "val_accuracy": [
    0.14693742990493774,
    0.14710251986980438,
    0.14743272960186005,
    0.7308898568153381,
    0.148093119263649,
    0.14776292443275452,
    0.14792801439762115,
    0.14743272960186005,
    0.14792801439762115
  ],
  "val_loss": [
    1.1357165575027466,
    1.1175142526626587,
    1.1308752298355103,
    1.0763601064682007,
    1.0976898670196533,
    1.1286687850952148,
    1.1160736083984375,
    1.121474027633667,
    1.102591872215271
  ],
  "learning_rate": [
    0.0005000000237487257,
    0.0005000000237487257,
    0.0005000000237487257,
    0.0005000000237487257,
    0.0005000000237487257,
    0.0005000000237487257,
    0.0005000000237487257,
    0.0002500000118743628,
    0.0002500000118743628
  ]
}