{
  "f1_macro": 0.32385944467946093,
  "recall_neg": 0.07303370786516854,
  "precision_pos": 0.7357058525889695,
  "confusion_matrix": [
    [
      0.07303370786516854,
      0.0,
      0.9269662921348315
    ],
    [
      0.021108179419525065,
      0.0,
      0.978891820580475
    ],
    [
      0.01066001360852801,
      0.0,
      0.989339986391472
    ]
  ],
  "fold": 2,
  "train_time_sec": 27.608714399000746,
  "epochs_ran": 9
}