{
  "f1_macro": 0.0909034391482557,
  "recall_neg": 1.0,
  "precision_pos": 1.0,
  "confusion_matrix": [
    [
      1.0,
      0.0,
      0.0
    ],
    [
      0.9934036939313984,
      0.006596306068601583,
      0.0
    ],
    [
      0.9981855295985484,
      0.0004536176003628941,
      0.0013608528010886822
    ]
  ],
  "fold": 1,
  "train_time_sec": 34.769510496000294,
  "epochs_ran": 11
}