{
  "accuracy": [
    0.1523856669664383,
    0.2976721227169037,
    0.14594684541225433,
    0.20876671373844147,
    0.14834076166152954,
    0.19820043444633484,
    0.18697375059127808,
    0.19531120359897614,
    0.19027571380138397,
    0.14974409341812134,
    0.15015684068202972
  ],
  "loss": [
    1.169601559638977,
    1.171260118484497,
    1.1596719026565552,
    1.1570762395858765,
    1.1540478467941284,
    1.1497771739959717,
    1.1640236377716064,
    1.1591119766235352,
    1.1512463092803955,
    1.1490010023117065,
    1.1477528810501099
  ],
  "val_accuracy": [
    0.1470782458782196,
    0.1470782458782196,
    0.1470782458782196,
    0.1474083811044693,
    0.14790359139442444,
    0.1488940268754959,
    0.14839881658554077,
    0.14790359139442444,
    0.14806866645812988,
    0.14806866645812988,
    0.14823374152183533
  ],
  "val_loss": [
    1.1534602642059326,
    1.1324403285980225,
    1.1204301118850708,
    1.1268446445465088,
    1.1077114343643188,
    1.0981332063674927,
    1.1235920190811157,
    1.1300663948059082,
    1.1318252086639404,
    1.1278246641159058,
    1.12498140335083
  ],
  "learning_rate": [
    0.0005000000237487257,
    0.0005000000237487257,
    0.0005000000237487257,
    0.0005000000237487257,
    0.0005000000237487257,
    0.0005000000237487257,
    0.0005000000237487257,
    0.0005000000237487257,
    0.0005000000237487257,
    0.0002500000118743628,
    0.0002500000118743628
  ]
}