{
  "f1_macro": 0.32355719566176927,
  "recall_neg": 0.07415730337078652,
  "precision_pos": 0.7359607577807848,
  "confusion_matrix": [
    [
      0.07415730337078652,
      0.0,
      0.9258426966292135
    ],
    [
      0.027704485488126648,
      0.0,
      0.9722955145118733
    ],
    [
      0.013154910410523928,
      0.0,
      0.986845089589476
    ]
  ],
  "fold": 3,
  "train_time_sec": 22.424565416004043,
  "epochs_ran": 7
}