{
  "accuracy": [
    0.18365661799907684,
    0.1826661229133606,
    0.23186132311820984,
    0.1687990128993988,
    0.1479158103466034,
    0.1483285129070282,
    0.1491539478302002
  ],
  "loss": [
    1.1692959070205688,
    1.1657209396362305,
    1.1634721755981445,
    1.158178687095642,
    1.1543333530426025,
    1.1510146856307983,
    1.1500755548477173
  ],
  "val_accuracy": [
    0.14693742990493774,
    0.7292388677597046,
    0.14710251986980438,
    0.14726762473583221,
    0.14759781956672668,
    0.14759781956672668,
    0.14792801439762115
  ],
  "val_loss": [
    1.1034834384918213,
    1.085000991821289,
    1.1278399229049683,
    1.1512476205825806,
    1.1322475671768188,
    1.1203354597091675,
    1.1106613874435425
  ],
  "learning_rate": [
    0.0005000000237487257,
    0.0005000000237487257,
    0.0005000000237487257,
    0.0005000000237487257,
    0.0005000000237487257,
    0.0002500000118743628,
    0.0002500000118743628
  ]
}