{
  "folds": [
    {
      "f1_macro": 0.0909034391482557,
      "recall_neg": 1.0,
      "precision_pos": 1.0,
      "confusion_matrix": [
        [
          1.0,
          0.0,
          0.0
        ],
        [
          0.9934036939313984,
          0.006596306068601583,
          0.0
        ],
        [
          0.9981855295985484,
          0.0004536176003628941,
          0.0013608528010886822
        ]
      ],
      "fold": 1,
      "train_time_sec": 34.769510496000294,
      "epochs_ran": 11
    },
    {
      "f1_macro": 0.32385944467946093,
      "recall_neg": 0.07303370786516854,
      "precision_pos": 0.7357058525889695,
      "confusion_matrix": [
        [
          0.07303370786516854,
          0.0,
          0.9269662921348315
        ],
        [
          0.021108179419525065,
          0.0,
          0.978891820580475
        ],
        [
          0.01066001360852801,
          0.0,
          0.989339986391472
        ]
      ],
      "fold": 2,
      "train_time_sec": 27.608714399000746,
      "epochs_ran": 9
    },
    {
      "f1_macro": 0.32355719566176927,
      "recall_neg": 0.07415730337078652,
      "precision_pos": 0.7359607577807848,
      "confusion_matrix": [
        [
          0.07415730337078652,
          0.0,
          0.9258426966292135
        ],
        [
          0.027704485488126648,
          0.0,
          0.9722955145118733
        ],
        [
          0.013154910410523928,
          0.0,
          0.986845089589476
        ]
      ],
      "fold": 3,
      "train_time_sec": 22.424565416004043,
      "epochs_ran": 7
    }
  ],
  "mean_f1_macro": 0.246106693163162,
  "mean_recall_neg": 0.3823970037453184,
  "mean_precision_pos": 0.8238888701232514,
  "mean_epochs_ran": 9.0
}