{
  "f1_macro": 0.7595504719589116,
  "recall_neg": 0.8092031425364759,
  "precision_pos": 0.9288859533245266,
  "confusion_matrix": [
    [
      0.8092031425364759,
      0.12682379349046016,
      0.06397306397306397
    ],
    [
      0.16754617414248021,
      0.4815303430079156,
      0.35092348284960423
    ],
    [
      0.013608528010886823,
      0.029485144023588115,
      0.9569063279655251
    ]
  ],
  "fold": 1,
  "train_time_sec": 49.63422876500408,
  "epochs_ran": 13
}