{
  "accuracy": [
    0.4020967483520508,
    0.7069506645202637,
    0.8621429800987244,
    0.9215783476829529,
    0.9509658217430115,
    0.9583126902580261,
    0.974574863910675,
    0.987452507019043,
    0.9931484460830688,
    0.9948819279670715,
    0.9972758889198303,
    0.9989268779754639,
    0.998761773109436
  ],
  "loss": [
    1.1292344331741333,
    0.8182536363601685,
    0.4831208884716034,
    0.2855670750141144,
    0.1729796975851059,
    0.13162417709827423,
    0.08894369006156921,
    0.04599214717745781,
    0.02941437065601349,
    0.024345723912119865,
    0.014925431460142136,
    0.010980738326907158,
    0.009522815234959126
  ],
  "val_accuracy": [
    0.29745790362358093,
    0.8100032806396484,
    0.8284912705421448,
    0.8374050855636597,
    0.8621657490730286,
    0.8664575815200806,
    0.869263768196106,
    0.8757015466690063,
    0.8879168033599854,
    0.8781776428222656,
    0.8745460510253906,
    0.8790029883384705,
    0.8824694752693176
  ],
  "val_loss": [
    1.1680880784988403,
    0.5786358714103699,
    0.4700075089931488,
    0.44905275106430054,
    0.40518295764923096,
    0.4212884306907654,
    0.4086470901966095,
    0.4047110080718994,
    0.4224676489830017,
    0.4320562183856964,
    0.45345184206962585,
    0.45357343554496765,
    0.4602605402469635
  ],
  "learning_rate": [
    0.0005000000237487257,
    0.0005000000237487257,
    0.0005000000237487257,
    0.0005000000237487257,
    0.0005000000237487257,
    0.0005000000237487257,
    0.0005000000237487257,
    0.0005000000237487257,
    0.0005000000237487257,
    0.0005000000237487257,
    0.0005000000237487257,
    0.0002500000118743628,
    0.0002500000118743628
  ]
}