{
  "accuracy": [
    0.528188169002533,
    0.776557981967926,
    0.8652084469795227,
    0.8945934772491455,
    0.9384234547615051,
    0.9635988473892212,
    0.9813454151153564,
    0.9834089875221252,
    0.9888567924499512,
    0.9947998523712158,
    0.9971110224723816
  ],
  "loss": [
    1.0833053588867188,
    0.77141934633255,
    0.5014984011650085,
    0.3639315962791443,
    0.22023263573646545,
    0.13027240335941315,
    0.07352219521999359,
    0.059551578015089035,
    0.04711629077792168,
    0.02595014125108719,
    0.0171028021723032
  ],
  "val_accuracy": [
    0.7939574122428894,
    0.8061746954917908,
    0.8411754965782166,
    0.8099719285964966,
    0.838368833065033,
    0.8606570959091187,
    0.8461284637451172,
    0.8656100630760193,
    0.864949643611908,
    0.8695724010467529,
    0.871883749961853
  ],
  "val_loss": [
    0.6728724241256714,
    0.6221213936805725,
    0.48678451776504517,
    0.5139734745025635,
    0.43418174982070923,
    0.39382240176200867,
    0.4269963800907135,
    0.42188701033592224,
    0.4139808714389801,
    0.418010413646698,
    0.42304182052612305
  ],
  "learning_rate": [
    0.0005000000237487257,
    0.0005000000237487257,
    0.0005000000237487257,
    0.0005000000237487257,
    0.0005000000237487257,
    0.0005000000237487257,
    0.0005000000237487257,
    0.0005000000237487257,
    0.0005000000237487257,
    0.0002500000118743628,
    0.0002500000118743628
  ]
}