{
  "f1_macro": 0.7492229034305633,
  "recall_neg": 0.8078651685393259,
  "precision_pos": 0.9316032548933363,
  "confusion_matrix": [
    [
      0.8078651685393259,
      0.13820224719101123,
      0.05393258426966292
    ],
    [
      0.20184696569920843,
      0.45118733509234826,
      0.3469656992084433
    ],
    [
      0.0115672488092538,
      0.02767067362213654,
      0.9607620775686097
    ]
  ],
  "fold": 2,
  "train_time_sec": 43.90898736100644,
  "epochs_ran": 12
}