{
  "f1_macro": 0.7462800805383987,
  "recall_neg": 0.8067415730337079,
  "precision_pos": 0.9404216315307058,
  "confusion_matrix": [
    [
      0.8067415730337079,
      0.14831460674157304,
      0.0449438202247191
    ],
    [
      0.19393139841688653,
      0.5158311345646438,
      0.29023746701846964
    ],
    [
      0.01451576321161261,
      0.054660920843728734,
      0.9308233159446586
    ]
  ],
  "fold": 3,
  "train_time_sec": 39.2729110650107,
  "epochs_ran": 11
}