{
  "accuracy": [
    0.41130828857421875,
    0.7807676196098328,
    0.8761039972305298,
    0.911927342414856,
    0.9518778324127197,
    0.9707800149917603,
    0.9789516925811768,
    0.9900949001312256,
    0.9921584725379944,
    0.9945521950721741,
    0.9961205124855042,
    0.998184084892273
  ],
  "loss": [
    1.1248518228530884,
    0.7760946750640869,
    0.481571227312088,
    0.30202221870422363,
    0.16741943359375,
    0.0989464744925499,
    0.06700363010168076,
    0.042377252131700516,
    0.028681354597210884,
    0.02304084785282612,
    0.017057344317436218,
    0.01267835684120655
  ],
  "val_accuracy": [
    0.6164767742156982,
    0.6736007928848267,
    0.8418359160423279,
    0.851081371307373,
    0.8505861163139343,
    0.8533927798271179,
    0.8745253682136536,
    0.8748555183410645,
    0.8770018219947815,
    0.8748555183410645,
    0.8796433806419373,
    0.878652811050415
  ],
  "val_loss": [
    0.9293463230133057,
    0.8098487257957458,
    0.4691605567932129,
    0.413429319858551,
    0.4104636013507843,
    0.4320777952671051,
    0.3985540568828583,
    0.41363513469696045,
    0.4329773187637329,
    0.43295735120773315,
    0.44978877902030945,
    0.4430808424949646
  ],
  "learning_rate": [
    0.0005000000237487257,
    0.0005000000237487257,
    0.0005000000237487257,
    0.0005000000237487257,
    0.0005000000237487257,
    0.0005000000237487257,
    0.0005000000237487257,
    0.0005000000237487257,
    0.0005000000237487257,
    0.0005000000237487257,
    0.0002500000118743628,
    0.0002500000118743628
  ]
}