{
  "folds": [
    {
      "f1_macro": 0.7595504719589116,
      "recall_neg": 0.8092031425364759,
      "precision_pos": 0.9288859533245266,
      "confusion_matrix": [
        [
          0.8092031425364759,
          0.12682379349046016,
          0.06397306397306397
        ],
        [
          0.16754617414248021,
          0.4815303430079156,
          0.35092348284960423
        ],
        [
          0.013608528010886823,
          0.029485144023588115,
          0.9569063279655251
        ]
      ],
      "fold": 1,
      "train_time_sec": 49.63422876500408,
      "epochs_ran": 13
    },
    {
      "f1_macro": 0.7492229034305633,
      "recall_neg": 0.8078651685393259,
      "precision_pos": 0.9316032548933363,
      "confusion_matrix": [
        [
          0.8078651685393259,
          0.13820224719101123,
          0.05393258426966292
        ],
        [
          0.20184696569920843,
          0.45118733509234826,
          0.3469656992084433
        ],
        [
          0.0115672488092538,
          0.02767067362213654,
          0.9607620775686097
        ]
      ],
      "fold": 2,
      "train_time_sec": 43.90898736100644,
      "epochs_ran": 12
    },
    {
      "f1_macro": 0.7462800805383987,
      "recall_neg": 0.8067415730337079,
      "precision_pos": 0.9404216315307058,
      "confusion_matrix": [
        [
          0.8067415730337079,
          0.14831460674157304,
          0.0449438202247191
        ],
        [
          0.19393139841688653,
          0.5158311345646438,
          0.29023746701846964
        ],
        [
          0.01451576321161261,
          0.054660920843728734,
          0.9308233159446586
        ]
      ],
      "fold": 3,
      "train_time_sec": 39.2729110650107,
      "epochs_ran": 11
    }
  ],
  "mean_f1_macro": 0.7516844853092911,
  "mean_recall_neg": 0.8079366280365031,
  "mean_precision_pos": 0.9336369465828561,
  "mean_epochs_ran": 12.0
}