{
  "accuracy": [
    0.21097812056541443,
    0.14725546538829803,
    0.1442839503288269,
    0.14560462534427643,
    0.2836979031562805,
    0.14824597537517548,
    0.16442427039146423
  ],
  "loss": [
    1.168602466583252,
    1.1676321029663086,
    1.1654518842697144,
    1.1607658863067627,
    1.1577507257461548,
    1.1532208919525146,
    1.1510521173477173
  ],
  "val_accuracy": [
    0.14710251986980438,
    0.14726762473583221,
    0.14743272960186005,
    0.14726762473583221,
    0.14792801439762115,
    0.14792801439762115,
    0.13207858800888062
  ],
  "val_loss": [
    1.1309465169906616,
    1.0881401300430298,
    1.1014903783798218,
    1.0923690795898438,
    1.1202536821365356,
    1.1242921352386475,
    1.0891376733779907
  ],
  "learning_rate": [
    0.0005000000237487257,
    0.0005000000237487257,
    0.0005000000237487257,
    0.0005000000237487257,
    0.0005000000237487257,
    0.0002500000118743628,
    0.0002500000118743628
  ]
}