{
  "accuracy": [
    0.14561663568019867,
    0.14710251986980438,
    0.14751526713371277,
    0.18713884055614471,
    0.25037145614624023,
    0.2691101133823395,
    0.1490837037563324,
    0.15065214037895203,
    0.1505695879459381
  ],
  "loss": [
    1.1694461107254028,
    1.1674422025680542,
    1.165015459060669,
    1.1596201658248901,
    1.1558218002319336,
    1.1545392274856567,
    1.1500929594039917,
    1.149255394935608,
    1.1479341983795166
  ],
  "val_accuracy": [
    0.1470782458782196,
    0.1470782458782196,
    0.1474083811044693,
    0.1477385312318802,
    0.14790359139442444,
    0.14790359139442444,
    0.14823374152183533,
    0.14856387674808502,
    0.14823374152183533
  ],
  "val_loss": [
    1.1391688585281372,
    1.1454825401306152,
    1.1021676063537598,
    1.0960959196090698,
    1.1230705976486206,
    1.1057713031768799,
    1.1243356466293335,
    1.118746280670166,
    1.1384303569793701
  ],
  "learning_rate": [
    0.0005000000237487257,
    0.0005000000237487257,
    0.0005000000237487257,
    0.0005000000237487257,
    0.0005000000237487257,
    0.0005000000237487257,
    0.0005000000237487257,
    0.0002500000118743628,
    0.0002500000118743628
  ]
}