{
  "accuracy": [
    0.14684276282787323,
    0.14733801782131195,
    0.1475030928850174,
    0.20602558553218842,
    0.21155592799186707,
    0.2573668956756592,
    0.14964918792247772,
    0.15022699534893036
  ],
  "loss": [
    1.1691216230392456,
    1.1675018072128296,
    1.1638964414596558,
    1.1593046188354492,
    1.1546709537506104,
    1.1545100212097168,
    1.1497523784637451,
    1.1484391689300537
  ],
  "val_accuracy": [
    0.14710251986980438,
    0.14710251986980438,
    0.14710251986980438,
    0.14743272960186005,
    0.14743272960186005,
    0.14792801439762115,
    0.148093119263649,
    0.148093119263649
  ],
  "val_loss": [
    1.121854543685913,
    1.1337859630584717,
    1.109203577041626,
    1.1194769144058228,
    1.1682589054107666,
    1.132462739944458,
    1.1216814517974854,
    1.1525201797485352
  ],
  "learning_rate": [
    0.0005000000237487257,
    0.0005000000237487257,
    0.0005000000237487257,
    0.0005000000237487257,
    0.0005000000237487257,
    0.0005000000237487257,
    0.0002500000118743628,
    0.0002500000118743628
  ]
}