{
  "f1_macro": 0.08646268563095093,
  "recall_neg": 1.0,
  "precision_pos": 1.0,
  "confusion_matrix": [
    [
      1.0,
      0.0,
      0.0
    ],
    [
      0.9986807387862797,
      0.0013192612137203166,
      0.0
    ],
    [
      0.9997731911998186,
      0.0,
      0.00022680880018144704
    ]
  ],
  "fold": 3,
  "train_time_sec": 12.7288874520018,
  "epochs_ran": 7
}