{
  "folds": [
    {
      "f1_macro": 0.08613343291476179,
      "recall_neg": 1.0,
      "precision_pos": 1.0,
      "confusion_matrix": [
        [
          1.0,
          0.0,
          0.0
        ],
        [
          1.0,
          0.0,
          0.0
        ],
        [
          0.9990927647992742,
          0.0,
          0.0009072352007257881
        ]
      ],
      "fold": 1,
      "train_time_sec": 17.577956809007446,
      "epochs_ran": 9
    },
    {
      "f1_macro": 0.08557203730582036,
      "recall_neg": 1.0,
      "precision_pos": 1.0,
      "confusion_matrix": [
        [
          1.0,
          0.0,
          0.0
        ],
        [
          1.0,
          0.0,
          0.0
        ],
        [
          0.9997731911998186,
          0.0,
          0.00022680880018144704
        ]
      ],
      "fold": 2,
      "train_time_sec": 14.539548019005451,
      "epochs_ran": 8
    },
    {
      "f1_macro": 0.08646268563095093,
      "recall_neg": 1.0,
      "precision_pos": 1.0,
      "confusion_matrix": [
        [
          1.0,
          0.0,
          0.0
        ],
        [
          0.9986807387862797,
          0.0013192612137203166,
          0.0
        ],
        [
          0.9997731911998186,
          0.0,
          0.00022680880018144704
        ]
      ],
      "fold": 3,
      "train_time_sec": 12.7288874520018,
      "epochs_ran": 7
    }
  ],
  "mean_f1_macro": 0.08605605195051103,
  "mean_recall_neg": 1.0,
  "mean_precision_pos": 1.0,
  "mean_epochs_ran": 8.0
}