{
  "accuracy": [
    0.5451918840408325,
    0.8046223521232605,
    0.8680974245071411,
    0.906562089920044,
    0.9403219223022461,
    0.9688815474510193,
    0.9807676672935486,
    0.9881138801574707,
    0.9903425574302673,
    0.9940569400787354,
    0.9955427050590515
  ],
  "loss": [
    1.062509298324585,
    0.7333183884620667,
    0.49975451827049255,
    0.3457021117210388,
    0.21179337799549103,
    0.11685393750667572,
    0.07100214809179306,
    0.04779408499598503,
    0.038336411118507385,
    0.024851711466908455,
    0.01972266659140587
  ],
  "val_accuracy": [
    0.6752517819404602,
    0.7716691493988037,
    0.8596665263175964,
    0.8703978657722473,
    0.8636288642883301,
    0.8793131709098816,
    0.8755159378051758,
    0.8667657375335693,
    0.868251621723175,
    0.8771669268608093,
    0.8725441694259644
  ],
  "val_loss": [
    0.8864348530769348,
    0.6483984589576721,
    0.4058685004711151,
    0.38227710127830505,
    0.38059374690055847,
    0.37494122982025146,
    0.396287202835083,
    0.4082874059677124,
    0.41431158781051636,
    0.4200020432472229,
    0.42734062671661377
  ],
  "learning_rate": [
    0.0005000000237487257,
    0.0005000000237487257,
    0.0005000000237487257,
    0.0005000000237487257,
    0.0005000000237487257,
    0.0005000000237487257,
    0.0005000000237487257,
    0.0005000000237487257,
    0.0005000000237487257,
    0.0002500000118743628,
    0.0002500000118743628
  ]
}