{
  "f1_macro": 0.7414206498219965,
  "recall_neg": 0.8013468013468014,
  "precision_pos": 0.9390770629688565,
  "confusion_matrix": [
    [
      0.8013468013468014,
      0.15039281705948374,
      0.04826038159371493
    ],
    [
      0.20976253298153033,
      0.49340369393139843,
      0.29683377308707126
    ],
    [
      0.015422998412338398,
      0.04762984803810388,
      0.9369471535495577
    ]
  ],
  "fold": 1,
  "train_time_sec": 42.39789001499594,
  "epochs_ran": 11
}