{
  "f1_macro": 0.7606686783054141,
  "recall_neg": 0.8044943820224719,
  "precision_pos": 0.9240616185723585,
  "confusion_matrix": [
    [
      0.8044943820224719,
      0.10786516853932585,
      0.08764044943820225
    ],
    [
      0.17810026385224276,
      0.4630606860158311,
      0.35883905013192613
    ],
    [
      0.0115672488092538,
      0.022454071217963258,
      0.965978679972783
    ]
  ],
  "fold": 3,
  "train_time_sec": 38.66671125899302,
  "epochs_ran": 11
}