{
  "accuracy": [
    0.49364373087882996,
    0.768945038318634,
    0.8538055419921875,
    0.8920257687568665,
    0.9292554259300232,
    0.9515436887741089,
    0.9750701785087585,
    0.9826647043228149,
    0.9885256886482239,
    0.9930658936500549,
    0.9964503645896912
  ],
  "loss": [
    1.1176530122756958,
    0.8327606320381165,
    0.5579294562339783,
    0.38426852226257324,
    0.23124812543392181,
    0.1416204571723938,
    0.08003826439380646,
    0.05610525608062744,
    0.04078463837504387,
    0.027046823874115944,
    0.019077211618423462
  ],
  "val_accuracy": [
    0.651535153388977,
    0.8240343332290649,
    0.8261802792549133,
    0.8529217839241028,
    0.8553978204727173,
    0.8615054488182068,
    0.8471442461013794,
    0.8598547577857971,
    0.8742159008979797,
    0.8697590231895447,
    0.8712446093559265
  ],
  "val_loss": [
    0.9563823938369751,
    0.5609988570213318,
    0.5237084031105042,
    0.4292791783809662,
    0.4123949408531189,
    0.40494588017463684,
    0.4530671238899231,
    0.44010984897613525,
    0.43176478147506714,
    0.44928422570228577,
    0.45556649565696716
  ],
  "learning_rate": [
    0.0005000000237487257,
    0.0005000000237487257,
    0.0005000000237487257,
    0.0005000000237487257,
    0.0005000000237487257,
    0.0005000000237487257,
    0.0005000000237487257,
    0.0005000000237487257,
    0.0005000000237487257,
    0.0002500000118743628,
    0.0002500000118743628
  ]
}