{
  "accuracy": [
    0.3232356607913971,
    0.5447791814804077,
    0.8302929997444153,
    0.9024350047111511,
    0.9208419322967529,
    0.9624432325363159,
    0.9807676672935486,
    0.9889393448829651,
    0.9943045973777771,
    0.9945521950721741,
    0.9971935749053955,
    0.998349130153656
  ],
  "loss": [
    1.1642415523529053,
    1.0097103118896484,
    0.6037545204162598,
    0.34986990690231323,
    0.24916058778762817,
    0.11429367959499359,
    0.06324832886457443,
    0.041066642850637436,
    0.026929501444101334,
    0.02269814908504486,
    0.014374816790223122,
    0.012084092944860458
  ],
  "val_accuracy": [
    0.4036651849746704,
    0.773815393447876,
    0.80931156873703,
    0.6214297413825989,
    0.8142644762992859,
    0.833746075630188,
    0.8727092742919922,
    0.8565296530723572,
    0.8656100630760193,
    0.8699026107788086,
    0.8697375059127808,
    0.8741951584815979
  ],
  "val_loss": [
    1.0985970497131348,
    0.690226137638092,
    0.5239840149879456,
    1.092872977256775,
    0.47225451469421387,
    0.43507829308509827,
    0.38418129086494446,
    0.4242132604122162,
    0.4296654462814331,
    0.4424770772457123,
    0.4442666471004486,
    0.446207731962204
  ],
  "learning_rate": [
    0.0005000000237487257,
    0.0005000000237487257,
    0.0005000000237487257,
    0.0005000000237487257,
    0.0005000000237487257,
    0.0005000000237487257,
    0.0005000000237487257,
    0.0005000000237487257,
    0.0005000000237487257,
    0.0005000000237487257,
    0.0002500000118743628,
    0.0002500000118743628
  ]
}