{
  "f1_macro": 0.7487916065946699,
  "recall_neg": 0.7629213483146068,
  "precision_pos": 0.9340392675932054,
  "confusion_matrix": [
    [
      0.7629213483146068,
      0.1752808988764045,
      0.06179775280898876
    ],
    [
      0.18601583113456466,
      0.4920844327176781,
      0.32189973614775724
    ],
    [
      0.013381719210705375,
      0.026309820821047856,
      0.9603084599682468
    ]
  ],
  "fold": 2,
  "train_time_sec": 44.54625592699449,
  "epochs_ran": 12
}