{
  "folds": [
    {
      "f1_macro": 0.7414206498219965,
      "recall_neg": 0.8013468013468014,
      "precision_pos": 0.9390770629688565,
      "confusion_matrix": [
        [
          0.8013468013468014,
          0.15039281705948374,
          0.04826038159371493
        ],
        [
          0.20976253298153033,
          0.49340369393139843,
          0.29683377308707126
        ],
        [
          0.015422998412338398,
          0.04762984803810388,
          0.9369471535495577
        ]
      ],
      "fold": 1,
      "train_time_sec": 42.39789001499594,
      "epochs_ran": 11
    },
    {
      "f1_macro": 0.7487916065946699,
      "recall_neg": 0.7629213483146068,
      "precision_pos": 0.9340392675932054,
      "confusion_matrix": [
        [
          0.7629213483146068,
          0.1752808988764045,
          0.06179775280898876
        ],
        [
          0.18601583113456466,
          0.4920844327176781,
          0.32189973614775724
        ],
        [
          0.013381719210705375,
          0.026309820821047856,
          0.9603084599682468
        ]
      ],
      "fold": 2,
      "train_time_sec": 44.54625592699449,
      "epochs_ran": 12
    },
    {
      "f1_macro": 0.7606686783054141,
      "recall_neg": 0.8044943820224719,
      "precision_pos": 0.9240616185723585,
      "confusion_matrix": [
        [
          0.8044943820224719,
          0.10786516853932585,
          0.08764044943820225
        ],
        [
          0.17810026385224276,
          0.4630606860158311,
          0.35883905013192613
        ],
        [
          0.0115672488092538,
          0.022454071217963258,
          0.965978679972783
        ]
      ],
      "fold": 3,
      "train_time_sec": 38.66671125899302,
      "epochs_ran": 11
    }
  ],
  "mean_f1_macro": 0.7502936449073602,
  "mean_recall_neg": 0.7895875105612934,
  "mean_precision_pos": 0.9323926497114735,
  "mean_epochs_ran": 11.333333333333334
}