{
  "accuracy": [
    0.34604591131210327,
    0.323344886302948,
    0.337708443403244,
    0.33919432759284973,
    0.34026744961738586
  ],
  "loss": [
    1.1125578880310059,
    1.1706362962722778,
    1.1604245901107788,
    1.1397595405578613,
    1.1325263977050781
  ],
  "val_accuracy": [
    0.1305711418390274,
    0.5113899111747742,
    0.5183228850364685,
    0.37074941396713257,
    0.12958072125911713
  ],
  "val_loss": [
    1.1182575225830078,
    1.0903382301330566,
    1.0759994983673096,
    1.0843192338943481,
    1.0922362804412842
  ]
}