{
  "f1_macro": 0.28467207489305196,
  "recall_neg": 0.0056179775280898875,
  "precision_pos": 0.7286706349206349,
  "fold": 3,
  "train_time_sec": 21.550293321000936
}