{
  "accuracy": [
    0.3276929557323456,
    0.3451918959617615,
    0.33289310336112976,
    0.32389599084854126,
    0.306397020816803
  ],
  "loss": [
    1.1167982816696167,
    1.1383683681488037,
    1.1477768421173096,
    1.147502064704895,
    1.1556332111358643
  ],
  "val_accuracy": [
    0.4573221206665039,
    0.24236421287059784,
    0.27191677689552307,
    0.41390126943588257,
    0.13554565608501434
  ],
  "val_loss": [
    1.078244686126709,
    1.1168992519378662,
    1.1112372875213623,
    1.0966053009033203,
    1.0963404178619385
  ]
}