{
  "f1_macro": 0.12997533091770277,
  "recall_neg": 0.2143658810325477,
  "precision_pos": 1.0,
  "fold": 1,
  "train_time_sec": 25.18949303000045
}