{
  "f1_macro": 0.14205772563186436,
  "recall_neg": 0.45955056179775283,
  "precision_pos": 1.0,
  "fold": 2,
  "train_time_sec": 23.67013253099867
}