{
  "accuracy": [
    0.3476681709289551,
    0.3206768333911896,
    0.3412298858165741,
    0.3322327733039856,
    0.32868343591690063
  ],
  "loss": [
    1.1188236474990845,
    1.1687854528427124,
    1.170490026473999,
    1.1540981531143188,
    1.1467039585113525
  ],
  "val_accuracy": [
    0.3823675215244293,
    0.23163282871246338,
    0.15189038217067719,
    0.14660723507404327,
    0.7284134030342102
  ],
  "val_loss": [
    1.0861936807632446,
    1.095118761062622,
    1.1480554342269897,
    1.1107425689697266,
    1.0134925842285156
  ]
}