{
  "accuracy": [
    0.3383409082889557,
    0.3419727683067322,
    0.325216680765152,
    0.31935617327690125,
    0.3228229582309723,
    0.31943872570991516,
    0.3310771882534027,
    0.33289310336112976,
    0.3323153257369995
  ],
  "loss": [
    1.1377261877059937,
    1.1653884649276733,
    1.167307734489441,
    1.1582814455032349,
    1.144584059715271,
    1.1323826313018799,
    1.1273903846740723,
    1.1256985664367676,
    1.1149924993515015
  ],
  "val_accuracy": [
    0.2788509130477905,
    0.375928670167923,
    0.44708600640296936,
    0.359088659286499,
    0.26234108209609985,
    0.3770843744277954,
    0.14115898311138153,
    0.14082878828048706,
    0.5264982581138611
  ],
  "val_loss": [
    1.1203157901763916,
    1.095076322555542,
    1.093652367591858,
    1.0918302536010742,
    1.0978184938430786,
    1.0791298151016235,
    1.1382492780685425,
    1.1021950244903564,
    1.0957417488098145
  ],
  "learning_rate": [
    0.0010000000474974513,
    0.0010000000474974513,
    0.0010000000474974513,
    0.0010000000474974513,
    0.0010000000474974513,
    0.0010000000474974513,
    0.0010000000474974513,
    0.0010000000474974513,
    0.0005000000237487257
  ]
}