{
  "accuracy": [
    0.345852255821228,
    0.35938918590545654,
    0.3388361632823944,
    0.32917869091033936,
    0.34964919090270996
  ],
  "loss": [
    1.1277142763137817,
    1.1413819789886475,
    1.1560142040252686,
    1.162567377090454,
    1.139880657196045
  ],
  "val_accuracy": [
    0.5225359201431274,
    0.5180782675743103,
    0.23328380286693573,
    0.19762258231639862,
    0.22535908222198486
  ],
  "val_loss": [
    1.0609523057937622,
    1.0602933168411255,
    1.1195244789123535,
    1.1495256423950195,
    1.1331706047058105
  ],
  "learning_rate": [
    0.0010000000474974513,
    0.0010000000474974513,
    0.0010000000474974513,
    0.0010000000474974513,
    0.0005000000237487257
  ]
}