{
  "f1_macro": 0.32949726047265776,
  "recall_neg": 0.19550561797752808,
  "precision_pos": 0.73,
  "confusion_matrix": [
    [
      0.19550561797752808,
      0.17191011235955056,
      0.6325842696629214
    ],
    [
      0.19920844327176782,
      0.15435356200527706,
      0.6464379947229552
    ],
    [
      0.18598321614878657,
      0.1682921297346337,
      0.6457246541165798
    ]
  ],
  "fold": 3,
  "train_time_sec": 20.813211764998414
}