{
  "f1_macro": 0.3234631823330142,
  "recall_neg": 0.03591470258136925,
  "precision_pos": 0.728406381808179,
  "confusion_matrix": [
    [
      0.03591470258136925,
      0.06509539842873176,
      0.898989898989899
    ],
    [
      0.01978891820580475,
      0.08311345646437995,
      0.8970976253298153
    ],
    [
      0.018825130415060103,
      0.08029031526423225,
      0.9008845543207077
    ]
  ],
  "fold": 1,
  "train_time_sec": 42.40943852499913
}