{
  "accuracy": [
    0.33457157015800476,
    0.35025590658187866,
    0.34249627590179443,
    0.3323427438735962,
    0.33886411786079407,
    0.3491002023220062,
    0.33358097076416016,
    0.3504210114479065,
    0.33779099583625793,
    0.3400198221206665
  ],
  "loss": [
    1.132232427597046,
    1.1383841037750244,
    1.1642959117889404,
    1.1540138721466064,
    1.1464332342147827,
    1.1468982696533203,
    1.144247055053711,
    1.1323323249816895,
    1.1325386762619019,
    1.1279962062835693
  ],
  "val_accuracy": [
    0.14790359139442444,
    0.13981512188911438,
    0.14608781039714813,
    0.5094090700149536,
    0.3217233419418335,
    0.46318918466567993,
    0.6713436841964722,
    0.3076923191547394,
    0.5307031869888306,
    0.21178606152534485
  ],
  "val_loss": [
    1.1088721752166748,
    1.225832223892212,
    1.1112087965011597,
    1.070837140083313,
    1.079067587852478,
    1.0798132419586182,
    1.0592213869094849,
    1.097545862197876,
    1.0708903074264526,
    1.1286667585372925
  ],
  "learning_rate": [
    0.0010000000474974513,
    0.0010000000474974513,
    0.0010000000474974513,
    0.0005000000237487257,
    0.0005000000237487257,
    0.0005000000237487257,
    0.0002500000118743628,
    0.0002500000118743628,
    0.0002500000118743628,
    0.0001250000059371814
  ]
}