{
  "f1_macro": 0.30400285128424825,
  "recall_neg": 0.3651685393258427,
  "precision_pos": 0.7166257166257166,
  "confusion_matrix": [
    [
      0.3651685393258427,
      0.21235955056179776,
      0.42247191011235957
    ],
    [
      0.3073878627968338,
      0.2757255936675462,
      0.41688654353562005
    ],
    [
      0.3234293490587435,
      0.2796552506237242,
      0.3969154003175323
    ]
  ],
  "fold": 2,
  "train_time_sec": 36.77759471299942
}