{
  "folds": [
    {
      "f1_macro": 0.3234631823330142,
      "recall_neg": 0.03591470258136925,
      "precision_pos": 0.728406381808179,
      "confusion_matrix": [
        [
          0.03591470258136925,
          0.06509539842873176,
          0.898989898989899
        ],
        [
          0.01978891820580475,
          0.08311345646437995,
          0.8970976253298153
        ],
        [
          0.018825130415060103,
          0.08029031526423225,
          0.9008845543207077
        ]
      ],
      "fold": 1,
      "train_time_sec": 42.40943852499913
    },
    {
      "f1_macro": 0.30400285128424825,
      "recall_neg": 0.3651685393258427,
      "precision_pos": 0.7166257166257166,
      "confusion_matrix": [
        [
          0.3651685393258427,
          0.21235955056179776,
          0.42247191011235957
        ],
        [
          0.3073878627968338,
          0.2757255936675462,
          0.41688654353562005
        ],
        [
          0.3234293490587435,
          0.2796552506237242,
          0.3969154003175323
        ]
      ],
      "fold": 2,
      "train_time_sec": 36.77759471299942
    },
    {
      "f1_macro": 0.32949726047265776,
      "recall_neg": 0.19550561797752808,
      "precision_pos": 0.73,
      "confusion_matrix": [
        [
          0.19550561797752808,
          0.17191011235955056,
          0.6325842696629214
        ],
        [
          0.19920844327176782,
          0.15435356200527706,
          0.6464379947229552
        ],
        [
          0.18598321614878657,
          0.1682921297346337,
          0.6457246541165798
        ]
      ],
      "fold": 3,
      "train_time_sec": 20.813211764998414
    }
  ],
  "mean_f1_macro": 0.3189877646966401,
  "mean_recall_neg": 0.19886295329491332,
  "mean_precision_pos": 0.7250106994779651
}