{
  "f1_macro": 0.762655171423449,
  "recall_neg": 0.8067415730337079,
  "precision_pos": 0.9299627927336398,
  "confusion_matrix": [
    [
      0.8067415730337079,
      0.1348314606741573,
      0.058426966292134834
    ],
    [
      0.16754617414248021,
      0.4788918205804749,
      0.35356200527704484
    ],
    [
      0.013381719210705375,
      0.022907688818326152,
      0.9637105919709684
    ]
  ],
  "fold": 3,
  "train_time_sec": 35.553845217989874,
  "epochs_ran": 10
}