{
  "accuracy": [
    0.5777961015701294,
    0.8082542419433594,
    0.8660338521003723,
    0.9193561673164368,
    0.9543541073799133,
    0.9794469475746155,
    0.9823359251022339,
    0.9894345998764038,
    0.9934791326522827,
    0.9971935749053955,
    0.9986793398857117,
    0.9990094900131226
  ],
  "loss": [
    1.0546070337295532,
    0.7228662371635437,
    0.5098342895507812,
    0.3223861753940582,
    0.1768340915441513,
    0.08616288006305695,
    0.06969009339809418,
    0.044224996119737625,
    0.032093022018671036,
    0.017685409635305405,
    0.01083099190145731,
    0.009081609547138214
  ],
  "val_accuracy": [
    0.786362886428833,
    0.8271421790122986,
    0.8448076844215393,
    0.8642892241477966,
    0.8575202226638794,
    0.8632986545562744,
    0.8725441694259644,
    0.868251621723175,
    0.8669308423995972,
    0.8717186450958252,
    0.8760112524032593,
    0.8770018219947815
  ],
  "val_loss": [
    0.7334645986557007,
    0.5702020525932312,
    0.462410569190979,
    0.38560378551483154,
    0.39117318391799927,
    0.39421600103378296,
    0.38369929790496826,
    0.4079737067222595,
    0.4039279818534851,
    0.4181182384490967,
    0.4250251352787018,
    0.4376237094402313
  ],
  "learning_rate": [
    0.0005000000237487257,
    0.0005000000237487257,
    0.0005000000237487257,
    0.0005000000237487257,
    0.0005000000237487257,
    0.0005000000237487257,
    0.0005000000237487257,
    0.0005000000237487257,
    0.0005000000237487257,
    0.0005000000237487257,
    0.0002500000118743628,
    0.0002500000118743628
  ]
}