{
  "f1_macro": 0.7546468189439111,
  "recall_neg": 0.7887640449438202,
  "precision_pos": 0.9348599377501111,
  "confusion_matrix": [
    [
      0.7887640449438202,
      0.16179775280898875,
      0.04943820224719101
    ],
    [
      0.17282321899736147,
      0.49868073878627966,
      0.32849604221635886
    ],
    [
      0.009525969607620775,
      0.03674302562939442,
      0.9537310047629848
    ]
  ],
  "fold": 2,
  "train_time_sec": 42.73751712299418,
  "epochs_ran": 12
}