{
  "accuracy": [
    0.3210335075855255,
    0.6688954830169678,
    0.8446425795555115,
    0.8964834213256836,
    0.9467558264732361,
    0.972180962562561,
    0.9821693897247314,
    0.9903417825698853,
    0.994221568107605
  ],
  "loss": [
    1.1607004404067993,
    0.9172419309616089,
    0.5725906491279602,
    0.3590151369571686,
    0.20268084108829498,
    0.10680918395519257,
    0.0662950649857521,
    0.03818713128566742,
    0.02838682010769844
  ],
  "val_accuracy": [
    0.34664905071258545,
    0.6568174362182617,
    0.7786397933959961,
    0.8694288730621338,
    0.8578738570213318,
    0.8516011834144592,
    0.8624958992004395,
    0.8689336180686951,
    0.8747110962867737
  ],
  "val_loss": [
    1.100824236869812,
    0.8382084965705872,
    0.5983375906944275,
    0.39513349533081055,
    0.4066098928451538,
    0.4155462980270386,
    0.4196166694164276,
    0.4149712026119232,
    0.4242401123046875
  ],
  "learning_rate": [
    0.0005000000237487257,
    0.0005000000237487257,
    0.0005000000237487257,
    0.0005000000237487257,
    0.0005000000237487257,
    0.0005000000237487257,
    0.0005000000237487257,
    0.0002500000118743628,
    0.0002500000118743628
  ]
}