{
  "accuracy": [
    0.4148576259613037,
    0.7075526118278503,
    0.8533223271369934,
    0.9068097472190857,
    0.9522079825401306,
    0.9735864400863647,
    0.987371027469635,
    0.9928188323974609,
    0.9957078099250793,
    0.996450662612915
  ],
  "loss": [
    1.1374162435531616,
    0.8327345252037048,
    0.5101717114448547,
    0.3158247768878937,
    0.17294947803020477,
    0.09284397214651108,
    0.050854023545980453,
    0.031310003250837326,
    0.021957850083708763,
    0.018084529787302017
  ],
  "val_accuracy": [
    0.5963348150253296,
    0.822189211845398,
    0.8588410019874573,
    0.80931156873703,
    0.8799735903739929,
    0.8694072961807251,
    0.8799735903739929,
    0.8766716122627258,
    0.8806339502334595,
    0.8831104636192322
  ],
  "val_loss": [
    0.9442302584648132,
    0.5656315088272095,
    0.43122103810310364,
    0.49774032831192017,
    0.34824973344802856,
    0.3802046775817871,
    0.36940571665763855,
    0.39033931493759155,
    0.3934454917907715,
    0.40097740292549133
  ],
  "learning_rate": [
    0.0005000000237487257,
    0.0005000000237487257,
    0.0005000000237487257,
    0.0005000000237487257,
    0.0005000000237487257,
    0.0005000000237487257,
    0.0005000000237487257,
    0.0005000000237487257,
    0.0002500000118743628,
    0.0002500000118743628
  ]
}