{
  "f1_macro": 0.7380833401556613,
  "recall_neg": 0.8619528619528619,
  "precision_pos": 0.9338382713299176,
  "confusion_matrix": [
    [
      0.8619528619528619,
      0.08978675645342311,
      0.04826038159371493
    ],
    [
      0.2598944591029024,
      0.4050131926121372,
      0.33509234828496043
    ],
    [
      0.020412792016330235,
      0.028804717623043773,
      0.950782490360626
    ]
  ],
  "fold": 1,
  "train_time_sec": 35.65541290699912,
  "epochs_ran": 9
}