{
  "folds": [
    {
      "f1_macro": 0.7380833401556613,
      "recall_neg": 0.8619528619528619,
      "precision_pos": 0.9338382713299176,
      "confusion_matrix": [
        [
          0.8619528619528619,
          0.08978675645342311,
          0.04826038159371493
        ],
        [
          0.2598944591029024,
          0.4050131926121372,
          0.33509234828496043
        ],
        [
          0.020412792016330235,
          0.028804717623043773,
          0.950782490360626
        ]
      ],
      "fold": 1,
      "train_time_sec": 35.65541290699912,
      "epochs_ran": 9
    },
    {
      "f1_macro": 0.7546468189439111,
      "recall_neg": 0.7887640449438202,
      "precision_pos": 0.9348599377501111,
      "confusion_matrix": [
        [
          0.7887640449438202,
          0.16179775280898875,
          0.04943820224719101
        ],
        [
          0.17282321899736147,
          0.49868073878627966,
          0.32849604221635886
        ],
        [
          0.009525969607620775,
          0.03674302562939442,
          0.9537310047629848
        ]
      ],
      "fold": 2,
      "train_time_sec": 42.73751712299418,
      "epochs_ran": 12
    },
    {
      "f1_macro": 0.762655171423449,
      "recall_neg": 0.8067415730337079,
      "precision_pos": 0.9299627927336398,
      "confusion_matrix": [
        [
          0.8067415730337079,
          0.1348314606741573,
          0.058426966292134834
        ],
        [
          0.16754617414248021,
          0.4788918205804749,
          0.35356200527704484
        ],
        [
          0.013381719210705375,
          0.022907688818326152,
          0.9637105919709684
        ]
      ],
      "fold": 3,
      "train_time_sec": 35.553845217989874,
      "epochs_ran": 10
    }
  ],
  "mean_f1_macro": 0.7517951101743404,
  "mean_recall_neg": 0.8191528266434633,
  "mean_precision_pos": 0.9328870006045561,
  "mean_epochs_ran": 10.333333333333334
}