{
  "accuracy": [
    0.1707800179719925,
    0.1470903903245926,
    0.20412711799144745,
    0.2954188883304596,
    0.1519603729248047,
    0.25398266315460205,
    0.27560874819755554,
    0.149566650390625,
    0.21081304550170898,
    0.15022699534893036
  ],
  "loss": [
    1.1699392795562744,
    1.167405605316162,
    1.1639158725738525,
    1.159114122390747,
    1.1535810232162476,
    1.1516191959381104,
    1.1496315002441406,
    1.1494675874710083,
    1.147011399269104,
    1.145044207572937
  ],
  "val_accuracy": [
    0.14693742990493774,
    0.7315502762794495,
    0.14693742990493774,
    0.14710251986980438,
    0.7327059507369995,
    0.14792801439762115,
    0.14792801439762115,
    0.14792801439762115,
    0.14792801439762115,
    0.14792801439762115
  ],
  "val_loss": [
    1.114844799041748,
    1.0885426998138428,
    1.1252870559692383,
    1.1345598697662354,
    1.0740656852722168,
    1.0755547285079956,
    1.0957722663879395,
    1.0994354486465454,
    1.1437768936157227,
    1.1354808807373047
  ],
  "learning_rate": [
    0.0005000000237487257,
    0.0005000000237487257,
    0.0005000000237487257,
    0.0005000000237487257,
    0.0005000000237487257,
    0.0005000000237487257,
    0.0005000000237487257,
    0.0005000000237487257,
    0.0002500000118743628,
    0.0002500000118743628
  ]
}