{
  "f1_macro": 0.3162327818625093,
  "recall_neg": 0.04489337822671156,
  "precision_pos": 0.7332441918769848,
  "confusion_matrix": [
    [
      0.04489337822671156,
      0.0,
      0.9551066217732884
    ],
    [
      0.006596306068601583,
      0.010554089709762533,
      0.9828496042216359
    ],
    [
      0.004989793603991835,
      0.0,
      0.9950102063960081
    ]
  ],
  "fold": 1,
  "train_time_sec": 27.260575708991382,
  "epochs_ran": 14
}