{
  "f1_macro": 0.32014992479084664,
  "recall_neg": 0.06404494382022471,
  "precision_pos": 0.7353138637126553,
  "confusion_matrix": [
    [
      0.06404494382022471,
      0.0,
      0.9359550561797753
    ],
    [
      0.018469656992084433,
      0.0,
      0.9815303430079155
    ],
    [
      0.0063506464050805175,
      0.0,
      0.9936493535949195
    ]
  ],
  "fold": 2,
  "train_time_sec": 18.52996517298743,
  "epochs_ran": 10
}