{
  "accuracy": [
    0.14651258289813995,
    0.14477920532226562,
    0.28666940331459045,
    0.17928187549114227,
    0.1446966528892517,
    0.14725546538829803,
    0.14378869533538818,
    0.14725546538829803,
    0.14725546538829803,
    0.1475030928850174,
    0.14758563041687012,
    0.14808088541030884,
    0.14808088541030884
  ],
  "loss": [
    1.1693713665008545,
    1.168166995048523,
    1.1682583093643188,
    1.170284390449524,
    1.1607656478881836,
    1.1581007242202759,
    1.1577500104904175,
    1.156158208847046,
    1.1553863286972046,
    1.154516339302063,
    1.1534063816070557,
    1.15218186378479,
    1.1518290042877197
  ],
  "val_accuracy": [
    0.14693742990493774,
    0.14693742990493774,
    0.14693742990493774,
    0.13075779378414154,
    0.14710251986980438,
    0.14710251986980438,
    0.14710251986980438,
    0.14710251986980438,
    0.14726762473583221,
    0.14726762473583221,
    0.14759781956672668,
    0.14759781956672668,
    0.14759781956672668
  ],
  "val_loss": [
    1.1378692388534546,
    1.1527519226074219,
    1.254551887512207,
    1.1478304862976074,
    1.1329615116119385,
    1.1301990747451782,
    1.1109362840652466,
    1.1014354228973389,
    1.1040772199630737,
    1.1268703937530518,
    1.117379903793335,
    1.1223316192626953,
    1.1264007091522217
  ],
  "learning_rate": [
    0.0005000000237487257,
    0.0005000000237487257,
    0.0005000000237487257,
    0.0005000000237487257,
    0.0002500000118743628,
    0.0002500000118743628,
    0.0002500000118743628,
    0.0002500000118743628,
    0.0002500000118743628,
    0.0002500000118743628,
    0.0002500000118743628,
    0.0001250000059371814,
    0.0001250000059371814
  ]
}