{
  "accuracy": [
    0.1461944878101349,
    0.14693742990493774,
    0.18383687734603882,
    0.2853722870349884,
    0.14759781956672668,
    0.4539375901222229,
    0.1837543398141861,
    0.1505695879459381,
    0.3049364387989044,
    0.48274722695350647,
    0.14982664585113525,
    0.14974409341812134,
    0.14974409341812134,
    0.14974409341812134
  ],
  "loss": [
    1.1691654920578003,
    1.1678011417388916,
    1.1629003286361694,
    1.1570926904678345,
    1.1511056423187256,
    1.144008994102478,
    1.1454092264175415,
    1.1592826843261719,
    1.144256353378296,
    1.1661076545715332,
    1.1616157293319702,
    1.1605803966522217,
    1.159476399421692,
    1.1587375402450562
  ],
  "val_accuracy": [
    0.1470782458782196,
    0.1470782458782196,
    0.1470782458782196,
    0.1470782458782196,
    0.14806866645812988,
    0.7327500581741333,
    0.1492241621017456,
    0.1492241621017456,
    0.7320898175239563,
    0.14905910193920135,
    0.14905910193920135,
    0.14905910193920135,
    0.14905910193920135,
    0.14905910193920135
  ],
  "val_loss": [
    1.1393593549728394,
    1.1449334621429443,
    1.1758500337600708,
    1.151524305343628,
    1.1186641454696655,
    1.0792559385299683,
    1.0981451272964478,
    1.1145159006118774,
    1.0267537832260132,
    1.1178449392318726,
    1.1265861988067627,
    1.1207175254821777,
    1.1201603412628174,
    1.1229733228683472
  ],
  "learning_rate": [
    0.0005000000237487257,
    0.0005000000237487257,
    0.0005000000237487257,
    0.0005000000237487257,
    0.0002500000118743628,
    0.0002500000118743628,
    0.0002500000118743628,
    0.0002500000118743628,
    0.0002500000118743628,
    0.0002500000118743628,
    0.0002500000118743628,
    0.0002500000118743628,
    0.0001250000059371814,
    0.0001250000059371814
  ]
}