{
  "folds": [
    {
      "f1_macro": 0.3162327818625093,
      "recall_neg": 0.04489337822671156,
      "precision_pos": 0.7332441918769848,
      "confusion_matrix": [
        [
          0.04489337822671156,
          0.0,
          0.9551066217732884
        ],
        [
          0.006596306068601583,
          0.010554089709762533,
          0.9828496042216359
        ],
        [
          0.004989793603991835,
          0.0,
          0.9950102063960081
        ]
      ],
      "fold": 1,
      "train_time_sec": 27.260575708991382,
      "epochs_ran": 14
    },
    {
      "f1_macro": 0.32014992479084664,
      "recall_neg": 0.06404494382022471,
      "precision_pos": 0.7353138637126553,
      "confusion_matrix": [
        [
          0.06404494382022471,
          0.0,
          0.9359550561797753
        ],
        [
          0.018469656992084433,
          0.0,
          0.9815303430079155
        ],
        [
          0.0063506464050805175,
          0.0,
          0.9936493535949195
        ]
      ],
      "fold": 2,
      "train_time_sec": 18.52996517298743,
      "epochs_ran": 10
    },
    {
      "f1_macro": 0.08557203730582036,
      "recall_neg": 1.0,
      "precision_pos": 1.0,
      "confusion_matrix": [
        [
          1.0,
          0.0,
          0.0
        ],
        [
          1.0,
          0.0,
          0.0
        ],
        [
          0.9997731911998186,
          0.0,
          0.00022680880018144704
        ]
      ],
      "fold": 3,
      "train_time_sec": 24.38047105600708,
      "epochs_ran": 13
    }
  ],
  "mean_f1_macro": 0.24065158131972542,
  "mean_recall_neg": 0.36964610734897874,
  "mean_precision_pos": 0.8228526851965468,
  "mean_epochs_ran": 12.333333333333334
}