{
  "accuracy": [
    0.17185308039188385,
    0.26545605063438416,
    0.23243913054466248,
    0.16417664289474487,
    0.17878663539886475,
    0.15006190538406372,
    0.18274866044521332,
    0.180189847946167,
    0.1512175053358078
  ],
  "loss": [
    1.1697673797607422,
    1.1683241128921509,
    1.1614103317260742,
    1.1564022302627563,
    1.15130615234375,
    1.1519975662231445,
    1.1482603549957275,
    1.1438857316970825,
    1.1432679891586304
  ],
  "val_accuracy": [
    0.14693742990493774,
    0.14693742990493774,
    0.14693742990493774,
    0.732210636138916,
    0.14792801439762115,
    0.14792801439762115,
    0.148093119263649,
    0.14825820922851562,
    0.14825820922851562
  ],
  "val_loss": [
    1.1003813743591309,
    1.1620254516601562,
    1.1239752769470215,
    1.0815520286560059,
    1.16912841796875,
    1.136315107345581,
    1.10856294631958,
    1.120482087135315,
    1.1074644327163696
  ],
  "learning_rate": [
    0.0005000000237487257,
    0.0005000000237487257,
    0.0005000000237487257,
    0.0005000000237487257,
    0.0005000000237487257,
    0.0005000000237487257,
    0.0005000000237487257,
    0.0002500000118743628,
    0.0002500000118743628
  ]
}