{
  "accuracy": [
    0.15253818035125732,
    0.23202641308307648,
    0.20140321552753448,
    0.15806850790977478,
    0.20057779550552368,
    0.14964918792247772,
    0.2141972780227661
  ],
  "loss": [
    1.169742465019226,
    1.1686251163482666,
    1.1615607738494873,
    1.1564009189605713,
    1.1530781984329224,
    1.1479463577270508,
    1.1698238849639893
  ],
  "val_accuracy": [
    0.14693742990493774,
    0.7294039726257324,
    0.14693742990493774,
    0.14759781956672668,
    0.14842331409454346,
    0.14825820922851562,
    0.7303946018218994
  ],
  "val_loss": [
    1.1233676671981812,
    1.0228925943374634,
    1.1317200660705566,
    1.1067594289779663,
    1.1482646465301514,
    1.1138110160827637,
    1.0318174362182617
  ],
  "learning_rate": [
    0.0005000000237487257,
    0.0005000000237487257,
    0.0005000000237487257,
    0.0005000000237487257,
    0.0005000000237487257,
    0.0002500000118743628,
    0.0002500000118743628
  ]
}