{
  "f1_macro": 0.31933626573796364,
  "recall_neg": 0.06292134831460675,
  "precision_pos": 0.7351015611885177,
  "confusion_matrix": [
    [
      0.06292134831460675,
      0.0,
      0.9370786516853933
    ],
    [
      0.018469656992084433,
      0.0,
      0.9815303430079155
    ],
    [
      0.006804264005443411,
      0.0,
      0.9931957359945566
    ]
  ],
  "fold": 2,
  "train_time_sec": 29.308040876989253,
  "epochs_ran": 9
}