{
  "accuracy": [
    0.16608881950378418,
    0.14710251986980438,
    0.18697375059127808,
    0.1942380666732788,
    0.3176490068435669,
    0.15659567713737488,
    0.15205547213554382,
    0.1510648876428604,
    0.15164272487163544,
    0.15180782973766327
  ],
  "loss": [
    1.1688517332077026,
    1.165601372718811,
    1.1569713354110718,
    1.153538703918457,
    1.1697838306427002,
    1.1642107963562012,
    1.1605907678604126,
    1.1501315832138062,
    1.1477948427200317,
    1.1466946601867676
  ],
  "val_accuracy": [
    0.1470782458782196,
    0.1470782458782196,
    0.1474083811044693,
    0.7319247126579285,
    0.7325850129127502,
    0.1495543122291565,
    0.1492241621017456,
    0.14938923716545105,
    0.1492241621017456,
    0.14971937239170074
  ],
  "val_loss": [
    1.135079264640808,
    1.1377862691879272,
    1.1284664869308472,
    1.0797946453094482,
    1.062129259109497,
    1.1528421640396118,
    1.1640329360961914,
    1.1508419513702393,
    1.1302530765533447,
    1.1111314296722412
  ],
  "learning_rate": [
    0.0005000000237487257,
    0.0005000000237487257,
    0.0005000000237487257,
    0.0005000000237487257,
    0.0005000000237487257,
    0.0005000000237487257,
    0.0005000000237487257,
    0.0005000000237487257,
    0.0002500000118743628,
    0.0002500000118743628
  ]
}