{
  "f1_macro": 0.31277099890038484,
  "recall_neg": 0.052808988764044947,
  "precision_pos": 0.7335123342842759,
  "confusion_matrix": [
    [
      0.052808988764044947,
      0.0,
      0.9471910112359551
    ],
    [
      0.017150395778364115,
      0.0,
      0.9828496042216359
    ],
    [
      0.008618734406894988,
      0.0,
      0.991381265593105
    ]
  ],
  "fold": 3,
  "train_time_sec": 22.456040673991083,
  "epochs_ran": 7
}