{
  "f1_macro": 0.315203725075335,
  "recall_neg": 0.04264870931537598,
  "precision_pos": 0.733344464852229,
  "confusion_matrix": [
    [
      0.04264870931537598,
      0.001122334455667789,
      0.9562289562289562
    ],
    [
      0.006596306068601583,
      0.010554089709762533,
      0.9828496042216359
    ],
    [
      0.0036289408029031526,
      0.00022680880018144704,
      0.9961442503969155
    ]
  ],
  "fold": 1,
  "train_time_sec": 31.530357602998265,
  "epochs_ran": 10
}