{
  "folds": [
    {
      "f1_macro": 0.315203725075335,
      "recall_neg": 0.04264870931537598,
      "precision_pos": 0.733344464852229,
      "confusion_matrix": [
        [
          0.04264870931537598,
          0.001122334455667789,
          0.9562289562289562
        ],
        [
          0.006596306068601583,
          0.010554089709762533,
          0.9828496042216359
        ],
        [
          0.0036289408029031526,
          0.00022680880018144704,
          0.9961442503969155
        ]
      ],
      "fold": 1,
      "train_time_sec": 31.530357602998265,
      "epochs_ran": 10
    },
    {
      "f1_macro": 0.31933626573796364,
      "recall_neg": 0.06292134831460675,
      "precision_pos": 0.7351015611885177,
      "confusion_matrix": [
        [
          0.06292134831460675,
          0.0,
          0.9370786516853933
        ],
        [
          0.018469656992084433,
          0.0,
          0.9815303430079155
        ],
        [
          0.006804264005443411,
          0.0,
          0.9931957359945566
        ]
      ],
      "fold": 2,
      "train_time_sec": 29.308040876989253,
      "epochs_ran": 9
    },
    {
      "f1_macro": 0.31277099890038484,
      "recall_neg": 0.052808988764044947,
      "precision_pos": 0.7335123342842759,
      "confusion_matrix": [
        [
          0.052808988764044947,
          0.0,
          0.9471910112359551
        ],
        [
          0.017150395778364115,
          0.0,
          0.9828496042216359
        ],
        [
          0.008618734406894988,
          0.0,
          0.991381265593105
        ]
      ],
      "fold": 3,
      "train_time_sec": 22.456040673991083,
      "epochs_ran": 7
    }
  ],
  "mean_f1_macro": 0.31577032990456116,
  "mean_recall_neg": 0.05279301546467589,
  "mean_precision_pos": 0.7339861201083409,
  "mean_epochs_ran": 8.666666666666666
}