{
  "accuracy": [
    0.17211490869522095,
    0.14726762473583221,
    0.14743272960186005,
    0.14735017716884613,
    0.28033679723739624,
    0.27761268615722656,
    0.14611193537712097,
    0.15089978277683258,
    0.15164272487163544
  ],
  "loss": [
    1.1691392660140991,
    1.167229413986206,
    1.1642576456069946,
    1.158892273902893,
    1.1555954217910767,
    1.1577222347259521,
    1.1488826274871826,
    1.1467115879058838,
    1.144518494606018
  ],
  "val_accuracy": [
    0.14691317081451416,
    0.1470782458782196,
    0.1470782458782196,
    0.7312644720077515,
    0.1477385312318802,
    0.14790359139442444,
    0.14905910193920135,
    0.14872895181179047,
    0.1495543122291565
  ],
  "val_loss": [
    1.1471519470214844,
    1.1336256265640259,
    1.1777278184890747,
    1.0721848011016846,
    1.217983603477478,
    1.1629797220230103,
    1.1317815780639648,
    1.1415895223617554,
    1.1368346214294434
  ],
  "learning_rate": [
    0.0005000000237487257,
    0.0005000000237487257,
    0.0005000000237487257,
    0.0005000000237487257,
    0.0005000000237487257,
    0.0005000000237487257,
    0.0005000000237487257,
    0.0002500000118743628,
    0.0002500000118743628
  ]
}