{
  "accuracy": [
    0.14651258289813995,
    0.14733801782131195,
    0.14766818284988403,
    0.21923235058784485,
    0.14700783789157867,
    0.27569130063056946,
    0.1859678030014038,
    0.15105241537094116,
    0.15187783539295197
  ],
  "loss": [
    1.169471025466919,
    1.1674704551696777,
    1.1649314165115356,
    1.160387396812439,
    1.1547513008117676,
    1.1532853841781616,
    1.1488771438598633,
    1.1457674503326416,
    1.1443419456481934
  ],
  "val_accuracy": [
    0.14693742990493774,
    0.14693742990493774,
    0.14710251986980438,
    0.14743272960186005,
    0.14759781956672668,
    0.14759781956672668,
    0.14825820922851562,
    0.14825820922851562,
    0.14825820922851562
  ],
  "val_loss": [
    1.1409902572631836,
    1.1328742504119873,
    1.1126885414123535,
    1.103724479675293,
    1.125064730644226,
    1.1911401748657227,
    1.1470229625701904,
    1.11943781375885,
    1.1314772367477417
  ],
  "learning_rate": [
    0.0005000000237487257,
    0.0005000000237487257,
    0.0005000000237487257,
    0.0005000000237487257,
    0.0005000000237487257,
    0.0005000000237487257,
    0.0005000000237487257,
    0.0002500000118743628,
    0.0002500000118743628
  ]
}