{
  "accuracy": [
    0.14609988033771515,
    0.14700783789157867,
    0.1814279854297638,
    0.25728437304496765,
    0.24729673564434052,
    0.2856789231300354,
    0.28345027565956116,
    0.1487412303686142,
    0.14964918792247772,
    0.2349979430437088,
    0.1508047878742218
  ],
  "loss": [
    1.1694200038909912,
    1.1677919626235962,
    1.1662347316741943,
    1.1633456945419312,
    1.1578243970870972,
    1.15437912940979,
    1.1517019271850586,
    1.1506903171539307,
    1.1485872268676758,
    1.1479147672653198,
    1.14530611038208
  ],
  "val_accuracy": [
    0.14693742990493774,
    0.14710251986980438,
    0.14710251986980438,
    0.14710251986980438,
    0.14710251986980438,
    0.14792801439762115,
    0.14792801439762115,
    0.14875350892543793,
    0.14875350892543793,
    0.14891861379146576,
    0.14842331409454346
  ],
  "val_loss": [
    1.1269689798355103,
    1.119630217552185,
    1.1544461250305176,
    1.1448941230773926,
    1.1738885641098022,
    1.103285789489746,
    1.1019774675369263,
    1.1331895589828491,
    1.1174423694610596,
    1.127810001373291,
    1.1271069049835205
  ],
  "learning_rate": [
    0.0005000000237487257,
    0.0005000000237487257,
    0.0005000000237487257,
    0.0005000000237487257,
    0.0005000000237487257,
    0.0002500000118743628,
    0.0002500000118743628,
    0.0002500000118743628,
    0.0002500000118743628,
    0.0002500000118743628,
    0.0001250000059371814
  ]
}