{
  "f1_macro": 0.08784106048232541,
  "recall_neg": 1.0,
  "precision_pos": 1.0,
  "confusion_matrix": [
    [
      1.0,
      0.0,
      0.0
    ],
    [
      0.9973614775725593,
      0.002638522427440633,
      0.0
    ],
    [
      0.9990927647992742,
      0.0,
      0.0009072352007257881
    ]
  ],
  "fold": 3,
  "train_time_sec": 19.08991680300096,
  "epochs_ran": 11
}