{
  "f1_macro": 0.3123236770306342,
  "recall_neg": 0.050505050505050504,
  "precision_pos": 0.7338912133891213,
  "confusion_matrix": [
    [
      0.050505050505050504,
      0.0,
      0.9494949494949495
    ],
    [
      0.018469656992084433,
      0.0,
      0.9815303430079155
    ],
    [
      0.005443411204354729,
      0.0,
      0.9945565887956452
    ]
  ],
  "fold": 1,
  "train_time_sec": 17.24970256400411,
  "epochs_ran": 9
}