{
  "folds": [
    {
      "f1_macro": 0.3123236770306342,
      "recall_neg": 0.050505050505050504,
      "precision_pos": 0.7338912133891213,
      "confusion_matrix": [
        [
          0.050505050505050504,
          0.0,
          0.9494949494949495
        ],
        [
          0.018469656992084433,
          0.0,
          0.9815303430079155
        ],
        [
          0.005443411204354729,
          0.0,
          0.9945565887956452
        ]
      ],
      "fold": 1,
      "train_time_sec": 17.24970256400411,
      "epochs_ran": 9
    },
    {
      "f1_macro": 0.08589877766682961,
      "recall_neg": 1.0,
      "precision_pos": 1.0,
      "confusion_matrix": [
        [
          1.0,
          0.0,
          0.0
        ],
        [
          1.0,
          0.0,
          0.0
        ],
        [
          0.9993195735994557,
          0.0,
          0.0006804264005443411
        ]
      ],
      "fold": 2,
      "train_time_sec": 14.74267325999972,
      "epochs_ran": 9
    },
    {
      "f1_macro": 0.08784106048232541,
      "recall_neg": 1.0,
      "precision_pos": 1.0,
      "confusion_matrix": [
        [
          1.0,
          0.0,
          0.0
        ],
        [
          0.9973614775725593,
          0.002638522427440633,
          0.0
        ],
        [
          0.9990927647992742,
          0.0,
          0.0009072352007257881
        ]
      ],
      "fold": 3,
      "train_time_sec": 19.08991680300096,
      "epochs_ran": 11
    }
  ],
  "mean_f1_macro": 0.1620211717265964,
  "mean_recall_neg": 0.6835016835016835,
  "mean_precision_pos": 0.9112970711297071,
  "mean_epochs_ran": 9.666666666666666
}