{
  "accuracy": [
    0.4217434227466583,
    0.801304280757904,
    0.8425788283348083,
    0.8738649487495422,
    0.8968136310577393,
    0.9104341864585876,
    0.9250454306602478,
    0.9379230737686157,
    0.9545980095863342,
    0.960789144039154
  ],
  "loss": [
    1.0762875080108643,
    0.7669692635536194,
    0.545738160610199,
    0.4079464077949524,
    0.31615370512008667,
    0.2739572525024414,
    0.22528687119483948,
    0.175253763794899,
    0.13458751142024994,
    0.11880320310592651
  ],
  "val_accuracy": [
    0.7997689247131348,
    0.827996015548706,
    0.7883790135383606,
    0.8139650225639343,
    0.8586992621421814,
    0.8388907313346863,
    0.8402112722396851,
    0.860845148563385,
    0.865136981010437,
    0.8725652098655701
  ],
  "val_loss": [
    0.7719582319259644,
    0.49449846148490906,
    0.5233711004257202,
    0.4910803735256195,
    0.369817316532135,
    0.41972774267196655,
    0.4213206171989441,
    0.40908825397491455,
    0.41027218103408813,
    0.4041648805141449
  ],
  "learning_rate": [
    0.0005000000237487257,
    0.0005000000237487257,
    0.0005000000237487257,
    0.0005000000237487257,
    0.0005000000237487257,
    0.0005000000237487257,
    0.0005000000237487257,
    0.0005000000237487257,
    0.0002500000118743628,
    0.0002500000118743628
  ]
}