{
  "accuracy": [
    0.32843583822250366,
    0.7489888668060303,
    0.8037969470024109,
    0.8397853970527649,
    0.8729674220085144,
    0.8999587297439575,
    0.9210070371627808,
    0.9317375421524048,
    0.9419727325439453,
    0.9541064500808716
  ],
  "loss": [
    1.1190954446792603,
    0.8692774176597595,
    0.6318191885948181,
    0.47721046209335327,
    0.3631618022918701,
    0.28604719042778015,
    0.22328534722328186,
    0.19285666942596436,
    0.15632463991641998,
    0.1294298619031906
  ],
  "val_accuracy": [
    0.7899950742721558,
    0.6925870776176453,
    0.7870233058929443,
    0.8140993714332581,
    0.8436519503593445,
    0.8322601914405823,
    0.8345715403556824,
    0.8207033276557922,
    0.848770022392273,
    0.8631335496902466
  ],
  "val_loss": [
    0.8264714479446411,
    0.7592588663101196,
    0.503411054611206,
    0.44273173809051514,
    0.39319610595703125,
    0.4120754301548004,
    0.4378381371498108,
    0.49866852164268494,
    0.4290616810321808,
    0.40548965334892273
  ],
  "learning_rate": [
    0.0005000000237487257,
    0.0005000000237487257,
    0.0005000000237487257,
    0.0005000000237487257,
    0.0005000000237487257,
    0.0005000000237487257,
    0.0005000000237487257,
    0.0005000000237487257,
    0.0002500000118743628,
    0.0002500000118743628
  ]
}