{
  "f1_macro": 0.7484786830418981,
  "recall_neg": 0.8943820224719101,
  "precision_pos": 0.9641612742658039,
  "confusion_matrix": [
    [
      0.8943820224719101,
      0.09438202247191012,
      0.011235955056179775
    ],
    [
      0.24274406332453827,
      0.5804749340369393,
      0.17678100263852242
    ],
    [
      0.013154910410523928,
      0.10818779768655024,
      0.8786572919029259
    ]
  ],
  "fold": 3,
  "train_time_sec": 26.958123407996027,
  "epochs_ran": 10
}