{
  "accuracy": [
    0.3633512258529663,
    0.7636814117431641,
    0.8352455496788025,
    0.8587701320648193,
    0.8896409273147583,
    0.9016095995903015,
    0.9246388673782349,
    0.9385885000228882,
    0.946017324924469,
    0.9489888548851013,
    0.9593892097473145,
    0.9663227200508118,
    0.9684688448905945
  ],
  "loss": [
    1.1169569492340088,
    0.835408627986908,
    0.6073274612426758,
    0.46075499057769775,
    0.3636634647846222,
    0.30310583114624023,
    0.2481173276901245,
    0.19367030262947083,
    0.17571455240249634,
    0.16434918344020844,
    0.12888295948505402,
    0.11302284151315689,
    0.10552071034908295
  ],
  "val_accuracy": [
    0.7376589179039001,
    0.7622585296630859,
    0.7183424234390259,
    0.8548786640167236,
    0.747234582901001,
    0.8471190333366394,
    0.8586758971214294,
    0.8756810426712036,
    0.864949643611908,
    0.8641241788864136,
    0.8637939691543579,
    0.875350832939148,
    0.8727092742919922
  ],
  "val_loss": [
    0.7959814667701721,
    0.669983446598053,
    0.6707628965377808,
    0.3647010028362274,
    0.5820680856704712,
    0.3901046812534332,
    0.3699968159198761,
    0.3577728271484375,
    0.37285107374191284,
    0.3753741681575775,
    0.4018573760986328,
    0.3812481760978699,
    0.40275564789772034
  ],
  "learning_rate": [
    0.0005000000237487257,
    0.0005000000237487257,
    0.0005000000237487257,
    0.0005000000237487257,
    0.0005000000237487257,
    0.0005000000237487257,
    0.0005000000237487257,
    0.0002500000118743628,
    0.0002500000118743628,
    0.0002500000118743628,
    0.0002500000118743628,
    0.0001250000059371814,
    0.0001250000059371814
  ]
}