{
  "f1_macro": 0.7892673360369656,
  "recall_neg": 0.8337078651685393,
  "precision_pos": 0.9584905660377359,
  "confusion_matrix": [
    [
      0.8337078651685393,
      0.14157303370786517,
      0.024719101123595506
    ],
    [
      0.13984168865435356,
      0.6569920844327177,
      0.20316622691292877
    ],
    [
      0.0038557496030845995,
      0.07439328645951462,
      0.9217509639374007
    ]
  ],
  "fold": 2,
  "train_time_sec": 34.27206623199163,
  "epochs_ran": 13
}