{
  "f1_macro": 0.7713298604899771,
  "recall_neg": 0.7676767676767676,
  "precision_pos": 0.957753240518483,
  "confusion_matrix": [
    [
      0.7676767676767676,
      0.2132435465768799,
      0.019079685746352413
    ],
    [
      0.09366754617414248,
      0.6965699208443272,
      0.20976253298153033
    ],
    [
      0.005670220004536176,
      0.08936266727149013,
      0.9049671127239737
    ]
  ],
  "fold": 1,
  "train_time_sec": 28.646295639002346,
  "epochs_ran": 10
}