{
  "folds": [
    {
      "f1_macro": 0.7713298604899771,
      "recall_neg": 0.7676767676767676,
      "precision_pos": 0.957753240518483,
      "confusion_matrix": [
        [
          0.7676767676767676,
          0.2132435465768799,
          0.019079685746352413
        ],
        [
          0.09366754617414248,
          0.6965699208443272,
          0.20976253298153033
        ],
        [
          0.005670220004536176,
          0.08936266727149013,
          0.9049671127239737
        ]
      ],
      "fold": 1,
      "train_time_sec": 28.646295639002346,
      "epochs_ran": 10
    },
    {
      "f1_macro": 0.7892673360369656,
      "recall_neg": 0.8337078651685393,
      "precision_pos": 0.9584905660377359,
      "confusion_matrix": [
        [
          0.8337078651685393,
          0.14157303370786517,
          0.024719101123595506
        ],
        [
          0.13984168865435356,
          0.6569920844327177,
          0.20316622691292877
        ],
        [
          0.0038557496030845995,
          0.07439328645951462,
          0.9217509639374007
        ]
      ],
      "fold": 2,
      "train_time_sec": 34.27206623199163,
      "epochs_ran": 13
    },
    {
      "f1_macro": 0.7484786830418981,
      "recall_neg": 0.8943820224719101,
      "precision_pos": 0.9641612742658039,
      "confusion_matrix": [
        [
          0.8943820224719101,
          0.09438202247191012,
          0.011235955056179775
        ],
        [
          0.24274406332453827,
          0.5804749340369393,
          0.17678100263852242
        ],
        [
          0.013154910410523928,
          0.10818779768655024,
          0.8786572919029259
        ]
      ],
      "fold": 3,
      "train_time_sec": 26.958123407996027,
      "epochs_ran": 10
    }
  ],
  "mean_f1_macro": 0.7696919598562803,
  "mean_recall_neg": 0.8319222184390723,
  "mean_precision_pos": 0.9601350269406742,
  "mean_epochs_ran": 11.0
}