{
  "f1_macro": 0.7802753454648221,
  "recall_neg": 0.8112359550561797,
  "precision_pos": 0.9600783737447955,
  "confusion_matrix": [
    [
      0.8112359550561797,
      0.15842696629213482,
      0.030337078651685393
    ],
    [
      0.09894459102902374,
      0.7216358839050132,
      0.17941952506596306
    ],
    [
      0.0040825584032660464,
      0.10682694488546156,
      0.8890904967112724
    ]
  ],
  "fold": 2,
  "train_time_sec": 30.938568394994945,
  "epochs_ran": 10
}