{
  "accuracy": [
    0.35047462582588196,
    0.7931489944458008,
    0.8418489694595337,
    0.8766818046569824,
    0.8969871997833252,
    0.9094510674476624,
    0.9347915649414062,
    0.9465951323509216,
    0.9508047699928284,
    0.9607098698616028,
    0.9684688448905945
  ],
  "loss": [
    1.0950424671173096,
    0.748754620552063,
    0.5228530168533325,
    0.3947204053401947,
    0.31799212098121643,
    0.2606710195541382,
    0.197611466050148,
    0.16654181480407715,
    0.14657767117023468,
    0.12794137001037598,
    0.09300610423088074
  ],
  "val_accuracy": [
    0.7632491588592529,
    0.8018821477890015,
    0.8210335373878479,
    0.8484398126602173,
    0.8317648768424988,
    0.8598315715789795,
    0.8507512211799622,
    0.835892379283905,
    0.8540531396865845,
    0.861482560634613,
    0.8666006326675415
  ],
  "val_loss": [
    0.8541104197502136,
    0.5229941606521606,
    0.45229679346084595,
    0.39159083366394043,
    0.42840009927749634,
    0.3908575177192688,
    0.4235469102859497,
    0.4857027232646942,
    0.5098521113395691,
    0.44359782338142395,
    0.4414292573928833
  ],
  "learning_rate": [
    0.0005000000237487257,
    0.0005000000237487257,
    0.0005000000237487257,
    0.0005000000237487257,
    0.0005000000237487257,
    0.0005000000237487257,
    0.0005000000237487257,
    0.0005000000237487257,
    0.0005000000237487257,
    0.0002500000118743628,
    0.0002500000118743628
  ]
}