{
  "accuracy": [
    0.2733801007270813,
    0.7895996570587158,
    0.8175815343856812,
    0.863309919834137,
    0.8973173499107361,
    0.9092034697532654,
    0.9150639772415161,
    0.9288485646247864,
    0.9537762999534607,
    0.9617003798484802
  ],
  "loss": [
    1.126216173171997,
    0.8165992498397827,
    0.5963311195373535,
    0.4226452112197876,
    0.32311052083969116,
    0.26657673716545105,
    0.2908811867237091,
    0.2042507529258728,
    0.14001406729221344,
    0.11792372167110443
  ],
  "val_accuracy": [
    0.7898299694061279,
    0.717021644115448,
    0.8051840662956238,
    0.8380386233329773,
    0.856694757938385,
    0.8715535998344421,
    0.8377084136009216,
    0.8626382946968079,
    0.8699026107788086,
    0.8662704229354858
  ],
  "val_loss": [
    0.8444989919662476,
    0.7766479849815369,
    0.5048418045043945,
    0.4000891149044037,
    0.3714597821235657,
    0.38701513409614563,
    0.4033660888671875,
    0.3794105648994446,
    0.38100072741508484,
    0.3972967565059662
  ],
  "learning_rate": [
    0.0005000000237487257,
    0.0005000000237487257,
    0.0005000000237487257,
    0.0005000000237487257,
    0.0005000000237487257,
    0.0005000000237487257,
    0.0005000000237487257,
    0.0005000000237487257,
    0.0002500000118743628,
    0.0002500000118743628
  ]
}