{
  "accuracy": [
    0.39532771706581116,
    0.7628363966941833,
    0.8183093667030334,
    0.8508337736129761,
    0.8727918267250061,
    0.8885586857795715,
    0.9050685167312622,
    0.9108469486236572,
    0.9243850111961365,
    0.9408948421478271,
    0.9517087936401367
  ],
  "loss": [
    1.0868536233901978,
    0.8302929401397705,
    0.6659477353096008,
    0.5249588489532471,
    0.41982877254486084,
    0.35302847623825073,
    0.2761472463607788,
    0.2845169007778168,
    0.2185867577791214,
    0.1759546548128128,
    0.15202921628952026
  ],
  "val_accuracy": [
    0.6944535970687866,
    0.807197093963623,
    0.7882139086723328,
    0.8433476686477661,
    0.8545724749565125,
    0.8553978204727173,
    0.8207328915596008,
    0.815615713596344,
    0.827830970287323,
    0.8628259897232056,
    0.8659623861312866
  ],
  "val_loss": [
    0.930992603302002,
    0.6265730857849121,
    0.6022122502326965,
    0.4422401785850525,
    0.39761340618133545,
    0.38083773851394653,
    0.45785796642303467,
    0.4808877408504486,
    0.4594626724720001,
    0.39755547046661377,
    0.40353941917419434
  ],
  "learning_rate": [
    0.0005000000237487257,
    0.0005000000237487257,
    0.0005000000237487257,
    0.0005000000237487257,
    0.0005000000237487257,
    0.0005000000237487257,
    0.0005000000237487257,
    0.0005000000237487257,
    0.0005000000237487257,
    0.0002500000118743628,
    0.0002500000118743628
  ]
}