{
  "f1_macro": 0.7757927986727946,
  "recall_neg": 0.849438202247191,
  "precision_pos": 0.9671084928816888,
  "confusion_matrix": [
    [
      0.849438202247191,
      0.1404494382022472,
      0.010112359550561797
    ],
    [
      0.15963060686015831,
      0.6754617414248021,
      0.16490765171503957
    ],
    [
      0.008618734406894988,
      0.09775459287820368,
      0.8936266727149014
    ]
  ],
  "fold": 3,
  "train_time_sec": 31.69029479099845,
  "epochs_ran": 11
}