{
  "f1_macro": 0.7663387963851052,
  "recall_neg": 0.7946127946127947,
  "precision_pos": 0.9505966587112172,
  "confusion_matrix": [
    [
      0.7946127946127947,
      0.1829405162738496,
      0.02244668911335578
    ],
    [
      0.10554089709762533,
      0.6477572559366754,
      0.24670184696569922
    ],
    [
      0.005670220004536176,
      0.09095032887276026,
      0.9033794511227036
    ]
  ],
  "fold": 1,
  "train_time_sec": 39.91492483099864,
  "epochs_ran": 11
}