{
  "folds": [
    {
      "f1_macro": 0.7663387963851052,
      "recall_neg": 0.7946127946127947,
      "precision_pos": 0.9505966587112172,
      "confusion_matrix": [
        [
          0.7946127946127947,
          0.1829405162738496,
          0.02244668911335578
        ],
        [
          0.10554089709762533,
          0.6477572559366754,
          0.24670184696569922
        ],
        [
          0.005670220004536176,
          0.09095032887276026,
          0.9033794511227036
        ]
      ],
      "fold": 1,
      "train_time_sec": 39.91492483099864,
      "epochs_ran": 11
    },
    {
      "f1_macro": 0.7802753454648221,
      "recall_neg": 0.8112359550561797,
      "precision_pos": 0.9600783737447955,
      "confusion_matrix": [
        [
          0.8112359550561797,
          0.15842696629213482,
          0.030337078651685393
        ],
        [
          0.09894459102902374,
          0.7216358839050132,
          0.17941952506596306
        ],
        [
          0.0040825584032660464,
          0.10682694488546156,
          0.8890904967112724
        ]
      ],
      "fold": 2,
      "train_time_sec": 30.938568394994945,
      "epochs_ran": 10
    },
    {
      "f1_macro": 0.7757927986727946,
      "recall_neg": 0.849438202247191,
      "precision_pos": 0.9671084928816888,
      "confusion_matrix": [
        [
          0.849438202247191,
          0.1404494382022472,
          0.010112359550561797
        ],
        [
          0.15963060686015831,
          0.6754617414248021,
          0.16490765171503957
        ],
        [
          0.008618734406894988,
          0.09775459287820368,
          0.8936266727149014
        ]
      ],
      "fold": 3,
      "train_time_sec": 31.69029479099845,
      "epochs_ran": 11
    }
  ],
  "mean_f1_macro": 0.7741356468409073,
  "mean_recall_neg": 0.8184289839720552,
  "mean_precision_pos": 0.9592611751125673,
  "mean_epochs_ran": 10.666666666666666
}