{
  "accuracy": [
    0.19679708778858185,
    0.14726762473583221,
    0.43189698457717896,
    0.14726762473583221,
    0.14726762473583221,
    0.1438831090927124,
    0.14743272960186005,
    0.14759781956672668
  ],
  "loss": [
    1.1696993112564087,
    1.1674110889434814,
    1.1969184875488281,
    1.1654664278030396,
    1.1612017154693604,
    1.1597470045089722,
    1.1576883792877197,
    1.1568447351455688
  ],
  "val_accuracy": [
    0.1470782458782196,
    0.1470782458782196,
    0.1470782458782196,
    0.1470782458782196,
    0.1470782458782196,
    0.1474083811044693,
    0.1477385312318802,
    0.1477385312318802
  ],
  "val_loss": [
    1.1302531957626343,
    1.1617435216903687,
    1.1072933673858643,
    1.1229369640350342,
    1.1428302526474,
    1.1410468816757202,
    1.1094716787338257,
    1.1163121461868286
  ],
  "learning_rate": [
    0.0005000000237487257,
    0.0005000000237487257,
    0.0005000000237487257,
    0.0005000000237487257,
    0.0005000000237487257,
    0.0005000000237487257,
    0.0002500000118743628,
    0.0002500000118743628
  ]
}