{
  "f1_macro": 0.3142627631349436,
  "recall_neg": 0.051685393258426963,
  "precision_pos": 0.7336127409891031,
  "confusion_matrix": [
    [
      0.051685393258426963,
      0.0,
      0.9483146067415731
    ],
    [
      0.014511873350923483,
      0.002638522427440633,
      0.9828496042216359
    ],
    [
      0.0074846904059877525,
      0.0,
      0.9925153095940122
    ]
  ],
  "fold": 3,
  "train_time_sec": 18.723635379006737,
  "epochs_ran": 10
}