{
  "f1_macro": 0.3136826215962947,
  "recall_neg": 0.052808988764044947,
  "precision_pos": 0.73396952954964,
  "confusion_matrix": [
    [
      0.052808988764044947,
      0.0,
      0.9471910112359551
    ],
    [
      0.0158311345646438,
      0.0,
      0.9841688654353562
    ],
    [
      0.005670220004536176,
      0.0,
      0.9943297799954638
    ]
  ],
  "fold": 2,
  "train_time_sec": 18.096314137001173,
  "epochs_ran": 10
}