{
  "accuracy": [
    0.1454395353794098,
    0.1470903903245926,
    0.16830375790596008,
    0.1470903903245926,
    0.29327279329299927,
    0.3086256682872772,
    0.14676021039485931,
    0.14816343784332275,
    0.14849360287189484,
    0.14882376790046692
  ],
  "loss": [
    1.1700679063796997,
    1.167868733406067,
    1.1658961772918701,
    1.1574510335922241,
    1.1671135425567627,
    1.162647008895874,
    1.1553337574005127,
    1.1513551473617554,
    1.1505348682403564,
    1.1488665342330933
  ],
  "val_accuracy": [
    0.14710251986980438,
    0.14693742990493774,
    0.14693742990493774,
    0.14710251986980438,
    0.7303946018218994,
    0.13125309348106384,
    0.14759781956672668,
    0.14776292443275452,
    0.14776292443275452,
    0.14776292443275452
  ],
  "val_loss": [
    1.1354008913040161,
    1.148903489112854,
    1.1211060285568237,
    1.1094331741333008,
    1.0840036869049072,
    1.1042170524597168,
    1.133721113204956,
    1.102452039718628,
    1.1235814094543457,
    1.1299957036972046
  ],
  "learning_rate": [
    0.0005000000237487257,
    0.0005000000237487257,
    0.0005000000237487257,
    0.0005000000237487257,
    0.0005000000237487257,
    0.0005000000237487257,
    0.0005000000237487257,
    0.0005000000237487257,
    0.0002500000118743628,
    0.0002500000118743628
  ]
}