{
  "accuracy": [
    0.15749071538448334,
    0.14775072038173676,
    0.18415187299251556,
    0.14766818284988403,
    0.25513824820518494,
    0.22748658061027527,
    0.15113495290279388,
    0.149979367852211,
    0.14964918792247772,
    0.1491539478302002
  ],
  "loss": [
    1.1699519157409668,
    1.1677639484405518,
    1.1653807163238525,
    1.1582032442092896,
    1.1622258424758911,
    1.1696070432662964,
    1.1629977226257324,
    1.1586138010025024,
    1.1537820100784302,
    1.1513481140136719
  ],
  "val_accuracy": [
    0.14710251986980438,
    0.14710251986980438,
    0.14710251986980438,
    0.14726762473583221,
    0.7315502762794495,
    0.14842331409454346,
    0.14792801439762115,
    0.14759781956672668,
    0.14759781956672668,
    0.14759781956672668
  ],
  "val_loss": [
    1.1375148296356201,
    1.1598972082138062,
    1.103844404220581,
    1.1785041093826294,
    0.9696259498596191,
    1.1209977865219116,
    1.1208664178848267,
    1.133001685142517,
    1.116999864578247,
    1.0971531867980957
  ],
  "learning_rate": [
    0.0005000000237487257,
    0.0005000000237487257,
    0.0005000000237487257,
    0.0005000000237487257,
    0.0005000000237487257,
    0.0005000000237487257,
    0.0005000000237487257,
    0.0005000000237487257,
    0.0002500000118743628,
    0.0002500000118743628
  ]
}