{
  "folds": [
    {
      "f1_macro": 0.08547992516908907,
      "recall_neg": 1.0,
      "precision_pos": 0.0,
      "confusion_matrix": [
        [
          1.0,
          0.0,
          0.0
        ],
        [
          1.0,
          0.0,
          0.0
        ],
        [
          1.0,
          0.0,
          0.0
        ]
      ],
      "fold": 1,
      "train_time_sec": 16.193865912995534,
      "epochs_ran": 8
    },
    {
      "f1_macro": 0.3136826215962947,
      "recall_neg": 0.052808988764044947,
      "precision_pos": 0.73396952954964,
      "confusion_matrix": [
        [
          0.052808988764044947,
          0.0,
          0.9471910112359551
        ],
        [
          0.0158311345646438,
          0.0,
          0.9841688654353562
        ],
        [
          0.005670220004536176,
          0.0,
          0.9943297799954638
        ]
      ],
      "fold": 2,
      "train_time_sec": 18.096314137001173,
      "epochs_ran": 10
    },
    {
      "f1_macro": 0.3142627631349436,
      "recall_neg": 0.051685393258426963,
      "precision_pos": 0.7336127409891031,
      "confusion_matrix": [
        [
          0.051685393258426963,
          0.0,
          0.9483146067415731
        ],
        [
          0.014511873350923483,
          0.002638522427440633,
          0.9828496042216359
        ],
        [
          0.0074846904059877525,
          0.0,
          0.9925153095940122
        ]
      ],
      "fold": 3,
      "train_time_sec": 18.723635379006737,
      "epochs_ran": 10
    }
  ],
  "mean_f1_macro": 0.23780843663344245,
  "mean_recall_neg": 0.36816479400749064,
  "mean_precision_pos": 0.48919409017958104,
  "mean_epochs_ran": 9.333333333333334
}