{
  "f1_macro": 0.2969018018263894,
  "recall_neg": 0.05393258426966292,
  "precision_pos": 0.722825120085394,
  "fold": 3,
  "train_time_sec": 29.882972481998877
}