{
  "accuracy": [
    0.3229054808616638,
    0.33735039830207825,
    0.3474205434322357,
    0.34263309836387634,
    0.3355344533920288
  ],
  "loss": [
    1.1196037530899048,
    1.0996057987213135,
    1.1194393634796143,
    1.181852102279663,
    1.1560062170028687
  ],
  "val_accuracy": [
    0.12795113027095795,
    0.7295690774917603,
    0.36734357476234436,
    0.4952946901321411,
    0.37295690178871155
  ],
  "val_loss": [
    1.0914629697799683,
    1.035871148109436,
    1.114254117012024,
    1.0688921213150024,
    1.095409631729126
  ]
}