{
  "f1_macro": 0.285235227032448,
  "recall_neg": 0.006734006734006734,
  "precision_pos": 0.7282950223251199,
  "fold": 1,
  "train_time_sec": 32.936355396999716
}