{
  "f1_macro": 0.2913639790953316,
  "recall_neg": 0.15617977528089888,
  "precision_pos": 0.7310401989225032,
  "fold": 2,
  "train_time_sec": 31.638790903998597
}