{
  "accuracy": [
    0.3418358862400055,
    0.3451378643512726,
    0.344725102186203,
    0.31459468603134155,
    0.31707116961479187
  ],
  "loss": [
    1.1172525882720947,
    1.1196540594100952,
    1.1322823762893677,
    1.158846378326416,
    1.1428098678588867
  ],
  "val_accuracy": [
    0.18273358047008514,
    0.45179927349090576,
    0.36711785197257996,
    0.1330472081899643,
    0.7279630303382874
  ],
  "val_loss": [
    1.114147663116455,
    1.0955901145935059,
    1.0780428647994995,
    1.0928305387496948,
    1.0754756927490234
  ]
}