{
  "accuracy": [
    0.30557161569595337,
    0.31531161069869995,
    0.33371853828430176,
    0.3493190407752991,
    0.3101939857006073
  ],
  "loss": [
    1.1149417161941528,
    1.162850260734558,
    1.1537665128707886,
    1.1423522233963013,
    1.1288355588912964
  ],
  "val_accuracy": [
    0.1842496246099472,
    0.12993231415748596,
    0.5870893001556396,
    0.12464916706085205,
    0.6792141199111938
  ],
  "val_loss": [
    1.1443947553634644,
    1.069596529006958,
    1.057736873626709,
    1.1617339849472046,
    1.0318167209625244
  ]
}