{
  "folds": [
    {
      "f1_macro": 0.285235227032448,
      "recall_neg": 0.006734006734006734,
      "precision_pos": 0.7282950223251199,
      "fold": 1,
      "train_time_sec": 32.936355396999716
    },
    {
      "f1_macro": 0.2913639790953316,
      "recall_neg": 0.15617977528089888,
      "precision_pos": 0.7310401989225032,
      "fold": 2,
      "train_time_sec": 31.638790903998597
    },
    {
      "f1_macro": 0.2969018018263894,
      "recall_neg": 0.05393258426966292,
      "precision_pos": 0.722825120085394,
      "fold": 3,
      "train_time_sec": 29.882972481998877
    }
  ],
  "mean_f1_macro": 0.2911670026513897,
  "mean_recall_neg": 0.07228212209485618,
  "mean_precision_pos": 0.727386780444339
}