{
  "f1_macro": 0.08573543996326133,
  "recall_neg": 1.0,
  "precision_pos": 1.0,
  "confusion_matrix": [
    [
      1.0,
      0.0,
      0.0
    ],
    [
      1.0,
      0.0,
      0.0
    ],
    [
      0.9995463823996371,
      0.0,
      0.0004536176003628941
    ]
  ],
  "fold": 2,
  "train_time_sec": 19.927436829006183,
  "epochs_ran": 11
}