{
  "accuracy": [
    0.15915469825267792,
    0.14726762473583221,
    0.2584612965583801,
    0.3404325544834137,
    0.14726762473583221,
    0.14735017716884613,
    0.14751526713371277
  ],
  "loss": [
    1.170624852180481,
    1.1676850318908691,
    1.1642346382141113,
    1.1670740842819214,
    1.1588393449783325,
    1.1552846431732178,
    1.1537044048309326
  ],
  "val_accuracy": [
    0.1470782458782196,
    0.1470782458782196,
    0.1470782458782196,
    0.1470782458782196,
    0.1470782458782196,
    0.1474083811044693,
    0.1477385312318802
  ],
  "val_loss": [
    1.1203515529632568,
    1.0854268074035645,
    1.1560702323913574,
    1.1145780086517334,
    1.1135390996932983,
    1.0965979099273682,
    1.1455522775650024
  ],
  "learning_rate": [
    0.0005000000237487257,
    0.0005000000237487257,
    0.0005000000237487257,
    0.0005000000237487257,
    0.0005000000237487257,
    0.0002500000118743628,
    0.0002500000118743628
  ]
}