{
  "f1_macro": 0.08547992516908907,
  "recall_neg": 1.0,
  "precision_pos": 0.0,
  "confusion_matrix": [
    [
      1.0,
      0.0,
      0.0
    ],
    [
      1.0,
      0.0,
      0.0
    ],
    [
      1.0,
      0.0,
      0.0
    ]
  ],
  "fold": 1,
  "train_time_sec": 14.341337637990364,
  "epochs_ran": 7
}