{
  "accuracy": [
    0.18167561292648315,
    0.14700783789157867,
    0.2782500982284546,
    0.14725546538829803,
    0.1451093703508377,
    0.14725546538829803,
    0.14725546538829803,
    0.14758563041687012,
    0.14783325791358948
  ],
  "loss": [
    1.170802354812622,
    1.1679788827896118,
    1.1887353658676147,
    1.1651628017425537,
    1.1612581014633179,
    1.158981442451477,
    1.1573529243469238,
    1.1559568643569946,
    1.1552289724349976
  ],
  "val_accuracy": [
    0.14693742990493774,
    0.14693742990493774,
    0.14710251986980438,
    0.14710251986980438,
    0.14710251986980438,
    0.14710251986980438,
    0.14726762473583221,
    0.14726762473583221,
    0.14759781956672668
  ],
  "val_loss": [
    1.1219255924224854,
    1.1401935815811157,
    1.2097275257110596,
    1.0769481658935547,
    1.1328072547912598,
    1.1258779764175415,
    1.1874165534973145,
    1.1068142652511597,
    1.1078286170959473
  ],
  "learning_rate": [
    0.0005000000237487257,
    0.0005000000237487257,
    0.0005000000237487257,
    0.0005000000237487257,
    0.0005000000237487257,
    0.0005000000237487257,
    0.0005000000237487257,
    0.0002500000118743628,
    0.0002500000118743628
  ]
}