{
  "accuracy": [
    0.18217086791992188,
    0.14725546538829803,
    0.2943458557128906,
    0.2581923305988312,
    0.14783325791358948,
    0.14783325791358948,
    0.14783325791358948,
    0.14783325791358948,
    0.14857614040374756,
    0.1487412303686142,
    0.1487412303686142
  ],
  "loss": [
    1.170706868171692,
    1.1676565408706665,
    1.1849122047424316,
    1.1667346954345703,
    1.1593399047851562,
    1.1561981439590454,
    1.1552914381027222,
    1.1538591384887695,
    1.1527024507522583,
    1.1517788171768188,
    1.1507519483566284
  ],
  "val_accuracy": [
    0.14693742990493774,
    0.14693742990493774,
    0.14710251986980438,
    0.14726762473583221,
    0.14726762473583221,
    0.14726762473583221,
    0.14726762473583221,
    0.14726762473583221,
    0.14743272960186005,
    0.14743272960186005,
    0.14743272960186005
  ],
  "val_loss": [
    1.1417548656463623,
    1.1228219270706177,
    1.1249338388442993,
    1.150266408920288,
    1.129364252090454,
    1.1114057302474976,
    1.1207393407821655,
    1.1140340566635132,
    1.12315034866333,
    1.1267774105072021,
    1.1167572736740112
  ],
  "learning_rate": [
    0.0005000000237487257,
    0.0005000000237487257,
    0.0005000000237487257,
    0.0005000000237487257,
    0.0005000000237487257,
    0.0002500000118743628,
    0.0002500000118743628,
    0.0002500000118743628,
    0.0002500000118743628,
    0.0001250000059371814,
    0.0001250000059371814
  ]
}