{
  "accuracy": [
    0.4373452067375183,
    0.7847944498062134,
    0.8231797814369202,
    0.8462110161781311,
    0.8717186450958252,
    0.8922734260559082,
    0.9001155495643616,
    0.9209179282188416,
    0.9299983382225037,
    0.9360244274139404,
    0.9423807263374329,
    0.9463430643081665,
    0.9532771706581116,
    0.9519563913345337
  ],
  "loss": [
    1.0876885652542114,
    0.7964172959327698,
    0.6179255843162537,
    0.47338104248046875,
    0.3810262978076935,
    0.3289540708065033,
    0.28672218322753906,
    0.22334817051887512,
    0.19737175107002258,
    0.17959412932395935,
    0.16606925427913666,
    0.15361875295639038,
    0.13639220595359802,
    0.13156476616859436
  ],
  "val_accuracy": [
    0.7403433322906494,
    0.8045559525489807,
    0.8124793767929077,
    0.8388907313346863,
    0.8370749354362488,
    0.8431825637817383,
    0.848629891872406,
    0.8550676703453064,
    0.8702542185783386,
    0.8672829270362854,
    0.8532518744468689,
    0.868768572807312,
    0.8633212447166443,
    0.8732255101203918
  ],
  "val_loss": [
    0.858993411064148,
    0.6382563710212708,
    0.51595139503479,
    0.39754319190979004,
    0.4255113899707794,
    0.40687063336372375,
    0.4154229760169983,
    0.4036364257335663,
    0.38337501883506775,
    0.3900502324104309,
    0.424200177192688,
    0.4097195565700531,
    0.42407456040382385,
    0.4098280370235443
  ],
  "learning_rate": [
    0.0005000000237487257,
    0.0005000000237487257,
    0.0005000000237487257,
    0.0005000000237487257,
    0.0005000000237487257,
    0.0005000000237487257,
    0.0005000000237487257,
    0.0002500000118743628,
    0.0002500000118743628,
    0.0002500000118743628,
    0.0002500000118743628,
    0.0002500000118743628,
    0.0001250000059371814,
    0.0001250000059371814
  ]
}