{
  "accuracy": [
    0.32216259837150574,
    0.7963681221008301,
    0.8245975971221924,
    0.86306232213974,
    0.881056547164917,
    0.9035906195640564,
    0.9163846373558044,
    0.9328105449676514,
    0.9420552849769592
  ],
  "loss": [
    1.1145349740982056,
    0.7846962213516235,
    0.5677856206893921,
    0.4263198971748352,
    0.3559461832046509,
    0.2982778549194336,
    0.25706276297569275,
    0.20906072854995728,
    0.1835513561964035
  ],
  "val_accuracy": [
    0.7663859724998474,
    0.7888393402099609,
    0.8431566953659058,
    0.8588410019874573,
    0.8218590021133423,
    0.8314347267150879,
    0.860326886177063,
    0.8586758971214294,
    0.8720488548278809
  ],
  "val_loss": [
    0.8281431198120117,
    0.6024032235145569,
    0.40114614367485046,
    0.3612068295478821,
    0.44907957315444946,
    0.4582439064979553,
    0.3803531229496002,
    0.4011378288269043,
    0.38605770468711853
  ],
  "learning_rate": [
    0.0005000000237487257,
    0.0005000000237487257,
    0.0005000000237487257,
    0.0005000000237487257,
    0.0005000000237487257,
    0.0005000000237487257,
    0.0005000000237487257,
    0.0002500000118743628,
    0.0002500000118743628
  ]
}