{
  "f1_macro": 0.7782157020485062,
  "recall_neg": 0.8348314606741573,
  "precision_pos": 0.962827097089753,
  "confusion_matrix": [
    [
      0.8348314606741573,
      0.1449438202247191,
      0.020224719101123594
    ],
    [
      0.1345646437994723,
      0.6886543535620053,
      0.17678100263852242
    ],
    [
      0.0040825584032660464,
      0.10297119528237696,
      0.892946246314357
    ]
  ],
  "fold": 2,
  "train_time_sec": 109.0678535069892,
  "epochs_ran": 9
}