{
  "f1_macro": 0.7566988242050563,
  "recall_neg": 0.7752808988764045,
  "precision_pos": 0.9688133874239351,
  "confusion_matrix": [
    [
      0.7752808988764045,
      0.21235955056179776,
      0.012359550561797753
    ],
    [
      0.11609498680738786,
      0.7361477572559367,
      0.14775725593667546
    ],
    [
      0.0052166024041732815,
      0.12814697210251758,
      0.8666364254933091
    ]
  ],
  "fold": 3,
  "train_time_sec": 28.674510151002323,
  "epochs_ran": 10
}