{
  "f1_macro": 0.7865886208133914,
  "recall_neg": 0.7946127946127947,
  "precision_pos": 0.9586305278174037,
  "confusion_matrix": [
    [
      0.7946127946127947,
      0.17845117845117844,
      0.026936026936026935
    ],
    [
      0.10026385224274406,
      0.7018469656992085,
      0.19788918205804748
    ],
    [
      0.005670220004536176,
      0.07983669766386936,
      0.9144930823315944
    ]
  ],
  "fold": 1,
  "train_time_sec": 41.065808647996164,
  "epochs_ran": 14
}