{
  "accuracy": [
    0.3698720633983612,
    0.7966983318328857,
    0.8344201445579529,
    0.8687577247619629,
    0.8878250122070312,
    0.8992158770561218,
    0.9107717871665955,
    0.9242261648178101,
    0.9419727325439453,
    0.9490714073181152
  ],
  "loss": [
    1.0979461669921875,
    0.7616706490516663,
    0.5448253750801086,
    0.4317410886287689,
    0.3479883670806885,
    0.2899895906448364,
    0.2579776644706726,
    0.21249140799045563,
    0.1651027500629425,
    0.1423400342464447
  ],
  "val_accuracy": [
    0.7772824764251709,
    0.8112927079200745,
    0.8213636875152588,
    0.8162456750869751,
    0.8368829488754272,
    0.8477794528007507,
    0.8411754965782166,
    0.8581806421279907,
    0.8527323603630066,
    0.8532276749610901
  ],
  "val_loss": [
    0.8251914978027344,
    0.5242867469787598,
    0.46223562955856323,
    0.47006526589393616,
    0.4081292748451233,
    0.41339927911758423,
    0.4088183045387268,
    0.425580769777298,
    0.43869417905807495,
    0.4651576578617096
  ],
  "learning_rate": [
    0.0005000000237487257,
    0.0005000000237487257,
    0.0005000000237487257,
    0.0005000000237487257,
    0.0005000000237487257,
    0.0005000000237487257,
    0.0005000000237487257,
    0.0005000000237487257,
    0.0002500000118743628,
    0.0002500000118743628
  ]
}