{
  "folds": [
    {
      "f1_macro": 0.7865886208133914,
      "recall_neg": 0.7946127946127947,
      "precision_pos": 0.9586305278174037,
      "confusion_matrix": [
        [
          0.7946127946127947,
          0.17845117845117844,
          0.026936026936026935
        ],
        [
          0.10026385224274406,
          0.7018469656992085,
          0.19788918205804748
        ],
        [
          0.005670220004536176,
          0.07983669766386936,
          0.9144930823315944
        ]
      ],
      "fold": 1,
      "train_time_sec": 41.065808647996164,
      "epochs_ran": 14
    },
    {
      "f1_macro": 0.7782157020485062,
      "recall_neg": 0.8348314606741573,
      "precision_pos": 0.962827097089753,
      "confusion_matrix": [
        [
          0.8348314606741573,
          0.1449438202247191,
          0.020224719101123594
        ],
        [
          0.1345646437994723,
          0.6886543535620053,
          0.17678100263852242
        ],
        [
          0.0040825584032660464,
          0.10297119528237696,
          0.892946246314357
        ]
      ],
      "fold": 2,
      "train_time_sec": 109.0678535069892,
      "epochs_ran": 9
    },
    {
      "f1_macro": 0.7566988242050563,
      "recall_neg": 0.7752808988764045,
      "precision_pos": 0.9688133874239351,
      "confusion_matrix": [
        [
          0.7752808988764045,
          0.21235955056179776,
          0.012359550561797753
        ],
        [
          0.11609498680738786,
          0.7361477572559367,
          0.14775725593667546
        ],
        [
          0.0052166024041732815,
          0.12814697210251758,
          0.8666364254933091
        ]
      ],
      "fold": 3,
      "train_time_sec": 28.674510151002323,
      "epochs_ran": 10
    }
  ],
  "mean_f1_macro": 0.7738343823556514,
  "mean_recall_neg": 0.8015750513877854,
  "mean_precision_pos": 0.9634236707770306,
  "mean_epochs_ran": 11.0
}