{
  "f1_macro": 0.08872711275957222,
  "recall_neg": 1.0,
  "precision_pos": 1.0,
  "confusion_matrix": [
    [
      1.0,
      0.0,
      0.0
    ],
    [
      0.996042216358839,
      0.00395778364116095,
      0.0
    ],
    [
      0.9990927647992742,
      0.0,
      0.0009072352007257881
    ]
  ],
  "fold": 3,
  "train_time_sec": 20.688581151000108,
  "epochs_ran": 11
}