{
  "accuracy": [
    0.15947173535823822,
    0.14725546538829803,
    0.35707801580429077,
    0.15914155542850494,
    0.1479158103466034,
    0.14799834787845612,
    0.20808914303779602,
    0.14824597537517548,
    0.14865869283676147
  ],
  "loss": [
    1.1698939800262451,
    1.1678787469863892,
    1.1753041744232178,
    1.165921926498413,
    1.1631519794464111,
    1.1591219902038574,
    1.1565406322479248,
    1.1536046266555786,
    1.1519368886947632
  ],
  "val_accuracy": [
    0.14693742990493774,
    0.14693742990493774,
    0.14710251986980438,
    0.14710251986980438,
    0.14726762473583221,
    0.14726762473583221,
    0.14726762473583221,
    0.14726762473583221,
    0.14743272960186005
  ],
  "val_loss": [
    1.1309655904769897,
    1.1270523071289062,
    1.2082722187042236,
    1.0976608991622925,
    1.1105656623840332,
    1.1002731323242188,
    1.1305228471755981,
    1.1320509910583496,
    1.1125468015670776
  ],
  "learning_rate": [
    0.0005000000237487257,
    0.0005000000237487257,
    0.0005000000237487257,
    0.0005000000237487257,
    0.0005000000237487257,
    0.0005000000237487257,
    0.0005000000237487257,
    0.0002500000118743628,
    0.0002500000118743628
  ]
}