{
  "accuracy": [
    0.15881139039993286,
    0.14700783789157867,
    0.2710689306259155,
    0.14700783789157867,
    0.23400743305683136,
    0.2853487432003021,
    0.14799834787845612,
    0.16813866794109344,
    0.14865869283676147,
    0.149979367852211,
    0.15022699534893036
  ],
  "loss": [
    1.1703155040740967,
    1.1671974658966064,
    1.174641489982605,
    1.1576279401779175,
    1.1558390855789185,
    1.1610149145126343,
    1.1568853855133057,
    1.1545103788375854,
    1.1516708135604858,
    1.149922251701355,
    1.1495335102081299
  ],
  "val_accuracy": [
    0.14693742990493774,
    0.14693742990493774,
    0.14693742990493774,
    0.14710251986980438,
    0.14726762473583221,
    0.148093119263649,
    0.14726762473583221,
    0.14792801439762115,
    0.14891861379146576,
    0.14891861379146576,
    0.14891861379146576
  ],
  "val_loss": [
    1.1469650268554688,
    1.1275490522384644,
    1.1015303134918213,
    1.1811250448226929,
    1.1468669176101685,
    1.0955809354782104,
    1.1289491653442383,
    1.0987087488174438,
    1.1218689680099487,
    1.115127444267273,
    1.1199781894683838
  ],
  "learning_rate": [
    0.0005000000237487257,
    0.0005000000237487257,
    0.0005000000237487257,
    0.0005000000237487257,
    0.0005000000237487257,
    0.0005000000237487257,
    0.0005000000237487257,
    0.0005000000237487257,
    0.0005000000237487257,
    0.0002500000118743628,
    0.0002500000118743628
  ]
}