{
  "f1_macro": 0.3113712159030268,
  "recall_neg": 0.04938271604938271,
  "precision_pos": 0.7335900870730073,
  "confusion_matrix": [
    [
      0.04938271604938271,
      0.0,
      0.9506172839506173
    ],
    [
      0.018469656992084433,
      0.0,
      0.9815303430079155
    ],
    [
      0.0063506464050805175,
      0.0,
      0.9936493535949195
    ]
  ],
  "fold": 1,
  "train_time_sec": 16.238393817999167,
  "epochs_ran": 8
}