{
  "accuracy": [
    0.2070331871509552,
    0.1471850723028183,
    0.40960872173309326,
    0.15849430859088898,
    0.1442958563566208,
    0.14726762473583221,
    0.14784546196460724,
    0.14801056683063507
  ],
  "loss": [
    1.169580340385437,
    1.1678563356399536,
    1.1707139015197754,
    1.163867712020874,
    1.1596556901931763,
    1.157543659210205,
    1.1549965143203735,
    1.153363823890686
  ],
  "val_accuracy": [
    0.1470782458782196,
    0.1470782458782196,
    0.7304390668869019,
    0.12958072125911713,
    0.13040608167648315,
    0.1477385312318802,
    0.1477385312318802,
    0.1477385312318802
  ],
  "val_loss": [
    1.1055070161819458,
    1.1179102659225464,
    1.0869873762130737,
    1.131998896598816,
    1.1075189113616943,
    1.1205506324768066,
    1.124575138092041,
    1.121372103691101
  ],
  "learning_rate": [
    0.0005000000237487257,
    0.0005000000237487257,
    0.0005000000237487257,
    0.0005000000237487257,
    0.0005000000237487257,
    0.0005000000237487257,
    0.0002500000118743628,
    0.0002500000118743628
  ]
}