{
  "folds": [
    {
      "f1_macro": 0.3113712159030268,
      "recall_neg": 0.04938271604938271,
      "precision_pos": 0.7335900870730073,
      "confusion_matrix": [
        [
          0.04938271604938271,
          0.0,
          0.9506172839506173
        ],
        [
          0.018469656992084433,
          0.0,
          0.9815303430079155
        ],
        [
          0.0063506464050805175,
          0.0,
          0.9936493535949195
        ]
      ],
      "fold": 1,
      "train_time_sec": 16.238393817999167,
      "epochs_ran": 8
    },
    {
      "f1_macro": 0.08557203730582036,
      "recall_neg": 1.0,
      "precision_pos": 1.0,
      "confusion_matrix": [
        [
          1.0,
          0.0,
          0.0
        ],
        [
          1.0,
          0.0,
          0.0
        ],
        [
          0.9997731911998186,
          0.0,
          0.00022680880018144704
        ]
      ],
      "fold": 2,
      "train_time_sec": 16.55495542701101,
      "epochs_ran": 9
    },
    {
      "f1_macro": 0.08872711275957222,
      "recall_neg": 1.0,
      "precision_pos": 1.0,
      "confusion_matrix": [
        [
          1.0,
          0.0,
          0.0
        ],
        [
          0.996042216358839,
          0.00395778364116095,
          0.0
        ],
        [
          0.9990927647992742,
          0.0,
          0.0009072352007257881
        ]
      ],
      "fold": 3,
      "train_time_sec": 20.688581151000108,
      "epochs_ran": 11
    }
  ],
  "mean_f1_macro": 0.16189012198947314,
  "mean_recall_neg": 0.683127572016461,
  "mean_precision_pos": 0.9111966956910025,
  "mean_epochs_ran": 9.333333333333334
}