{
  "f1_macro": 0.7743575764699542,
  "recall_neg": 0.8449438202247191,
  "precision_pos": 0.9653477512902433,
  "confusion_matrix": [
    [
      0.8449438202247191,
      0.14382022471910114,
      0.011235955056179775
    ],
    [
      0.14907651715039577,
      0.6781002638522428,
      0.17282321899736147
    ],
    [
      0.008845543207076435,
      0.10024948968019959,
      0.8909049671127239
    ]
  ],
  "fold": 3,
  "train_time_sec": 39.23622846399667,
  "epochs_ran": 14
}