{
  "accuracy": [
    0.3538588583469391,
    0.7879488468170166,
    0.836153507232666,
    0.848534882068634,
    0.8652909398078918,
    0.8903838396072388,
    0.9080478549003601,
    0.9244738221168518,
    0.9363598823547363,
    0.9434584975242615,
    0.944118857383728,
    0.9512174725532532,
    0.9574081897735596,
    0.9607924222946167
  ],
  "loss": [
    1.1203118562698364,
    0.7880373597145081,
    0.5778255462646484,
    0.465055912733078,
    0.3801151514053345,
    0.3138645887374878,
    0.26523640751838684,
    0.2063760757446289,
    0.17958569526672363,
    0.1612151563167572,
    0.1589840203523636,
    0.13900086283683777,
    0.12390762567520142,
    0.11551559716463089
  ],
  "val_accuracy": [
    0.8149248957633972,
    0.8048539161682129,
    0.7779428958892822,
    0.8314347267150879,
    0.8079907298088074,
    0.8167409896850586,
    0.835892379283905,
    0.8519068956375122,
    0.8575202226638794,
    0.8548786640167236,
    0.8560343384742737,
    0.8550437688827515,
    0.8570249080657959,
    0.8604919910430908
  ],
  "val_loss": [
    0.7502712607383728,
    0.5413950085639954,
    0.5289645195007324,
    0.428236186504364,
    0.4528399109840393,
    0.48230183124542236,
    0.43747854232788086,
    0.42009592056274414,
    0.41831788420677185,
    0.4334236979484558,
    0.4475187063217163,
    0.44713205099105835,
    0.4448409080505371,
    0.4524507522583008
  ],
  "learning_rate": [
    0.0005000000237487257,
    0.0005000000237487257,
    0.0005000000237487257,
    0.0005000000237487257,
    0.0005000000237487257,
    0.0005000000237487257,
    0.0005000000237487257,
    0.0002500000118743628,
    0.0002500000118743628,
    0.0002500000118743628,
    0.0002500000118743628,
    0.0002500000118743628,
    0.0001250000059371814,
    0.0001250000059371814
  ]
}