{
  "f1_macro": 0.7760603167780032,
  "recall_neg": 0.7415730337078652,
  "precision_pos": 0.9481566820276498,
  "confusion_matrix": [
    [
      0.7415730337078652,
      0.21910112359550563,
      0.03932584269662921
    ],
    [
      0.08839050131926121,
      0.6609498680738787,
      0.25065963060686014
    ],
    [
      0.0027217056021773644,
      0.06396008165116807,
      0.9333182127466546
    ]
  ],
  "fold": 2,
  "train_time_sec": 35.90847823400691,
  "epochs_ran": 13
}