{
  "accuracy": [
    0.37485554814338684,
    0.8043586015701294,
    0.8276374340057373,
    0.8632986545562744,
    0.8831104636192322,
    0.9049034118652344,
    0.9196797013282776,
    0.9293379783630371
  ],
  "loss": [
    1.0907710790634155,
    0.7596547603607178,
    0.531711220741272,
    0.4169955253601074,
    0.3419804275035858,
    0.28364139795303345,
    0.23641863465309143,
    0.2039208859205246
  ],
  "val_accuracy": [
    0.7606470584869385,
    0.8111587762832642,
    0.8501155376434326,
    0.8436777591705322,
    0.8081875443458557,
    0.8312974572181702,
    0.8578738570213318,
    0.8600198030471802
  ],
  "val_loss": [
    0.8267624378204346,
    0.5406362414360046,
    0.38793864846229553,
    0.40558770298957825,
    0.464959055185318,
    0.4335685074329376,
    0.3961322009563446,
    0.39485111832618713
  ],
  "learning_rate": [
    0.0005000000237487257,
    0.0005000000237487257,
    0.0005000000237487257,
    0.0005000000237487257,
    0.0005000000237487257,
    0.0005000000237487257,
    0.0002500000118743628,
    0.0002500000118743628
  ]
}