{
  "accuracy": [
    0.4462236762046814,
    0.8086669445037842,
    0.8354932069778442,
    0.8613289594650269,
    0.8858439922332764,
    0.9047461748123169,
    0.9203466773033142,
    0.9202641248703003,
    0.9259595274925232,
    0.9366075396537781,
    0.9514651298522949,
    0.9602146148681641,
    0.964011549949646
  ],
  "loss": [
    1.097254991531372,
    0.7916076183319092,
    0.5749644637107849,
    0.4596844017505646,
    0.3728659152984619,
    0.3118348717689514,
    0.26044827699661255,
    0.2568610906600952,
    0.2157062590122223,
    0.18005454540252686,
    0.1541396677494049,
    0.12446688115596771,
    0.11132242530584335
  ],
  "val_accuracy": [
    0.8053491711616516,
    0.8423311710357666,
    0.7781080007553101,
    0.8401849269866943,
    0.8015519380569458,
    0.8571900129318237,
    0.8266468644142151,
    0.8710582852363586,
    0.8684167265892029,
    0.8708931803703308,
    0.867095947265625,
    0.8735347390174866,
    0.8730394840240479
  ],
  "val_loss": [
    0.7078427672386169,
    0.45842865109443665,
    0.5221371054649353,
    0.4214438796043396,
    0.4912990927696228,
    0.3764001131057739,
    0.4436953365802765,
    0.3510048985481262,
    0.3731749653816223,
    0.3851029872894287,
    0.4099907875061035,
    0.4160221517086029,
    0.42995938658714294
  ],
  "learning_rate": [
    0.0005000000237487257,
    0.0005000000237487257,
    0.0005000000237487257,
    0.0005000000237487257,
    0.0005000000237487257,
    0.0005000000237487257,
    0.0005000000237487257,
    0.0005000000237487257,
    0.0005000000237487257,
    0.0005000000237487257,
    0.0005000000237487257,
    0.0002500000118743628,
    0.0002500000118743628
  ]
}