{
  "f1_macro": 0.7586099327195465,
  "recall_neg": 0.797979797979798,
  "precision_pos": 0.9598246895544192,
  "confusion_matrix": [
    [
      0.797979797979798,
      0.1840628507295174,
      0.017957351290684626
    ],
    [
      0.14775725593667546,
      0.6556728232189973,
      0.19656992084432717
    ],
    [
      0.007938308006350647,
      0.09798140167838512,
      0.8940802903152643
    ]
  ],
  "fold": 1,
  "train_time_sec": 26.0119882220024,
  "epochs_ran": 8
}