{
  "folds": [
    {
      "f1_macro": 0.7586099327195465,
      "recall_neg": 0.797979797979798,
      "precision_pos": 0.9598246895544192,
      "confusion_matrix": [
        [
          0.797979797979798,
          0.1840628507295174,
          0.017957351290684626
        ],
        [
          0.14775725593667546,
          0.6556728232189973,
          0.19656992084432717
        ],
        [
          0.007938308006350647,
          0.09798140167838512,
          0.8940802903152643
        ]
      ],
      "fold": 1,
      "train_time_sec": 26.0119882220024,
      "epochs_ran": 8
    },
    {
      "f1_macro": 0.7760603167780032,
      "recall_neg": 0.7415730337078652,
      "precision_pos": 0.9481566820276498,
      "confusion_matrix": [
        [
          0.7415730337078652,
          0.21910112359550563,
          0.03932584269662921
        ],
        [
          0.08839050131926121,
          0.6609498680738787,
          0.25065963060686014
        ],
        [
          0.0027217056021773644,
          0.06396008165116807,
          0.9333182127466546
        ]
      ],
      "fold": 2,
      "train_time_sec": 35.90847823400691,
      "epochs_ran": 13
    },
    {
      "f1_macro": 0.7743575764699542,
      "recall_neg": 0.8449438202247191,
      "precision_pos": 0.9653477512902433,
      "confusion_matrix": [
        [
          0.8449438202247191,
          0.14382022471910114,
          0.011235955056179775
        ],
        [
          0.14907651715039577,
          0.6781002638522428,
          0.17282321899736147
        ],
        [
          0.008845543207076435,
          0.10024948968019959,
          0.8909049671127239
        ]
      ],
      "fold": 3,
      "train_time_sec": 39.23622846399667,
      "epochs_ran": 14
    }
  ],
  "mean_f1_macro": 0.7696759419891679,
  "mean_recall_neg": 0.7948322173041275,
  "mean_precision_pos": 0.9577763742907708,
  "mean_epochs_ran": 11.666666666666666
}