{
  "accuracy": [
    0.24129106104373932,
    0.5522536039352417,
    0.7541687488555908,
    0.8422486186027527,
    0.8907875418663025,
    0.9225689172744751,
    0.9278520941734314,
    0.9489846229553223,
    0.9640911221504211,
    0.9658246636390686,
    0.9787023067474365,
    0.9824995994567871
  ],
  "loss": [
    1.1558771133422852,
    0.9594980478286743,
    0.6881895661354065,
    0.48954537510871887,
    0.32439813017845154,
    0.22944319248199463,
    0.18917280435562134,
    0.1411622166633606,
    0.10527367144823074,
    0.08778044581413269,
    0.062474071979522705,
    0.0531378798186779
  ],
  "val_accuracy": [
    0.34450313448905945,
    0.7664245367050171,
    0.7614724040031433,
    0.8308022618293762,
    0.8382304310798645,
    0.8461538553237915,
    0.8560581207275391,
    0.8585341572761536,
    0.8628259897232056,
    0.8512710332870483,
    0.8757015466690063,
    0.869263768196106
  ],
  "val_loss": [
    1.0799728631973267,
    0.721842885017395,
    0.6022067070007324,
    0.43674731254577637,
    0.41771697998046875,
    0.4184284210205078,
    0.4069474935531616,
    0.4323873817920685,
    0.4389707148075104,
    0.4836514890193939,
    0.4595862925052643,
    0.47854265570640564
  ],
  "learning_rate": [
    0.0005000000237487257,
    0.0005000000237487257,
    0.0005000000237487257,
    0.0005000000237487257,
    0.0005000000237487257,
    0.0005000000237487257,
    0.0005000000237487257,
    0.0005000000237487257,
    0.0005000000237487257,
    0.0005000000237487257,
    0.0002500000118743628,
    0.0002500000118743628
  ]
}