{
  "f1_macro": 0.7857956146660126,
  "recall_neg": 0.7820224719101123,
  "precision_pos": 0.9522706209453198,
  "confusion_matrix": [
    [
      0.7820224719101123,
      0.19325842696629214,
      0.024719101123595506
    ],
    [
      0.09762532981530343,
      0.6596306068601583,
      0.24274406332453827
    ],
    [
      0.0022680880018144706,
      0.0655477432524382,
      0.9321841687457474
    ]
  ],
  "fold": 2,
  "train_time_sec": 24.17232462600805,
  "epochs_ran": 10
}