{
  "accuracy": [
    0.311762273311615,
    0.6354932188987732,
    0.8108130693435669,
    0.8624019622802734,
    0.8980602622032166,
    0.9291787147521973,
    0.9410647749900818,
    0.9551795125007629,
    0.9707800149917603,
    0.9737515449523926,
    0.981758177280426,
    0.985720157623291
  ],
  "loss": [
    1.1516083478927612,
    0.9053723216056824,
    0.6236305832862854,
    0.446733683347702,
    0.3180864453315735,
    0.2174912542104721,
    0.1691017895936966,
    0.12808844447135925,
    0.09196452796459198,
    0.07562951743602753,
    0.05591391772031784,
    0.04677461460232735
  ],
  "val_accuracy": [
    0.4016840159893036,
    0.7830609083175659,
    0.7777777910232544,
    0.8061746954917908,
    0.8325904011726379,
    0.8027076125144958,
    0.8629684448242188,
    0.8616476655006409,
    0.8623080849647522,
    0.8588410019874573,
    0.8601617813110352,
    0.8657751083374023
  ],
  "val_loss": [
    1.073324203491211,
    0.6383684277534485,
    0.5746554136276245,
    0.4927919805049896,
    0.44802993535995483,
    0.5154361128807068,
    0.4213468134403229,
    0.44062578678131104,
    0.46861937642097473,
    0.49248233437538147,
    0.5083414316177368,
    0.5147076845169067
  ],
  "learning_rate": [
    0.0005000000237487257,
    0.0005000000237487257,
    0.0005000000237487257,
    0.0005000000237487257,
    0.0005000000237487257,
    0.0005000000237487257,
    0.0005000000237487257,
    0.0005000000237487257,
    0.0005000000237487257,
    0.0005000000237487257,
    0.0002500000118743628,
    0.0002500000118743628
  ]
}