{
  "f1_macro": 0.7668546274678714,
  "recall_neg": 0.7674157303370787,
  "precision_pos": 0.9477246207701283,
  "confusion_matrix": [
    [
      0.7674157303370787,
      0.19101123595505617,
      0.04157303370786517
    ],
    [
      0.11609498680738786,
      0.637203166226913,
      0.24670184696569922
    ],
    [
      0.007031072805624858,
      0.07189838965751871,
      0.9210705375368564
    ]
  ],
  "fold": 3,
  "train_time_sec": 28.38522859099612,
  "epochs_ran": 12
}