{
  "f1_macro": 0.7687321299206354,
  "recall_neg": 0.8092031425364759,
  "precision_pos": 0.958565543978677,
  "confusion_matrix": [
    [
      0.8092031425364759,
      0.16610549943883277,
      0.024691358024691357
    ],
    [
      0.13192612137203166,
      0.6715039577836411,
      0.19656992084432717
    ],
    [
      0.00997958720798367,
      0.09276479927421184,
      0.8972556135178045
    ]
  ],
  "fold": 1,
  "train_time_sec": 32.139706255999045,
  "epochs_ran": 12
}