{
  "accuracy": [
    0.28345027565956116,
    0.6871646642684937,
    0.845068097114563,
    0.8872472047805786,
    0.9187783598899841,
    0.9325629472732544,
    0.9513000249862671,
    0.9607098698616028,
    0.9750722050666809,
    0.9815105199813843
  ],
  "loss": [
    1.153696894645691,
    0.8943939208984375,
    0.5831817984580994,
    0.42154064774513245,
    0.2790698707103729,
    0.21556225419044495,
    0.15767565369606018,
    0.12884457409381866,
    0.08520539104938507,
    0.06499955803155899
  ],
  "val_accuracy": [
    0.42529305815696716,
    0.7523526549339294,
    0.8068350553512573,
    0.8380386233329773,
    0.8760112524032593,
    0.860326886177063,
    0.8680865168571472,
    0.864949643611908,
    0.8634637594223022,
    0.8736998438835144
  ],
  "val_loss": [
    1.076426386833191,
    0.6755470037460327,
    0.5274787545204163,
    0.4110867381095886,
    0.3447025418281555,
    0.3820285201072693,
    0.3935117721557617,
    0.41377148032188416,
    0.4393124580383301,
    0.4271877408027649
  ],
  "learning_rate": [
    0.0005000000237487257,
    0.0005000000237487257,
    0.0005000000237487257,
    0.0005000000237487257,
    0.0005000000237487257,
    0.0005000000237487257,
    0.0005000000237487257,
    0.0005000000237487257,
    0.0002500000118743628,
    0.0002500000118743628
  ]
}