{
  "folds": [
    {
      "f1_macro": 0.7687321299206354,
      "recall_neg": 0.8092031425364759,
      "precision_pos": 0.958565543978677,
      "confusion_matrix": [
        [
          0.8092031425364759,
          0.16610549943883277,
          0.024691358024691357
        ],
        [
          0.13192612137203166,
          0.6715039577836411,
          0.19656992084432717
        ],
        [
          0.00997958720798367,
          0.09276479927421184,
          0.8972556135178045
        ]
      ],
      "fold": 1,
      "train_time_sec": 32.139706255999045,
      "epochs_ran": 12
    },
    {
      "f1_macro": 0.7857956146660126,
      "recall_neg": 0.7820224719101123,
      "precision_pos": 0.9522706209453198,
      "confusion_matrix": [
        [
          0.7820224719101123,
          0.19325842696629214,
          0.024719101123595506
        ],
        [
          0.09762532981530343,
          0.6596306068601583,
          0.24274406332453827
        ],
        [
          0.0022680880018144706,
          0.0655477432524382,
          0.9321841687457474
        ]
      ],
      "fold": 2,
      "train_time_sec": 24.17232462600805,
      "epochs_ran": 10
    },
    {
      "f1_macro": 0.7668546274678714,
      "recall_neg": 0.7674157303370787,
      "precision_pos": 0.9477246207701283,
      "confusion_matrix": [
        [
          0.7674157303370787,
          0.19101123595505617,
          0.04157303370786517
        ],
        [
          0.11609498680738786,
          0.637203166226913,
          0.24670184696569922
        ],
        [
          0.007031072805624858,
          0.07189838965751871,
          0.9210705375368564
        ]
      ],
      "fold": 3,
      "train_time_sec": 28.38522859099612,
      "epochs_ran": 12
    }
  ],
  "mean_f1_macro": 0.7737941240181732,
  "mean_recall_neg": 0.7862137815945557,
  "mean_precision_pos": 0.952853595231375,
  "mean_epochs_ran": 11.333333333333334
}