{
  "accuracy": [
    0.16194799542427063,
    0.1573256254196167,
    0.19966983795166016,
    0.14989681541919708,
    0.16780850291252136,
    0.24127115309238434,
    0.2370615005493164,
    0.2325216680765152,
    0.19182831048965454,
    0.18530747294425964,
    0.18291375041007996
  ],
  "loss": [
    1.1706098318099976,
    1.167508840560913,
    1.1648719310760498,
    1.1617023944854736,
    1.156309723854065,
    1.1530977487564087,
    1.155603051185608,
    1.1527092456817627,
    1.1494842767715454,
    1.1489747762680054,
    1.1480032205581665
  ],
  "val_accuracy": [
    0.14693742990493774,
    0.14693742990493774,
    0.14693742990493774,
    0.14693742990493774,
    0.14743272960186005,
    0.731054961681366,
    0.14776292443275452,
    0.14792801439762115,
    0.14842331409454346,
    0.14776292443275452,
    0.14792801439762115
  ],
  "val_loss": [
    1.1259199380874634,
    1.1173988580703735,
    1.098294734954834,
    1.1147801876068115,
    1.1178584098815918,
    1.0792624950408936,
    1.1460434198379517,
    1.1260393857955933,
    1.0866612195968628,
    1.0950510501861572,
    1.120069146156311
  ],
  "learning_rate": [
    0.0005000000237487257,
    0.0005000000237487257,
    0.0005000000237487257,
    0.0005000000237487257,
    0.0005000000237487257,
    0.0005000000237487257,
    0.0005000000237487257,
    0.0005000000237487257,
    0.0005000000237487257,
    0.0002500000118743628,
    0.0002500000118743628
  ]
}