{
  "accuracy": [
    0.20719827711582184,
    0.15684331953525543,
    0.20216278731822968,
    0.17269274592399597,
    0.1661713719367981,
    0.22643223404884338,
    0.16773980855941772,
    0.16072313487529755
  ],
  "loss": [
    1.1699719429016113,
    1.168034553527832,
    1.1647891998291016,
    1.1588422060012817,
    1.154637098312378,
    1.1548881530761719,
    1.1492490768432617,
    1.1464877128601074
  ],
  "val_accuracy": [
    0.1470782458782196,
    0.1470782458782196,
    0.1470782458782196,
    0.1470782458782196,
    0.1474083811044693,
    0.1477385312318802,
    0.14856387674808502,
    0.14872895181179047
  ],
  "val_loss": [
    1.167594313621521,
    1.144639015197754,
    1.083204984664917,
    1.1308590173721313,
    1.1160346269607544,
    1.1322073936462402,
    1.165460228919983,
    1.0961402654647827
  ],
  "learning_rate": [
    0.0005000000237487257,
    0.0005000000237487257,
    0.0005000000237487257,
    0.0005000000237487257,
    0.0005000000237487257,
    0.0005000000237487257,
    0.0002500000118743628,
    0.0002500000118743628
  ]
}