{
  "f1_macro": 0.32170329570481865,
  "recall_neg": 0.0651685393258427,
  "precision_pos": 0.7351060249074386,
  "confusion_matrix": [
    [
      0.0651685393258427,
      0.0,
      0.9348314606741573
    ],
    [
      0.018469656992084433,
      0.002638522427440633,
      0.978891820580475
    ],
    [
      0.008845543207076435,
      0.0004536176003628941,
      0.9907008391925607
    ]
  ],
  "fold": 3,
  "train_time_sec": 1504.6301400789962,
  "epochs_ran": 11
}