{
  "accuracy": [
    0.1858852654695511,
    0.15930664539337158,
    0.18745356798171997,
    0.2104828655719757,
    0.22319439053535461,
    0.22261659801006317,
    0.17342138290405273,
    0.1818406879901886
  ],
  "loss": [
    1.1697719097137451,
    1.1679461002349854,
    1.1627196073532104,
    1.1586329936981201,
    1.155522346496582,
    1.1535974740982056,
    1.155226707458496,
    1.1498358249664307
  ],
  "val_accuracy": [
    0.14693742990493774,
    0.14693742990493774,
    0.7318804860115051,
    0.14726762473583221,
    0.14743272960186005,
    0.14726762473583221,
    0.14743272960186005,
    0.14776292443275452
  ],
  "val_loss": [
    1.1675989627838135,
    1.1742538213729858,
    1.0718568563461304,
    1.1431303024291992,
    1.1009995937347412,
    1.1303503513336182,
    1.1500225067138672,
    1.1430153846740723
  ],
  "learning_rate": [
    0.0005000000237487257,
    0.0005000000237487257,
    0.0005000000237487257,
    0.0005000000237487257,
    0.0005000000237487257,
    0.0005000000237487257,
    0.0002500000118743628,
    0.0002500000118743628
  ]
}