{
  "f1_macro": 0.31918593311006255,
  "recall_neg": 0.06292134831460675,
  "precision_pos": 0.7350125944584383,
  "confusion_matrix": [
    [
      0.06292134831460675,
      0.0,
      0.9370786516853933
    ],
    [
      0.018469656992084433,
      0.0,
      0.9815303430079155
    ],
    [
      0.007257881605806305,
      0.0,
      0.9927421183941937
    ]
  ],
  "fold": 2,
  "train_time_sec": 1083.9195607239963,
  "epochs_ran": 8
}