{
  "folds": [
    {
      "f1_macro": 0.08547992516908907,
      "recall_neg": 1.0,
      "precision_pos": 0.0,
      "confusion_matrix": [
        [
          1.0,
          0.0,
          0.0
        ],
        [
          1.0,
          0.0,
          0.0
        ],
        [
          1.0,
          0.0,
          0.0
        ]
      ],
      "fold": 1,
      "train_time_sec": 1072.339303241999,
      "epochs_ran": 8
    },
    {
      "f1_macro": 0.31918593311006255,
      "recall_neg": 0.06292134831460675,
      "precision_pos": 0.7350125944584383,
      "confusion_matrix": [
        [
          0.06292134831460675,
          0.0,
          0.9370786516853933
        ],
        [
          0.018469656992084433,
          0.0,
          0.9815303430079155
        ],
        [
          0.007257881605806305,
          0.0,
          0.9927421183941937
        ]
      ],
      "fold": 2,
      "train_time_sec": 1083.9195607239963,
      "epochs_ran": 8
    },
    {
      "f1_macro": 0.32170329570481865,
      "recall_neg": 0.0651685393258427,
      "precision_pos": 0.7351060249074386,
      "confusion_matrix": [
        [
          0.0651685393258427,
          0.0,
          0.9348314606741573
        ],
        [
          0.018469656992084433,
          0.002638522427440633,
          0.978891820580475
        ],
        [
          0.008845543207076435,
          0.0004536176003628941,
          0.9907008391925607
        ]
      ],
      "fold": 3,
      "train_time_sec": 1504.6301400789962,
      "epochs_ran": 11
    }
  ],
  "mean_f1_macro": 0.24212305132799009,
  "mean_recall_neg": 0.3760299625468165,
  "mean_precision_pos": 0.49003953978862563,
  "mean_epochs_ran": 9.0
}