{
  "accuracy": [
    0.15824665129184723,
    0.14710251986980438,
    0.14726762473583221,
    0.19366022944450378,
    0.250619113445282,
    0.2417038083076477,
    0.2483902871608734,
    0.19687964022159576,
    0.14710251986980438,
    0.40052831172943115,
    0.2141324132680893,
    0.1523856669664383,
    0.1519729197025299,
    0.32507842779159546
  ],
  "loss": [
    1.1694124937057495,
    1.1676063537597656,
    1.1650209426879883,
    1.1602423191070557,
    1.1544427871704102,
    1.1531034708023071,
    1.1492598056793213,
    1.1485557556152344,
    1.1468074321746826,
    1.1449787616729736,
    1.1452760696411133,
    1.1449233293533325,
    1.1413710117340088,
    1.1426482200622559
  ],
  "val_accuracy": [
    0.1470782458782196,
    0.1470782458782196,
    0.1470782458782196,
    0.1474083811044693,
    0.1477385312318802,
    0.14823374152183533,
    0.1492241621017456,
    0.14905910193920135,
    0.1492241621017456,
    0.14938923716545105,
    0.1492241621017456,
    0.1492241621017456,
    0.1492241621017456,
    0.1492241621017456
  ],
  "val_loss": [
    1.1397767066955566,
    1.1356860399246216,
    1.1461557149887085,
    1.1832586526870728,
    1.1589903831481934,
    1.1328554153442383,
    1.165743112564087,
    1.110642910003662,
    1.0971858501434326,
    1.159965991973877,
    1.1296870708465576,
    1.1247450113296509,
    1.1200436353683472,
    1.1102405786514282
  ],
  "learning_rate": [
    0.0005000000237487257,
    0.0005000000237487257,
    0.0005000000237487257,
    0.0005000000237487257,
    0.0005000000237487257,
    0.0002500000118743628,
    0.0002500000118743628,
    0.0002500000118743628,
    0.0002500000118743628,
    0.0002500000118743628,
    0.0002500000118743628,
    0.0002500000118743628,
    0.0001250000059371814,
    0.0001250000059371814
  ]
}