{
  "accuracy": [
    0.20949237048625946,
    0.1471729278564453,
    0.14725546538829803,
    0.14758563041687012,
    0.19950474798679352,
    0.172926127910614,
    0.27899298071861267,
    0.2329343855381012,
    0.2583574056625366,
    0.15146513283252716,
    0.15113495290279388
  ],
  "loss": [
    1.171126365661621,
    1.1680372953414917,
    1.1658855676651,
    1.1621257066726685,
    1.155279278755188,
    1.1523716449737549,
    1.1511304378509521,
    1.1482173204421997,
    1.190781593322754,
    1.15293550491333,
    1.1490646600723267
  ],
  "val_accuracy": [
    0.14693742990493774,
    0.14710251986980438,
    0.14743272960186005,
    0.14710251986980438,
    0.7308898568153381,
    0.7308898568153381,
    0.14842331409454346,
    0.14891861379146576,
    0.14875350892543793,
    0.14891861379146576,
    0.14875350892543793
  ],
  "val_loss": [
    1.1325727701187134,
    1.1157768964767456,
    1.1456276178359985,
    1.1321707963943481,
    1.0825873613357544,
    1.0770025253295898,
    1.1584731340408325,
    1.0958212614059448,
    1.1438575983047485,
    1.1079541444778442,
    1.118596076965332
  ],
  "learning_rate": [
    0.0005000000237487257,
    0.0005000000237487257,
    0.0005000000237487257,
    0.0005000000237487257,
    0.0005000000237487257,
    0.0005000000237487257,
    0.0005000000237487257,
    0.0005000000237487257,
    0.0005000000237487257,
    0.0002500000118743628,
    0.0002500000118743628
  ]
}