{
  "accuracy": [
    0.18283119797706604,
    0.1471729278564453,
    0.14742055535316467,
    0.14783325791358948,
    0.17226578295230865,
    0.19587288796901703,
    0.14940157532691956,
    0.15022699534893036
  ],
  "loss": [
    1.1699366569519043,
    1.1677055358886719,
    1.1662354469299316,
    1.1650089025497437,
    1.1580849885940552,
    1.1540323495864868,
    1.1497095823287964,
    1.1474554538726807
  ],
  "val_accuracy": [
    0.14693742990493774,
    0.14710251986980438,
    0.14710251986980438,
    0.14710251986980438,
    0.14743272960186005,
    0.14759781956672668,
    0.14759781956672668,
    0.14792801439762115
  ],
  "val_loss": [
    1.1062452793121338,
    1.1175158023834229,
    1.099705457687378,
    1.128973364830017,
    1.1397897005081177,
    1.1456174850463867,
    1.1402077674865723,
    1.1241334676742554
  ],
  "learning_rate": [
    0.0005000000237487257,
    0.0005000000237487257,
    0.0005000000237487257,
    0.0005000000237487257,
    0.0005000000237487257,
    0.0005000000237487257,
    0.0002500000118743628,
    0.0002500000118743628
  ]
}