{
  "f1_macro": 0.09344362488884428,
  "recall_neg": 0.9988776655443322,
  "precision_pos": 0.8571428571428571,
  "confusion_matrix": [
    [
      0.9988776655443322,
      0.0,
      0.001122334455667789
    ],
    [
      0.9894459102902374,
      0.010554089709762533,
      0.0
    ],
    [
      0.9981855295985484,
      0.0004536176003628941,
      0.0013608528010886822
    ]
  ],
  "fold": 1,
  "train_time_sec": 25.815800837008283,
  "epochs_ran": 14
}