{
  "f1_macro": 0.31890199216116005,
  "recall_neg": 0.058426966292134834,
  "precision_pos": 0.7342962714141753,
  "confusion_matrix": [
    [
      0.058426966292134834,
      0.0,
      0.9415730337078652
    ],
    [
      0.014511873350923483,
      0.00395778364116095,
      0.9815303430079155
    ],
    [
      0.00839192560671354,
      0.0,
      0.9916080743932865
    ]
  ],
  "fold": 3,
  "train_time_sec": 18.270699030006654,
  "epochs_ran": 11
}