{
  "folds": [
    {
      "f1_macro": 0.09344362488884428,
      "recall_neg": 0.9988776655443322,
      "precision_pos": 0.8571428571428571,
      "confusion_matrix": [
        [
          0.9988776655443322,
          0.0,
          0.001122334455667789
        ],
        [
          0.9894459102902374,
          0.010554089709762533,
          0.0
        ],
        [
          0.9981855295985484,
          0.0004536176003628941,
          0.0013608528010886822
        ]
      ],
      "fold": 1,
      "train_time_sec": 25.815800837008283,
      "epochs_ran": 14
    },
    {
      "f1_macro": 0.08557203730582036,
      "recall_neg": 1.0,
      "precision_pos": 1.0,
      "confusion_matrix": [
        [
          1.0,
          0.0,
          0.0
        ],
        [
          1.0,
          0.0,
          0.0
        ],
        [
          0.9997731911998186,
          0.0,
          0.00022680880018144704
        ]
      ],
      "fold": 2,
      "train_time_sec": 14.01395851399866,
      "epochs_ran": 8
    },
    {
      "f1_macro": 0.31890199216116005,
      "recall_neg": 0.058426966292134834,
      "precision_pos": 0.7342962714141753,
      "confusion_matrix": [
        [
          0.058426966292134834,
          0.0,
          0.9415730337078652
        ],
        [
          0.014511873350923483,
          0.00395778364116095,
          0.9815303430079155
        ],
        [
          0.00839192560671354,
          0.0,
          0.9916080743932865
        ]
      ],
      "fold": 3,
      "train_time_sec": 18.270699030006654,
      "epochs_ran": 11
    }
  ],
  "mean_f1_macro": 0.16597255145194156,
  "mean_recall_neg": 0.6857682106121556,
  "mean_precision_pos": 0.8638130428523442,
  "mean_epochs_ran": 11.0
}