{
  "f1_macro": 0.49771531108084427,
  "recall_neg": 0.7348314606741573,
  "precision_pos": 0.8421926910299004,
  "confusion_matrix": [
    [
      0.7348314606741573,
      0.0,
      0.2651685393258427
    ],
    [
      0.3087071240105541,
      0.0,
      0.6912928759894459
    ],
    [
      0.0800635064640508,
      0.0,
      0.9199364935359492
    ]
  ],
  "fold": 2,
  "train_time_sec": 23.764440925995586,
  "epochs_ran": 13
}