{
  "f1_macro": 0.11570753121479134,
  "recall_neg": 0.07295173961840629,
  "precision_pos": 0.0,
  "confusion_matrix": [
    [
      0.07295173961840629,
      0.9270482603815937,
      0.0
    ],
    [
      0.029023746701846966,
      0.9709762532981531,
      0.0
    ],
    [
      0.01066001360852801,
      0.989339986391472,
      0.0
    ]
  ],
  "fold": 1,
  "train_time_sec": 15.021743393997895,
  "epochs_ran": 7
}