{
  "accuracy": [
    0.1466897875070572,
    0.14693742990493774,
    0.4350338578224182,
    0.14743272960186005,
    0.35446590185165405,
    0.14553409814834595,
    0.14834076166152954
  ],
  "loss": [
    1.1690603494644165,
    1.1648600101470947,
    1.1743535995483398,
    1.156397819519043,
    1.1611934900283813,
    1.15529465675354,
    1.152035117149353
  ],
  "val_accuracy": [
    0.1470782458782196,
    0.13222186267375946,
    0.1474083811044693,
    0.1474083811044693,
    0.13222186267375946,
    0.14790359139442444,
    0.14790359139442444
  ],
  "val_loss": [
    1.1108651161193848,
    1.0974886417388916,
    1.1929887533187866,
    1.2444895505905151,
    1.1169549226760864,
    1.112189531326294,
    1.125974416732788
  ],
  "learning_rate": [
    0.0005000000237487257,
    0.0005000000237487257,
    0.0005000000237487257,
    0.0005000000237487257,
    0.0005000000237487257,
    0.0002500000118743628,
    0.0002500000118743628
  ]
}