{
  "accuracy": [
    0.14659513533115387,
    0.14733801782131195,
    0.20949237048625946,
    0.2508460581302643,
    0.40561288595199585,
    0.2938506007194519,
    0.49228230118751526,
    0.7673957943916321,
    0.7740817070007324,
    0.7553446292877197,
    0.15063969790935516,
    0.15113495290279388,
    0.15130004286766052
  ],
  "loss": [
    1.1692383289337158,
    1.165986180305481,
    1.1581381559371948,
    1.1552207469940186,
    1.158852219581604,
    1.1463379859924316,
    1.0878099203109741,
    0.9958478808403015,
    1.0214951038360596,
    1.1146398782730103,
    1.1670176982879639,
    1.1662657260894775,
    1.1655524969100952
  ],
  "val_accuracy": [
    0.14693742990493774,
    0.14693742990493774,
    0.7317153811454773,
    0.7327059507369995,
    0.14759781956672668,
    0.7386494874954224,
    0.768036961555481,
    0.7776126861572266,
    0.7757965922355652,
    0.14462605118751526,
    0.14561663568019867,
    0.14644213020801544,
    0.14660723507404327
  ],
  "val_loss": [
    1.120123267173767,
    1.1332006454467773,
    1.0870729684829712,
    1.0677379369735718,
    1.1537878513336182,
    1.0278459787368774,
    1.0273628234863281,
    0.9132910370826721,
    0.9942725300788879,
    1.092436671257019,
    1.1285773515701294,
    1.1228265762329102,
    1.1285324096679688
  ],
  "learning_rate": [
    0.0005000000237487257,
    0.0005000000237487257,
    0.0005000000237487257,
    0.0005000000237487257,
    0.0005000000237487257,
    0.0005000000237487257,
    0.0005000000237487257,
    0.0005000000237487257,
    0.0005000000237487257,
    0.0005000000237487257,
    0.0005000000237487257,
    0.0002500000118743628,
    0.0002500000118743628
  ]
}