{
  "accuracy": [
    0.14453157782554626,
    0.14700783789157867,
    0.3183656632900238,
    0.40231117606163025,
    0.14725546538829803,
    0.14725546538829803,
    0.14725546538829803
  ],
  "loss": [
    1.170310378074646,
    1.1668143272399902,
    1.172602891921997,
    1.1713237762451172,
    1.16072678565979,
    1.1588449478149414,
    1.1582311391830444
  ],
  "val_accuracy": [
    0.14693742990493774,
    0.14710251986980438,
    0.14710251986980438,
    0.14710251986980438,
    0.14710251986980438,
    0.14710251986980438,
    0.14710251986980438
  ],
  "val_loss": [
    1.1382882595062256,
    1.0956385135650635,
    1.1015243530273438,
    1.153141975402832,
    1.1024901866912842,
    1.1387690305709839,
    1.1264824867248535
  ],
  "learning_rate": [
    0.0005000000237487257,
    0.0005000000237487257,
    0.0005000000237487257,
    0.0005000000237487257,
    0.0005000000237487257,
    0.0002500000118743628,
    0.0002500000118743628
  ]
}