{
  "folds": [
    {
      "f1_macro": 0.11570753121479134,
      "recall_neg": 0.07295173961840629,
      "precision_pos": 0.0,
      "confusion_matrix": [
        [
          0.07295173961840629,
          0.9270482603815937,
          0.0
        ],
        [
          0.029023746701846966,
          0.9709762532981531,
          0.0
        ],
        [
          0.01066001360852801,
          0.989339986391472,
          0.0
        ]
      ],
      "fold": 1,
      "train_time_sec": 15.021743393997895,
      "epochs_ran": 7
    },
    {
      "f1_macro": 0.49771531108084427,
      "recall_neg": 0.7348314606741573,
      "precision_pos": 0.8421926910299004,
      "confusion_matrix": [
        [
          0.7348314606741573,
          0.0,
          0.2651685393258427
        ],
        [
          0.3087071240105541,
          0.0,
          0.6912928759894459
        ],
        [
          0.0800635064640508,
          0.0,
          0.9199364935359492
        ]
      ],
      "fold": 2,
      "train_time_sec": 23.764440925995586,
      "epochs_ran": 13
    },
    {
      "f1_macro": 0.08557203730582036,
      "recall_neg": 1.0,
      "precision_pos": 1.0,
      "confusion_matrix": [
        [
          1.0,
          0.0,
          0.0
        ],
        [
          1.0,
          0.0,
          0.0
        ],
        [
          0.9997731911998186,
          0.0,
          0.00022680880018144704
        ]
      ],
      "fold": 3,
      "train_time_sec": 13.043435009007226,
      "epochs_ran": 7
    }
  ],
  "mean_f1_macro": 0.23299829320048535,
  "mean_recall_neg": 0.6025944000975212,
  "mean_precision_pos": 0.6140642303433,
  "mean_epochs_ran": 9.0
}