{
  "accuracy": [
    0.14651258289813995,
    0.14700783789157867,
    0.14700783789157867,
    0.26628145575523376,
    0.14766818284988403,
    0.14808088541030884,
    0.14824597537517548,
    0.2591828405857086,
    0.15047462284564972,
    0.22170862555503845,
    0.3854725658893585,
    0.3523730933666229,
    0.1520429253578186,
    0.1520429253578186,
    0.1519603729248047,
    0.1519603729248047
  ],
  "loss": [
    1.1690363883972168,
    1.1671522855758667,
    1.1640273332595825,
    1.1579092741012573,
    1.1536701917648315,
    1.1518943309783936,
    1.149910807609558,
    1.1482590436935425,
    1.150272011756897,
    1.145952820777893,
    1.1811109781265259,
    1.163332223892212,
    1.1565744876861572,
    1.1551510095596313,
    1.153945803642273,
    1.153493046760559
  ],
  "val_accuracy": [
    0.14693742990493774,
    0.14693742990493774,
    0.14693742990493774,
    0.14726762473583221,
    0.14759781956672668,
    0.14759781956672668,
    0.1485884040594101,
    0.14924880862236023,
    0.1485884040594101,
    0.14941389858722687,
    0.7312200665473938,
    0.14875350892543793,
    0.14875350892543793,
    0.14875350892543793,
    0.14875350892543793,
    0.14891861379146576
  ],
  "val_loss": [
    1.134872555732727,
    1.1596713066101074,
    1.1563568115234375,
    1.1526999473571777,
    1.118264079093933,
    1.1495237350463867,
    1.0910096168518066,
    1.1404335498809814,
    1.0906777381896973,
    1.108256459236145,
    0.991621196269989,
    1.1208584308624268,
    1.121124267578125,
    1.126895785331726,
    1.1153678894042969,
    1.1245726346969604
  ],
  "learning_rate": [
    0.0005000000237487257,
    0.0005000000237487257,
    0.0005000000237487257,
    0.0005000000237487257,
    0.0002500000118743628,
    0.0002500000118743628,
    0.0002500000118743628,
    0.0002500000118743628,
    0.0002500000118743628,
    0.0002500000118743628,
    0.0002500000118743628,
    0.0002500000118743628,
    0.0002500000118743628,
    0.0002500000118743628,
    0.0001250000059371814,
    0.0001250000059371814
  ]
}