{
  "f1_macro": 0.08613343291476179,
  "recall_neg": 1.0,
  "precision_pos": 1.0,
  "confusion_matrix": [
    [
      1.0,
      0.0,
      0.0
    ],
    [
      1.0,
      0.0,
      0.0
    ],
    [
      0.9990927647992742,
      0.0,
      0.0009072352007257881
    ]
  ],
  "fold": 1,
  "train_time_sec": 109.68096302100457,
  "epochs_ran": 11
}