{
  "f1_macro": 0.3214691144526022,
  "recall_neg": 0.06292134831460675,
  "precision_pos": 0.7352793155510821,
  "confusion_matrix": [
    [
      0.06292134831460675,
      0.0,
      0.9370786516853933
    ],
    [
      0.0158311345646438,
      0.002638522427440633,
      0.9815303430079155
    ],
    [
      0.005897028804717623,
      0.0,
      0.9941029711952823
    ]
  ],
  "fold": 2,
  "train_time_sec": 20.755973470993922,
  "epochs_ran": 12
}