{
  "accuracy": [
    0.15905901789665222,
    0.1470903903245926,
    0.22038795053958893,
    0.14775072038173676,
    0.3678910434246063,
    0.27395790815353394,
    0.25654149055480957,
    0.20181593298912048,
    0.16087494790554047,
    0.2186545580625534,
    0.15212546288967133,
    0.14849360287189484
  ],
  "loss": [
    1.1702340841293335,
    1.1672816276550293,
    1.1658633947372437,
    1.1614711284637451,
    1.1579073667526245,
    1.1522315740585327,
    1.1489897966384888,
    1.1473393440246582,
    1.1518449783325195,
    1.147053599357605,
    1.1429569721221924,
    1.1406867504119873
  ],
  "val_accuracy": [
    0.14693742990493774,
    0.14693742990493774,
    0.14710251986980438,
    0.731054961681366,
    0.14743272960186005,
    0.14759781956672668,
    0.733201265335083,
    0.13224367797374725,
    0.148093119263649,
    0.14825820922851562,
    0.1485884040594101,
    0.14842331409454346
  ],
  "val_loss": [
    1.1112241744995117,
    1.135625958442688,
    1.1601996421813965,
    1.0754501819610596,
    1.2099272012710571,
    1.1770281791687012,
    1.0708394050598145,
    1.119873285293579,
    1.1158239841461182,
    1.1364758014678955,
    1.1245678663253784,
    1.151982069015503
  ],
  "learning_rate": [
    0.0005000000237487257,
    0.0005000000237487257,
    0.0005000000237487257,
    0.0005000000237487257,
    0.0005000000237487257,
    0.0005000000237487257,
    0.0005000000237487257,
    0.0005000000237487257,
    0.0005000000237487257,
    0.0005000000237487257,
    0.0002500000118743628,
    0.0002500000118743628
  ]
}