{
  "accuracy": [
    0.14660723507404327,
    0.14710251986980438,
    0.14751526713371277,
    0.20406141877174377,
    0.2212316393852234,
    0.14801056683063507,
    0.14850586652755737,
    0.14949645102024078,
    0.2369159609079361,
    0.15073469281196594,
    0.15139508247375488
  ],
  "loss": [
    1.1693792343139648,
    1.1671924591064453,
    1.1644386053085327,
    1.1605123281478882,
    1.1564929485321045,
    1.1525334119796753,
    1.1500197649002075,
    1.1487669944763184,
    1.1483174562454224,
    1.1449835300445557,
    1.1426914930343628
  ],
  "val_accuracy": [
    0.1470782458782196,
    0.1470782458782196,
    0.1470782458782196,
    0.1470782458782196,
    0.1477385312318802,
    0.1477385312318802,
    0.14856387674808502,
    0.14872895181179047,
    0.1492241621017456,
    0.14872895181179047,
    0.14872895181179047
  ],
  "val_loss": [
    1.1361056566238403,
    1.1355756521224976,
    1.1500438451766968,
    1.1955111026763916,
    1.1599799394607544,
    1.10385000705719,
    1.1203486919403076,
    1.1356890201568604,
    1.146911859512329,
    1.1115168333053589,
    1.1621127128601074
  ],
  "learning_rate": [
    0.0005000000237487257,
    0.0005000000237487257,
    0.0005000000237487257,
    0.0005000000237487257,
    0.0005000000237487257,
    0.0002500000118743628,
    0.0002500000118743628,
    0.0002500000118743628,
    0.0002500000118743628,
    0.0001250000059371814,
    0.0001250000059371814
  ]
}