{
  "f1_macro": 0.31472468170787254,
  "recall_neg": 0.043820224719101124,
  "precision_pos": 0.7335564853556485,
  "confusion_matrix": [
    [
      0.043820224719101124,
      0.0056179775280898875,
      0.950561797752809
    ],
    [
      0.006596306068601583,
      0.009234828496042216,
      0.9841688654353562
    ],
    [
      0.0038557496030845995,
      0.0020412792016330232,
      0.9941029711952823
    ]
  ],
  "fold": 3,
  "train_time_sec": 26.594919349998236,
  "epochs_ran": 16
}