{
  "folds": [
    {
      "f1_macro": 0.08613343291476179,
      "recall_neg": 1.0,
      "precision_pos": 1.0,
      "confusion_matrix": [
        [
          1.0,
          0.0,
          0.0
        ],
        [
          1.0,
          0.0,
          0.0
        ],
        [
          0.9990927647992742,
          0.0,
          0.0009072352007257881
        ]
      ],
      "fold": 1,
      "train_time_sec": 109.68096302100457,
      "epochs_ran": 11
    },
    {
      "f1_macro": 0.3214691144526022,
      "recall_neg": 0.06292134831460675,
      "precision_pos": 0.7352793155510821,
      "confusion_matrix": [
        [
          0.06292134831460675,
          0.0,
          0.9370786516853933
        ],
        [
          0.0158311345646438,
          0.002638522427440633,
          0.9815303430079155
        ],
        [
          0.005897028804717623,
          0.0,
          0.9941029711952823
        ]
      ],
      "fold": 2,
      "train_time_sec": 20.755973470993922,
      "epochs_ran": 12
    },
    {
      "f1_macro": 0.31472468170787254,
      "recall_neg": 0.043820224719101124,
      "precision_pos": 0.7335564853556485,
      "confusion_matrix": [
        [
          0.043820224719101124,
          0.0056179775280898875,
          0.950561797752809
        ],
        [
          0.006596306068601583,
          0.009234828496042216,
          0.9841688654353562
        ],
        [
          0.0038557496030845995,
          0.0020412792016330232,
          0.9941029711952823
        ]
      ],
      "fold": 3,
      "train_time_sec": 26.594919349998236,
      "epochs_ran": 16
    }
  ],
  "mean_f1_macro": 0.24077574302507884,
  "mean_recall_neg": 0.3689138576779026,
  "mean_precision_pos": 0.8229452669689102,
  "mean_epochs_ran": 13.0
}