{
  "f1_macro": 0.08589877766682961,
  "recall_neg": 1.0,
  "precision_pos": 1.0,
  "confusion_matrix": [
    [
      1.0,
      0.0,
      0.0
    ],
    [
      1.0,
      0.0,
      0.0
    ],
    [
      0.9993195735994557,
      0.0,
      0.0006804264005443411
    ]
  ],
  "fold": 2,
  "train_time_sec": 15.904127542002243,
  "epochs_ran": 9
}