{
  "accuracy": [
    0.15476681292057037,
    0.1475030928850174,
    0.14775072038173676,
    0.14775072038173676,
    0.24812215566635132,
    0.20016507804393768,
    0.250515878200531,
    0.15179529786109924,
    0.27816757559776306
  ],
  "loss": [
    1.1710439920425415,
    1.1677547693252563,
    1.165999412536621,
    1.1613566875457764,
    1.15524423122406,
    1.1524180173873901,
    1.1519590616226196,
    1.145796298980713,
    1.1473281383514404
  ],
  "val_accuracy": [
    0.14693742990493774,
    0.14743272960186005,
    0.14726762473583221,
    0.14743272960186005,
    0.14743272960186005,
    0.14759781956672668,
    0.14842331409454346,
    0.14875350892543793,
    0.14875350892543793
  ],
  "val_loss": [
    1.136942744255066,
    1.1199958324432373,
    1.1462078094482422,
    1.1079001426696777,
    1.1544543504714966,
    1.2505147457122803,
    1.1474790573120117,
    1.1312977075576782,
    1.1123366355895996
  ],
  "learning_rate": [
    0.0005000000237487257,
    0.0005000000237487257,
    0.0005000000237487257,
    0.0005000000237487257,
    0.0005000000237487257,
    0.0005000000237487257,
    0.0005000000237487257,
    0.0002500000118743628,
    0.0002500000118743628
  ]
}