{
  "accuracy": [
    0.1581641137599945,
    0.14693742990493774,
    0.2213141769170761,
    0.2217269241809845,
    0.23097242414951324,
    0.21949809789657593,
    0.14941389858722687,
    0.1505695879459381,
    0.15156017243862152
  ],
  "loss": [
    1.1691489219665527,
    1.1680983304977417,
    1.165832281112671,
    1.161774754524231,
    1.158469319343567,
    1.1540457010269165,
    1.1489664316177368,
    1.1457728147506714,
    1.146057367324829
  ],
  "val_accuracy": [
    0.1470782458782196,
    0.1470782458782196,
    0.1470782458782196,
    0.1470782458782196,
    0.1474083811044693,
    0.14806866645812988,
    0.1492241621017456,
    0.1488940268754959,
    0.14856387674808502
  ],
  "val_loss": [
    1.1168415546417236,
    1.1329251527786255,
    1.172062873840332,
    1.105303168296814,
    1.1541520357131958,
    1.1228911876678467,
    1.1511751413345337,
    1.1290191411972046,
    1.1357316970825195
  ],
  "learning_rate": [
    0.0005000000237487257,
    0.0005000000237487257,
    0.0005000000237487257,
    0.0005000000237487257,
    0.0005000000237487257,
    0.0005000000237487257,
    0.0005000000237487257,
    0.0002500000118743628,
    0.0002500000118743628
  ]
}