{
  "accuracy": [
    0.14659513533115387,
    0.14700783789157867,
    0.22377218306064606,
    0.3399917483329773,
    0.14733801782131195,
    0.20726372301578522,
    0.14923648536205292,
    0.26479572057724
  ],
  "loss": [
    1.1692967414855957,
    1.167219638824463,
    1.1673734188079834,
    1.1634626388549805,
    1.1579160690307617,
    1.1555315256118774,
    1.149320363998413,
    1.1486542224884033
  ],
  "val_accuracy": [
    0.14693742990493774,
    0.14693742990493774,
    0.7300643920898438,
    0.14743272960186005,
    0.14726762473583221,
    0.148093119263649,
    0.148093119263649,
    0.148093119263649
  ],
  "val_loss": [
    1.1137384176254272,
    1.1521499156951904,
    1.0680301189422607,
    1.1028279066085815,
    1.1132255792617798,
    1.123089075088501,
    1.1291083097457886,
    1.1320534944534302
  ],
  "learning_rate": [
    0.0005000000237487257,
    0.0005000000237487257,
    0.0005000000237487257,
    0.0005000000237487257,
    0.0005000000237487257,
    0.0005000000237487257,
    0.0002500000118743628,
    0.0002500000118743628
  ]
}