{
  "f1_macro": 0.3141247056595102,
  "recall_neg": 0.051685393258426963,
  "precision_pos": 0.7335233942646319,
  "confusion_matrix": [
    [
      0.051685393258426963,
      0.0,
      0.9483146067415731
    ],
    [
      0.014511873350923483,
      0.002638522427440633,
      0.9828496042216359
    ],
    [
      0.007938308006350647,
      0.0,
      0.9920616919936494
    ]
  ],
  "fold": 3,
  "train_time_sec": 14.373413950001122,
  "epochs_ran": 8
}