{
  "folds": [
    {
      "f1_macro": 0.08547992516908907,
      "recall_neg": 1.0,
      "precision_pos": 0.0,
      "confusion_matrix": [
        [
          1.0,
          0.0,
          0.0
        ],
        [
          1.0,
          0.0,
          0.0
        ],
        [
          1.0,
          0.0,
          0.0
        ]
      ],
      "fold": 1,
      "train_time_sec": 16.86472006799886,
      "epochs_ran": 9
    },
    {
      "f1_macro": 0.08589877766682961,
      "recall_neg": 1.0,
      "precision_pos": 1.0,
      "confusion_matrix": [
        [
          1.0,
          0.0,
          0.0
        ],
        [
          1.0,
          0.0,
          0.0
        ],
        [
          0.9993195735994557,
          0.0,
          0.0006804264005443411
        ]
      ],
      "fold": 2,
      "train_time_sec": 15.904127542002243,
      "epochs_ran": 9
    },
    {
      "f1_macro": 0.3141247056595102,
      "recall_neg": 0.051685393258426963,
      "precision_pos": 0.7335233942646319,
      "confusion_matrix": [
        [
          0.051685393258426963,
          0.0,
          0.9483146067415731
        ],
        [
          0.014511873350923483,
          0.002638522427440633,
          0.9828496042216359
        ],
        [
          0.007938308006350647,
          0.0,
          0.9920616919936494
        ]
      ],
      "fold": 3,
      "train_time_sec": 14.373413950001122,
      "epochs_ran": 8
    }
  ],
  "mean_f1_macro": 0.16183446949847627,
  "mean_recall_neg": 0.6838951310861424,
  "mean_precision_pos": 0.577841131421544,
  "mean_epochs_ran": 8.666666666666666
}