{
  "accuracy": [
    0.39912497997283936,
    0.8024599552154541,
    0.8208684325218201,
    0.8595839738845825,
    0.8845963478088379,
    0.8993726372718811,
    0.9218260049819946,
    0.9321446418762207,
    0.9367673993110657,
    0.9459303021430969,
    0.9497275948524475
  ],
  "loss": [
    1.1136102676391602,
    0.7741478085517883,
    0.5542012453079224,
    0.43002721667289734,
    0.35585442185401917,
    0.2920525074005127,
    0.24219828844070435,
    0.20165175199508667,
    0.19175401329994202,
    0.17201192677021027,
    0.13986702263355255
  ],
  "val_accuracy": [
    0.7913503050804138,
    0.758171021938324,
    0.8382304310798645,
    0.8392208814620972,
    0.8136348724365234,
    0.8674480319023132,
    0.8532518744468689,
    0.8719049096107483,
    0.8471442461013794,
    0.8615054488182068,
    0.8542423248291016
  ],
  "val_loss": [
    0.7337823510169983,
    0.5799048542976379,
    0.40169385075569153,
    0.416262149810791,
    0.45340150594711304,
    0.3529081642627716,
    0.40472716093063354,
    0.3693905174732208,
    0.4722675383090973,
    0.4102186858654022,
    0.4246448278427124
  ],
  "learning_rate": [
    0.0005000000237487257,
    0.0005000000237487257,
    0.0005000000237487257,
    0.0005000000237487257,
    0.0005000000237487257,
    0.0005000000237487257,
    0.0005000000237487257,
    0.0005000000237487257,
    0.0005000000237487257,
    0.0002500000118743628,
    0.0002500000118743628
  ]
}