{
  "f1_macro": 0.7803586704105653,
  "recall_neg": 0.7710437710437711,
  "precision_pos": 0.9553297092885843,
  "confusion_matrix": [
    [
      0.7710437710437711,
      0.2053872053872054,
      0.02356902356902357
    ],
    [
      0.08443271767810026,
      0.6939313984168866,
      0.22163588390501318
    ],
    [
      0.00612383760489907,
      0.07711499206169199,
      0.916761170333409
    ]
  ],
  "fold": 1,
  "train_time_sec": 30.94504454699927,
  "epochs_ran": 11
}