{
  "accuracy": [
    0.37003713846206665,
    0.7636814117431641,
    0.8194800019264221,
    0.841518759727478,
    0.8639702796936035,
    0.8871646523475647,
    0.9033429622650146,
    0.9202641248703003,
    0.9359471797943115,
    0.9411473274230957
  ],
  "loss": [
    1.1320005655288696,
    0.8805420994758606,
    0.6497376561164856,
    0.5018388032913208,
    0.417456716299057,
    0.34546056389808655,
    0.2845808267593384,
    0.2352246791124344,
    0.19598691165447235,
    0.17339026927947998
  ],
  "val_accuracy": [
    0.7733201384544373,
    0.8060095906257629,
    0.8287931084632874,
    0.765560507774353,
    0.867095947265625,
    0.8304440975189209,
    0.8497605919837952,
    0.8514115810394287,
    0.8657751083374023,
    0.8477794528007507
  ],
  "val_loss": [
    0.7992075085639954,
    0.6254329681396484,
    0.44816142320632935,
    0.5250036120414734,
    0.357205331325531,
    0.40861767530441284,
    0.4060738682746887,
    0.39883288741111755,
    0.3908606767654419,
    0.44321200251579285
  ],
  "learning_rate": [
    0.0005000000237487257,
    0.0005000000237487257,
    0.0005000000237487257,
    0.0005000000237487257,
    0.0005000000237487257,
    0.0005000000237487257,
    0.0005000000237487257,
    0.0005000000237487257,
    0.0002500000118743628,
    0.0002500000118743628
  ]
}