{
  "f1_macro": 0.7688381529754159,
  "recall_neg": 0.8617977528089887,
  "precision_pos": 0.9529633113828786,
  "confusion_matrix": [
    [
      0.8617977528089887,
      0.11797752808988764,
      0.020224719101123594
    ],
    [
      0.18865435356200527,
      0.5712401055408971,
      0.24010554089709762
    ],
    [
      0.008618734406894988,
      0.0723520072578816,
      0.9190292583352234
    ]
  ],
  "fold": 3,
  "train_time_sec": 26.27541609000764,
  "epochs_ran": 10
}