{
  "accuracy": [
    0.39496493339538574,
    0.8102352619171143,
    0.8424267172813416,
    0.8723070621490479,
    0.8894758820533752,
    0.9031778573989868,
    0.9130829572677612,
    0.9283533096313477,
    0.9347915649414062
  ],
  "loss": [
    1.084742784500122,
    0.7419376969337463,
    0.5507382750511169,
    0.45563632249832153,
    0.37286823987960815,
    0.3111371099948883,
    0.2685807943344116,
    0.22696448862552643,
    0.20694513618946075
  ],
  "val_accuracy": [
    0.7812448143959045,
    0.78850919008255,
    0.8504210114479065,
    0.8606570959091187,
    0.8353970646858215,
    0.8122833371162415,
    0.8449727296829224,
    0.8585107922554016,
    0.8669308423995972
  ],
  "val_loss": [
    0.7676708102226257,
    0.554087221622467,
    0.3883570730686188,
    0.36340099573135376,
    0.4134845435619354,
    0.4865036904811859,
    0.420238196849823,
    0.40208256244659424,
    0.37756437063217163
  ],
  "learning_rate": [
    0.0005000000237487257,
    0.0005000000237487257,
    0.0005000000237487257,
    0.0005000000237487257,
    0.0005000000237487257,
    0.0005000000237487257,
    0.0005000000237487257,
    0.0002500000118743628,
    0.0002500000118743628
  ]
}