{
  "f1_macro": 0.7705846036398176,
  "recall_neg": 0.7674157303370787,
  "precision_pos": 0.9579851993315828,
  "confusion_matrix": [
    [
      0.7674157303370787,
      0.20898876404494382,
      0.02359550561797753
    ],
    [
      0.11345646437994723,
      0.6820580474934037,
      0.20448548812664907
    ],
    [
      0.0022680880018144706,
      0.08754819687003856,
      0.910183715128147
    ]
  ],
  "fold": 2,
  "train_time_sec": 23.81840474999626,
  "epochs_ran": 9
}