{
  "folds": [
    {
      "f1_macro": 0.7803586704105653,
      "recall_neg": 0.7710437710437711,
      "precision_pos": 0.9553297092885843,
      "confusion_matrix": [
        [
          0.7710437710437711,
          0.2053872053872054,
          0.02356902356902357
        ],
        [
          0.08443271767810026,
          0.6939313984168866,
          0.22163588390501318
        ],
        [
          0.00612383760489907,
          0.07711499206169199,
          0.916761170333409
        ]
      ],
      "fold": 1,
      "train_time_sec": 30.94504454699927,
      "epochs_ran": 11
    },
    {
      "f1_macro": 0.7705846036398176,
      "recall_neg": 0.7674157303370787,
      "precision_pos": 0.9579851993315828,
      "confusion_matrix": [
        [
          0.7674157303370787,
          0.20898876404494382,
          0.02359550561797753
        ],
        [
          0.11345646437994723,
          0.6820580474934037,
          0.20448548812664907
        ],
        [
          0.0022680880018144706,
          0.08754819687003856,
          0.910183715128147
        ]
      ],
      "fold": 2,
      "train_time_sec": 23.81840474999626,
      "epochs_ran": 9
    },
    {
      "f1_macro": 0.7688381529754159,
      "recall_neg": 0.8617977528089887,
      "precision_pos": 0.9529633113828786,
      "confusion_matrix": [
        [
          0.8617977528089887,
          0.11797752808988764,
          0.020224719101123594
        ],
        [
          0.18865435356200527,
          0.5712401055408971,
          0.24010554089709762
        ],
        [
          0.008618734406894988,
          0.0723520072578816,
          0.9190292583352234
        ]
      ],
      "fold": 3,
      "train_time_sec": 26.27541609000764,
      "epochs_ran": 10
    }
  ],
  "mean_f1_macro": 0.7732604756752663,
  "mean_recall_neg": 0.8000857513966128,
  "mean_precision_pos": 0.9554260733343485,
  "mean_epochs_ran": 10.0
}