{
  "accuracy": [
    0.2459138184785843,
    0.7014198303222656,
    0.8189697861671448,
    0.8695724010467529,
    0.901849091053009,
    0.9234769940376282,
    0.9470034837722778,
    0.9632656574249268,
    0.9682185649871826,
    0.9675582051277161,
    0.9763909578323364,
    0.9840680360794067
  ],
  "loss": [
    1.1510587930679321,
    0.8784964084625244,
    0.590084969997406,
    0.4387839734554291,
    0.31407392024993896,
    0.21982033550739288,
    0.15761283040046692,
    0.1142081767320633,
    0.1014712005853653,
    0.10894837975502014,
    0.07288609445095062,
    0.053273770958185196
  ],
  "val_accuracy": [
    0.473423570394516,
    0.7522284388542175,
    0.7896995544433594,
    0.832122802734375,
    0.8322879076004028,
    0.8223836421966553,
    0.8585341572761536,
    0.8304721117019653,
    0.8529217839241028,
    0.8481346964836121,
    0.8572136163711548,
    0.8681082725524902
  ],
  "val_loss": [
    1.0622212886810303,
    0.6519252061843872,
    0.548676609992981,
    0.458607941865921,
    0.45351681113243103,
    0.49154818058013916,
    0.44025135040283203,
    0.531799852848053,
    0.5138335824012756,
    0.5280665159225464,
    0.5162990093231201,
    0.5159436464309692
  ],
  "learning_rate": [
    0.0005000000237487257,
    0.0005000000237487257,
    0.0005000000237487257,
    0.0005000000237487257,
    0.0005000000237487257,
    0.0005000000237487257,
    0.0005000000237487257,
    0.0005000000237487257,
    0.0005000000237487257,
    0.0005000000237487257,
    0.0002500000118743628,
    0.0002500000118743628
  ]
}