{
  "f1_macro": 0.7650440862441396,
  "recall_neg": 0.801123595505618,
  "precision_pos": 0.9483600837404047,
  "confusion_matrix": [
    [
      0.801123595505618,
      0.1651685393258427,
      0.033707865168539325
    ],
    [
      0.15303430079155672,
      0.5936675461741425,
      0.2532981530343008
    ],
    [
      0.0063506464050805175,
      0.0689498752551599,
      0.9246994783397596
    ]
  ],
  "fold": 2,
  "train_time_sec": 29.689005249994807,
  "epochs_ran": 12
}