{
  "f1_macro": 0.7730386210019008,
  "recall_neg": 0.8606741573033708,
  "precision_pos": 0.9670138888888888,
  "confusion_matrix": [
    [
      0.8606741573033708,
      0.12247191011235956,
      0.016853932584269662
    ],
    [
      0.16754617414248021,
      0.6767810026385225,
      0.15567282321899736
    ],
    [
      0.008618734406894988,
      0.107053753685643,
      0.8843275119074621
    ]
  ],
  "fold": 3,
  "train_time_sec": 25.580758063995745,
  "epochs_ran": 10
}