{
  "f1_macro": 0.762123932875297,
  "recall_neg": 0.7609427609427609,
  "precision_pos": 0.9472573839662447,
  "confusion_matrix": [
    [
      0.7609427609427609,
      0.20202020202020202,
      0.037037037037037035
    ],
    [
      0.11081794195250659,
      0.6358839050131926,
      0.2532981530343008
    ],
    [
      0.005897028804717623,
      0.0775686096620549,
      0.9165343615332275
    ]
  ],
  "fold": 1,
  "train_time_sec": 31.68503993700142,
  "epochs_ran": 12
}