{
  "accuracy": [
    0.25068098306655884,
    0.6545604467391968,
    0.8336772322654724,
    0.8780850172042847,
    0.9127528071403503,
    0.9322327971458435,
    0.9541064500808716,
    0.9667354226112366,
    0.9768881797790527,
    0.9810978174209595
  ],
  "loss": [
    1.1532938480377197,
    0.9020431637763977,
    0.5698859095573425,
    0.4065972566604614,
    0.27109187841415405,
    0.20140181481838226,
    0.13815893232822418,
    0.10464804619550705,
    0.07392295449972153,
    0.05988435447216034
  ],
  "val_accuracy": [
    0.36915963888168335,
    0.7800891399383545,
    0.7700181603431702,
    0.8127785921096802,
    0.8548786640167236,
    0.8553739190101624,
    0.8585107922554016,
    0.8357272744178772,
    0.8712233901023865,
    0.8669308423995972
  ],
  "val_loss": [
    1.0895442962646484,
    0.6192150115966797,
    0.5938018560409546,
    0.468936949968338,
    0.3927004039287567,
    0.3931630551815033,
    0.42633238434791565,
    0.4924706220626831,
    0.43706199526786804,
    0.4600536525249481
  ],
  "learning_rate": [
    0.0005000000237487257,
    0.0005000000237487257,
    0.0005000000237487257,
    0.0005000000237487257,
    0.0005000000237487257,
    0.0005000000237487257,
    0.0005000000237487257,
    0.0005000000237487257,
    0.0002500000118743628,
    0.0002500000118743628
  ]
}