{
  "accuracy": [
    0.24622368812561035,
    0.7432934641838074,
    0.8396202921867371,
    0.8722245097160339,
    0.9063970446586609,
    0.9279405474662781,
    0.9469252824783325,
    0.9571605324745178,
    0.9641766548156738,
    0.9757325649261475,
    0.9852249026298523,
    0.9868757724761963
  ],
  "loss": [
    1.1486549377441406,
    0.8293002843856812,
    0.5970056056976318,
    0.44991546869277954,
    0.3274397552013397,
    0.24108295142650604,
    0.17681105434894562,
    0.14000912010669708,
    0.1153946965932846,
    0.0821913480758667,
    0.058800432831048965,
    0.05086866021156311
  ],
  "val_accuracy": [
    0.528809666633606,
    0.8312696218490601,
    0.8420009613037109,
    0.8347366452217102,
    0.8183919191360474,
    0.8287931084632874,
    0.8651147484779358,
    0.7914809584617615,
    0.8595014214515686,
    0.8679214119911194,
    0.8712233901023865,
    0.8680865168571472
  ],
  "val_loss": [
    1.0330301523208618,
    0.5288081765174866,
    0.4576154947280884,
    0.4507588744163513,
    0.5023802518844604,
    0.4713159501552582,
    0.44709062576293945,
    0.6334388256072998,
    0.4840294122695923,
    0.48469382524490356,
    0.5034363269805908,
    0.5213737487792969
  ],
  "learning_rate": [
    0.0005000000237487257,
    0.0005000000237487257,
    0.0005000000237487257,
    0.0005000000237487257,
    0.0005000000237487257,
    0.0005000000237487257,
    0.0005000000237487257,
    0.0005000000237487257,
    0.0005000000237487257,
    0.0005000000237487257,
    0.0002500000118743628,
    0.0002500000118743628
  ]
}