{
  "folds": [
    {
      "f1_macro": 0.762123932875297,
      "recall_neg": 0.7609427609427609,
      "precision_pos": 0.9472573839662447,
      "confusion_matrix": [
        [
          0.7609427609427609,
          0.20202020202020202,
          0.037037037037037035
        ],
        [
          0.11081794195250659,
          0.6358839050131926,
          0.2532981530343008
        ],
        [
          0.005897028804717623,
          0.0775686096620549,
          0.9165343615332275
        ]
      ],
      "fold": 1,
      "train_time_sec": 31.68503993700142,
      "epochs_ran": 12
    },
    {
      "f1_macro": 0.7650440862441396,
      "recall_neg": 0.801123595505618,
      "precision_pos": 0.9483600837404047,
      "confusion_matrix": [
        [
          0.801123595505618,
          0.1651685393258427,
          0.033707865168539325
        ],
        [
          0.15303430079155672,
          0.5936675461741425,
          0.2532981530343008
        ],
        [
          0.0063506464050805175,
          0.0689498752551599,
          0.9246994783397596
        ]
      ],
      "fold": 2,
      "train_time_sec": 29.689005249994807,
      "epochs_ran": 12
    },
    {
      "f1_macro": 0.7730386210019008,
      "recall_neg": 0.8606741573033708,
      "precision_pos": 0.9670138888888888,
      "confusion_matrix": [
        [
          0.8606741573033708,
          0.12247191011235956,
          0.016853932584269662
        ],
        [
          0.16754617414248021,
          0.6767810026385225,
          0.15567282321899736
        ],
        [
          0.008618734406894988,
          0.107053753685643,
          0.8843275119074621
        ]
      ],
      "fold": 3,
      "train_time_sec": 25.580758063995745,
      "epochs_ran": 10
    }
  ],
  "mean_f1_macro": 0.7667355467071125,
  "mean_recall_neg": 0.8075801712505832,
  "mean_precision_pos": 0.9542104521985127,
  "mean_epochs_ran": 11.333333333333334
}