{
  "accuracy": [
    0.3494304120540619,
    0.7592042088508606,
    0.8306917548179626,
    0.8526498079299927,
    0.881129264831543,
    0.906471848487854,
    0.9228165745735168,
    0.9399867653846741,
    0.9454350471496582,
    0.9568268060684204,
    0.9683836698532104,
    0.9729238748550415
  ],
  "loss": [
    1.1011244058609009,
    0.8497380614280701,
    0.6145913004875183,
    0.46637287735939026,
    0.3518129289150238,
    0.2864578068256378,
    0.2369881570339203,
    0.18922770023345947,
    0.16553927958011627,
    0.13049449026584625,
    0.10512569546699524,
    0.09151013195514679
  ],
  "val_accuracy": [
    0.1746450960636139,
    0.8171013593673706,
    0.8220534920692444,
    0.8213931918144226,
    0.8496203422546387,
    0.8539121747016907,
    0.8738857507705688,
    0.868768572807312,
    0.8504456877708435,
    0.8808187246322632,
    0.8824694752693176,
    0.8781776428222656
  ],
  "val_loss": [
    1.8279286623001099,
    0.6144922375679016,
    0.4585522413253784,
    0.4555623233318329,
    0.38693076372146606,
    0.39751896262168884,
    0.35613003373146057,
    0.3834141492843628,
    0.4219442307949066,
    0.3790874481201172,
    0.39734596014022827,
    0.4088502824306488
  ],
  "learning_rate": [
    0.0005000000237487257,
    0.0005000000237487257,
    0.0005000000237487257,
    0.0005000000237487257,
    0.0005000000237487257,
    0.0005000000237487257,
    0.0005000000237487257,
    0.0005000000237487257,
    0.0005000000237487257,
    0.0005000000237487257,
    0.0002500000118743628,
    0.0002500000118743628
  ]
}