{
  "accuracy": [
    0.4176640510559082,
    0.7540239095687866,
    0.8371440172195435,
    0.8619067072868347,
    0.8823772072792053,
    0.900866687297821,
    0.924556314945221,
    0.9333057999610901,
    0.9480808973312378,
    0.9560049772262573,
    0.9607098698616028
  ],
  "loss": [
    1.1204513311386108,
    0.848647952079773,
    0.6463140249252319,
    0.4910610616207123,
    0.39428403973579407,
    0.3095637559890747,
    0.24556109309196472,
    0.20734676718711853,
    0.16606982052326202,
    0.13169752061367035,
    0.11806348711252213
  ],
  "val_accuracy": [
    0.7734852433204651,
    0.8132739067077637,
    0.8512464761734009,
    0.8223543167114258,
    0.7970942854881287,
    0.8558692336082458,
    0.8583456873893738,
    0.8657751083374023,
    0.854548454284668,
    0.878652811050415,
    0.8715535998344421
  ],
  "val_loss": [
    0.800129234790802,
    0.5866425037384033,
    0.4168495535850525,
    0.4552883207798004,
    0.4968379735946655,
    0.3657557964324951,
    0.3832460939884186,
    0.37144598364830017,
    0.4086228013038635,
    0.37534159421920776,
    0.4017508327960968
  ],
  "learning_rate": [
    0.0005000000237487257,
    0.0005000000237487257,
    0.0005000000237487257,
    0.0005000000237487257,
    0.0005000000237487257,
    0.0005000000237487257,
    0.0005000000237487257,
    0.0005000000237487257,
    0.0005000000237487257,
    0.0002500000118743628,
    0.0002500000118743628
  ]
}