{
  "f1_macro": 0.7891698707337312,
  "recall_neg": 0.8439955106621774,
  "precision_pos": 0.9587188612099644,
  "confusion_matrix": [
    [
      0.8439955106621774,
      0.1324354657687991,
      0.02356902356902357
    ],
    [
      0.13720316622691292,
      0.6609498680738787,
      0.20184696569920843
    ],
    [
      0.007257881605806305,
      0.0762077568609662,
      0.9165343615332275
    ]
  ],
  "fold": 1,
  "train_time_sec": 32.58190790200024,
  "epochs_ran": 12
}