{
  "accuracy": [
    0.40239372849464417,
    0.7923235893249512,
    0.835905909538269,
    0.8653734922409058,
    0.8926950097084045,
    0.9125877022743225,
    0.929839015007019,
    0.9429632425308228,
    0.944118857383728,
    0.9526207447052002,
    0.9652497172355652,
    0.9708625674247742
  ],
  "loss": [
    1.0772643089294434,
    0.7791374325752258,
    0.5702085494995117,
    0.41888198256492615,
    0.34091994166374207,
    0.25524502992630005,
    0.20458589494228363,
    0.1716269850730896,
    0.16622403264045715,
    0.14541929960250854,
    0.10463207960128784,
    0.08392347395420074
  ],
  "val_accuracy": [
    0.7561498880386353,
    0.7994056344032288,
    0.8086511492729187,
    0.7934620976448059,
    0.8312696218490601,
    0.8420009613037109,
    0.8725441694259644,
    0.8593363165855408,
    0.8768367171287537,
    0.8342413902282715,
    0.8547135591506958,
    0.8697375059127808
  ],
  "val_loss": [
    0.8295688033103943,
    0.6024847030639648,
    0.47030556201934814,
    0.49490347504615784,
    0.4361993670463562,
    0.4162336587905884,
    0.3771139979362488,
    0.4243640899658203,
    0.37937501072883606,
    0.5191620588302612,
    0.45699796080589294,
    0.4324505031108856
  ],
  "learning_rate": [
    0.0005000000237487257,
    0.0005000000237487257,
    0.0005000000237487257,
    0.0005000000237487257,
    0.0005000000237487257,
    0.0005000000237487257,
    0.0005000000237487257,
    0.0005000000237487257,
    0.0005000000237487257,
    0.0005000000237487257,
    0.0002500000118743628,
    0.0002500000118743628
  ]
}