{
  "f1_macro": 0.7743331206784875,
  "recall_neg": 0.7561797752808989,
  "precision_pos": 0.9627011214041931,
  "confusion_matrix": [
    [
      0.7561797752808989,
      0.22247191011235956,
      0.021348314606741574
    ],
    [
      0.08179419525065963,
      0.741424802110818,
      0.17678100263852242
    ],
    [
      0.0015876616012701294,
      0.10274438648219551,
      0.8956679519165344
    ]
  ],
  "fold": 2,
  "train_time_sec": 28.358969948007143,
  "epochs_ran": 11
}