{
  "f1_macro": 0.78163140750901,
  "recall_neg": 0.8191011235955056,
  "precision_pos": 0.9587264150943396,
  "confusion_matrix": [
    [
      0.8191011235955056,
      0.16067415730337078,
      0.020224719101123594
    ],
    [
      0.14511873350923482,
      0.6477572559366754,
      0.20712401055408972
    ],
    [
      0.00612383760489907,
      0.07189838965751871,
      0.9219777727375822
    ]
  ],
  "fold": 3,
  "train_time_sec": 31.951690785004757,
  "epochs_ran": 12
}