{
  "folds": [
    {
      "f1_macro": 0.7891698707337312,
      "recall_neg": 0.8439955106621774,
      "precision_pos": 0.9587188612099644,
      "confusion_matrix": [
        [
          0.8439955106621774,
          0.1324354657687991,
          0.02356902356902357
        ],
        [
          0.13720316622691292,
          0.6609498680738787,
          0.20184696569920843
        ],
        [
          0.007257881605806305,
          0.0762077568609662,
          0.9165343615332275
        ]
      ],
      "fold": 1,
      "train_time_sec": 32.58190790200024,
      "epochs_ran": 12
    },
    {
      "f1_macro": 0.7743331206784875,
      "recall_neg": 0.7561797752808989,
      "precision_pos": 0.9627011214041931,
      "confusion_matrix": [
        [
          0.7561797752808989,
          0.22247191011235956,
          0.021348314606741574
        ],
        [
          0.08179419525065963,
          0.741424802110818,
          0.17678100263852242
        ],
        [
          0.0015876616012701294,
          0.10274438648219551,
          0.8956679519165344
        ]
      ],
      "fold": 2,
      "train_time_sec": 28.358969948007143,
      "epochs_ran": 11
    },
    {
      "f1_macro": 0.78163140750901,
      "recall_neg": 0.8191011235955056,
      "precision_pos": 0.9587264150943396,
      "confusion_matrix": [
        [
          0.8191011235955056,
          0.16067415730337078,
          0.020224719101123594
        ],
        [
          0.14511873350923482,
          0.6477572559366754,
          0.20712401055408972
        ],
        [
          0.00612383760489907,
          0.07189838965751871,
          0.9219777727375822
        ]
      ],
      "fold": 3,
      "train_time_sec": 31.951690785004757,
      "epochs_ran": 12
    }
  ],
  "mean_f1_macro": 0.7817114663070762,
  "mean_recall_neg": 0.8064254698461939,
  "mean_precision_pos": 0.9600487992361657,
  "mean_epochs_ran": 11.666666666666666
}