{
  "f1_macro": 0.20115440100527893,
  "recall_neg": 0.11348314606741573,
  "precision_pos": 0.7116682738669238,
  "fold": 2,
  "train_time_sec": 22.984951046997594
}