{
  "f1_macro": 0.2727244735954422,
  "recall_neg": 0.20224719101123595,
  "precision_pos": 0.7366369710467706,
  "fold": 3,
  "train_time_sec": 21.07428815000094
}