{
  "accuracy": [
    0.37531983852386475,
    0.35080477595329285,
    0.3382583558559418,
    0.33132481575012207,
    0.31605446338653564
  ],
  "loss": [
    1.1146376132965088,
    1.118147850036621,
    1.1858034133911133,
    1.1871237754821777,
    1.1683290004730225
  ],
  "val_accuracy": [
    0.36635297536849976,
    0.37262672185897827,
    0.3661878705024719,
    0.38666006922721863,
    0.31797918677330017
  ],
  "val_loss": [
    1.0870122909545898,
    1.1010798215866089,
    1.0850768089294434,
    1.1030840873718262,
    1.0895521640777588
  ]
}