{
  "accuracy": [
    0.34634751081466675,
    0.33602970838546753,
    0.3408171832561493,
    0.3408171832561493,
    0.33974412083625793
  ],
  "loss": [
    1.1413002014160156,
    1.1697591543197632,
    1.1487175226211548,
    1.1639219522476196,
    1.1454079151153564
  ],
  "val_accuracy": [
    0.12613505125045776,
    0.13571074604988098,
    0.4381707012653351,
    0.3770843744277954,
    0.22337791323661804
  ],
  "val_loss": [
    1.1431623697280884,
    1.1281123161315918,
    1.089808702468872,
    1.1056575775146484,
    1.1891765594482422
  ]
}