{
  "accuracy": [
    0.34216609597206116,
    0.3336635231971741,
    0.3455505967140198,
    0.34728413820266724,
    0.3490176796913147
  ],
  "loss": [
    1.1197868585586548,
    1.1668541431427002,
    1.1442985534667969,
    1.1126537322998047,
    1.1144753694534302
  ],
  "val_accuracy": [
    0.2872235178947449,
    0.1269395798444748,
    0.4220865070819855,
    0.1305711418390274,
    0.34664905071258545
  ],
  "val_loss": [
    1.1100596189498901,
    1.11278235912323,
    1.1131820678710938,
    1.1202003955841064,
    1.1078736782073975
  ]
}