{
  "f1_macro": 0.2902308969891301,
  "recall_neg": 0.24803591470258138,
  "precision_pos": 0.720540288775035,
  "fold": 1,
  "train_time_sec": 24.81970639299834
}