{
  "folds": [
    {
      "f1_macro": 0.2902308969891301,
      "recall_neg": 0.24803591470258138,
      "precision_pos": 0.720540288775035,
      "fold": 1,
      "train_time_sec": 24.81970639299834
    },
    {
      "f1_macro": 0.20115440100527893,
      "recall_neg": 0.11348314606741573,
      "precision_pos": 0.7116682738669238,
      "fold": 2,
      "train_time_sec": 22.984951046997594
    },
    {
      "f1_macro": 0.2727244735954422,
      "recall_neg": 0.20224719101123595,
      "precision_pos": 0.7366369710467706,
      "fold": 3,
      "train_time_sec": 21.07428815000094
    }
  ],
  "mean_f1_macro": 0.25470325719661707,
  "mean_recall_neg": 0.18792208392707768,
  "mean_precision_pos": 0.7229485112295765
}