{
  "accuracy": [
    0.3531985282897949,
    0.6443251967430115,
    0.8432521820068359,
    0.9084605574607849,
    0.9539414048194885,
    0.9713578224182129,
    0.9858027100563049,
    0.9917457699775696,
    0.9933966398239136,
    0.9957078099250793,
    0.998101532459259
  ],
  "loss": [
    1.1569366455078125,
    0.9027122259140015,
    0.539739191532135,
    0.31916919350624084,
    0.16069945693016052,
    0.0945219174027443,
    0.052760638296604156,
    0.031810201704502106,
    0.025672709569334984,
    0.016969578340649605,
    0.012242116034030914
  ],
  "val_accuracy": [
    0.39920753240585327,
    0.8236750960350037,
    0.8324252963066101,
    0.8347366452217102,
    0.8515766859054565,
    0.8608222007751465,
    0.8424962759017944,
    0.8623080849647522,
    0.8519068956375122,
    0.8571900129318237,
    0.8629684448242188
  ],
  "val_loss": [
    1.0873956680297852,
    0.5511441230773926,
    0.4639733135700226,
    0.44326168298721313,
    0.4149436950683594,
    0.3936941921710968,
    0.44737327098846436,
    0.42950043082237244,
    0.45638811588287354,
    0.4506969451904297,
    0.45870035886764526
  ],
  "learning_rate": [
    0.0005000000237487257,
    0.0005000000237487257,
    0.0005000000237487257,
    0.0005000000237487257,
    0.0005000000237487257,
    0.0005000000237487257,
    0.0005000000237487257,
    0.0005000000237487257,
    0.0005000000237487257,
    0.0002500000118743628,
    0.0002500000118743628
  ]
}