{
  "accuracy": [
    0.4867095947265625,
    0.7683671712875366,
    0.8461284637451172,
    0.9279346466064453,
    0.9553409218788147,
    0.9768862724304199,
    0.9730064272880554,
    0.9898464679718018,
    0.9957074522972107,
    0.9968631267547607
  ],
  "loss": [
    1.100280523300171,
    0.7735321521759033,
    0.5245141983032227,
    0.28270700573921204,
    0.1508234590291977,
    0.08552122116088867,
    0.08794145286083221,
    0.04089004173874855,
    0.023899918422102928,
    0.017632203176617622
  ],
  "val_accuracy": [
    0.7609772086143494,
    0.823704183101654,
    0.7877187132835388,
    0.8542423248291016,
    0.8781776428222656,
    0.8624958992004395,
    0.8667877316474915,
    0.8661274313926697,
    0.8719049096107483,
    0.8781776428222656
  ],
  "val_loss": [
    0.7929561734199524,
    0.5588826537132263,
    0.5748611092567444,
    0.41542232036590576,
    0.36994946002960205,
    0.4051547050476074,
    0.3903530538082123,
    0.40539687871932983,
    0.41297128796577454,
    0.4136689603328705
  ],
  "learning_rate": [
    0.0005000000237487257,
    0.0005000000237487257,
    0.0005000000237487257,
    0.0005000000237487257,
    0.0005000000237487257,
    0.0005000000237487257,
    0.0005000000237487257,
    0.0005000000237487257,
    0.0002500000118743628,
    0.0002500000118743628
  ]
}