{
  "f1_macro": 0.7516412625285471,
  "recall_neg": 0.798876404494382,
  "precision_pos": 0.9271770125027419,
  "confusion_matrix": [
    [
      0.798876404494382,
      0.1348314606741573,
      0.06629213483146068
    ],
    [
      0.17678100263852242,
      0.4630606860158311,
      0.36015831134564646
    ],
    [
      0.012020866409616693,
      0.029258335223406668,
      0.9587207983669767
    ]
  ],
  "fold": 2,
  "train_time_sec": 41.323988712989376,
  "epochs_ran": 10
}