{
  "f1_macro": 0.7650210196019692,
  "recall_neg": 0.8540965207631874,
  "precision_pos": 0.9382135661517798,
  "confusion_matrix": [
    [
      0.8540965207631874,
      0.10101010101010101,
      0.04489337822671156
    ],
    [
      0.20316622691292877,
      0.48548812664907653,
      0.3113456464379947
    ],
    [
      0.017010660013608528,
      0.03243365842594693,
      0.9505556815604446
    ]
  ],
  "fold": 1,
  "train_time_sec": 42.57536833800259,
  "epochs_ran": 10
}