{
  "f1_macro": 0.7317437555764726,
  "recall_neg": 0.7359550561797753,
  "precision_pos": 0.9359892569382274,
  "confusion_matrix": [
    [
      0.7359550561797753,
      0.20337078651685395,
      0.060674157303370786
    ],
    [
      0.19656992084432717,
      0.4973614775725594,
      0.30606860158311344
    ],
    [
      0.02132002721705602,
      0.030165570424132458,
      0.9485144023588116
    ]
  ],
  "fold": 3,
  "train_time_sec": 42.02255856100237,
  "epochs_ran": 11
}