{
  "accuracy": [
    0.3588113784790039,
    0.7293437719345093,
    0.8714816570281982,
    0.9281882047653198,
    0.9551795125007629,
    0.9770532250404358,
    0.9841518998146057,
    0.990837812423706,
    0.9954601526260376,
    0.9967808723449707
  ],
  "loss": [
    1.13009774684906,
    0.8149581551551819,
    0.4809028208255768,
    0.25325867533683777,
    0.15580333769321442,
    0.08394472301006317,
    0.056848783046007156,
    0.036170873790979385,
    0.023222574964165688,
    0.017313644289970398
  ],
  "val_accuracy": [
    0.6536238789558411,
    0.8259864449501038,
    0.8532276749610901,
    0.8304440975189209,
    0.8732045292854309,
    0.8495954871177673,
    0.8705629706382751,
    0.876506507396698,
    0.8806339502334595,
    0.8793131709098816
  ],
  "val_loss": [
    0.9057948589324951,
    0.5257012844085693,
    0.4297475516796112,
    0.44482362270355225,
    0.36937159299850464,
    0.4162115454673767,
    0.39283230900764465,
    0.393615186214447,
    0.4179967939853668,
    0.4138672649860382
  ],
  "learning_rate": [
    0.0005000000237487257,
    0.0005000000237487257,
    0.0005000000237487257,
    0.0005000000237487257,
    0.0005000000237487257,
    0.0005000000237487257,
    0.0005000000237487257,
    0.0005000000237487257,
    0.0002500000118743628,
    0.0002500000118743628
  ]
}