{
  "folds": [
    {
      "f1_macro": 0.7650210196019692,
      "recall_neg": 0.8540965207631874,
      "precision_pos": 0.9382135661517798,
      "confusion_matrix": [
        [
          0.8540965207631874,
          0.10101010101010101,
          0.04489337822671156
        ],
        [
          0.20316622691292877,
          0.48548812664907653,
          0.3113456464379947
        ],
        [
          0.017010660013608528,
          0.03243365842594693,
          0.9505556815604446
        ]
      ],
      "fold": 1,
      "train_time_sec": 42.57536833800259,
      "epochs_ran": 10
    },
    {
      "f1_macro": 0.7516412625285471,
      "recall_neg": 0.798876404494382,
      "precision_pos": 0.9271770125027419,
      "confusion_matrix": [
        [
          0.798876404494382,
          0.1348314606741573,
          0.06629213483146068
        ],
        [
          0.17678100263852242,
          0.4630606860158311,
          0.36015831134564646
        ],
        [
          0.012020866409616693,
          0.029258335223406668,
          0.9587207983669767
        ]
      ],
      "fold": 2,
      "train_time_sec": 41.323988712989376,
      "epochs_ran": 10
    },
    {
      "f1_macro": 0.7317437555764726,
      "recall_neg": 0.7359550561797753,
      "precision_pos": 0.9359892569382274,
      "confusion_matrix": [
        [
          0.7359550561797753,
          0.20337078651685395,
          0.060674157303370786
        ],
        [
          0.19656992084432717,
          0.4973614775725594,
          0.30606860158311344
        ],
        [
          0.02132002721705602,
          0.030165570424132458,
          0.9485144023588116
        ]
      ],
      "fold": 3,
      "train_time_sec": 42.02255856100237,
      "epochs_ran": 11
    }
  ],
  "mean_f1_macro": 0.7494686792356631,
  "mean_recall_neg": 0.7963093271457815,
  "mean_precision_pos": 0.9337932785309163,
  "mean_epochs_ran": 10.333333333333334
}