{
  "accuracy": [
    0.16855138540267944,
    0.14700783789157867,
    0.14700783789157867,
    0.14725546538829803,
    0.14733801782131195,
    0.14742055535316467
  ],
  "loss": [
    1.1701812744140625,
    1.1684105396270752,
    1.1681983470916748,
    1.167526364326477,
    1.1668620109558105,
    1.166343092918396
  ],
  "val_accuracy": [
    0.14693742990493774,
    0.14693742990493774,
    0.14693742990493774,
    0.14710251986980438,
    0.14710251986980438,
    0.14710251986980438
  ],
  "val_loss": [
    1.1097381114959717,
    1.1539044380187988,
    1.126724123954773,
    1.1289002895355225,
    1.1338852643966675,
    1.1145707368850708
  ],
  "learning_rate": [
    0.0005000000237487257,
    0.0005000000237487257,
    0.0005000000237487257,
    0.0005000000237487257,
    0.0002500000118743628,
    0.0002500000118743628
  ]
}