{
  "f1_macro": 0.08549222797927462,
  "recall_neg": 1.0,
  "precision_pos": 0.0,
  "confusion_matrix": [
    [
      1.0,
      0.0,
      0.0
    ],
    [
      1.0,
      0.0,
      0.0
    ],
    [
      0.9997731911998186,
      0.00022680880018144704,
      0.0
    ]
  ],
  "fold": 1,
  "train_time_sec": 21.794386585999746,
  "epochs_ran": 9
}