{
  "accuracy": [
    0.1462649554014206,
    0.14733801782131195,
    0.14725546538829803,
    0.14733801782131195,
    0.1475030928850174,
    0.14766818284988403,
    0.14758563041687012,
    0.22699132561683655,
    0.14775072038173676,
    0.14775072038173676,
    0.14742055535316467,
    0.14849360287189484,
    0.14865869283676147
  ],
  "loss": [
    1.1690906286239624,
    1.1687543392181396,
    1.1679807901382446,
    1.1679197549819946,
    1.166938066482544,
    1.1655255556106567,
    1.164507269859314,
    1.1642102003097534,
    1.1619654893875122,
    1.1613450050354004,
    1.1897860765457153,
    1.1614383459091187,
    1.160604476928711
  ],
  "val_accuracy": [
    0.1467723250389099,
    0.14693742990493774,
    0.14693742990493774,
    0.14693742990493774,
    0.14693742990493774,
    0.14693742990493774,
    0.14710251986980438,
    0.14710251986980438,
    0.14710251986980438,
    0.14710251986980438,
    0.14710251986980438,
    0.14710251986980438,
    0.14710251986980438
  ],
  "val_loss": [
    1.136914849281311,
    1.1251320838928223,
    1.128700613975525,
    1.1418930292129517,
    1.1199941635131836,
    1.1070170402526855,
    1.1154794692993164,
    1.102428913116455,
    1.1705548763275146,
    1.1218005418777466,
    1.1592198610305786,
    1.1311970949172974,
    1.165723204612732
  ],
  "learning_rate": [
    0.0005000000237487257,
    0.0005000000237487257,
    0.0005000000237487257,
    0.0005000000237487257,
    0.0005000000237487257,
    0.0005000000237487257,
    0.0005000000237487257,
    0.0005000000237487257,
    0.0005000000237487257,
    0.0005000000237487257,
    0.0005000000237487257,
    0.0002500000118743628,
    0.0002500000118743628
  ]
}