{
  "accuracy": [
    0.14652468264102936,
    0.14710251986980438,
    0.1471850723028183,
    0.14726762473583221,
    0.14735017716884613,
    0.14776292443275452,
    0.14776292443275452,
    0.1594848930835724,
    0.1481756716966629
  ],
  "loss": [
    1.1692179441452026,
    1.16838538646698,
    1.1680724620819092,
    1.167555332183838,
    1.1671935319900513,
    1.1659263372421265,
    1.1651265621185303,
    1.1639788150787354,
    1.1617881059646606
  ],
  "val_accuracy": [
    0.1470782458782196,
    0.1470782458782196,
    0.1470782458782196,
    0.1470782458782196,
    0.1470782458782196,
    0.1470782458782196,
    0.1470782458782196,
    0.14724332094192505,
    0.1477385312318802
  ],
  "val_loss": [
    1.1321568489074707,
    1.1252186298370361,
    1.115444540977478,
    1.10653555393219,
    1.1380783319473267,
    1.1592034101486206,
    1.1410082578659058,
    1.143885850906372,
    1.1536213159561157
  ],
  "learning_rate": [
    0.0005000000237487257,
    0.0005000000237487257,
    0.0005000000237487257,
    0.0005000000237487257,
    0.0005000000237487257,
    0.0005000000237487257,
    0.0005000000237487257,
    0.0002500000118743628,
    0.0002500000118743628
  ]
}