{
  "folds": [
    {
      "f1_macro": 0.08549222797927462,
      "recall_neg": 1.0,
      "precision_pos": 0.0,
      "confusion_matrix": [
        [
          1.0,
          0.0,
          0.0
        ],
        [
          1.0,
          0.0,
          0.0
        ],
        [
          0.9997731911998186,
          0.00022680880018144704,
          0.0
        ]
      ],
      "fold": 1,
      "train_time_sec": 21.794386585999746,
      "epochs_ran": 9
    },
    {
      "f1_macro": 0.08540856964637013,
      "recall_neg": 1.0,
      "precision_pos": 0.0,
      "confusion_matrix": [
        [
          1.0,
          0.0,
          0.0
        ],
        [
          1.0,
          0.0,
          0.0
        ],
        [
          1.0,
          0.0,
          0.0
        ]
      ],
      "fold": 2,
      "train_time_sec": 13.280710940001882,
      "epochs_ran": 6
    },
    {
      "f1_macro": 0.08557203730582036,
      "recall_neg": 1.0,
      "precision_pos": 1.0,
      "confusion_matrix": [
        [
          1.0,
          0.0,
          0.0
        ],
        [
          1.0,
          0.0,
          0.0
        ],
        [
          0.9997731911998186,
          0.0,
          0.00022680880018144704
        ]
      ],
      "fold": 3,
      "train_time_sec": 28.028369765001116,
      "epochs_ran": 13
    }
  ],
  "mean_f1_macro": 0.08549094497715504,
  "mean_recall_neg": 1.0,
  "mean_precision_pos": 0.3333333333333333,
  "mean_epochs_ran": 9.333333333333334
}