{
  "accuracy": [
    0.5217929482460022,
    0.8069176077842712,
    0.8421660661697388,
    0.8780749440193176,
    0.9143140316009521,
    0.9186891317367554,
    0.944692075252533,
    0.9528644680976868
  ],
  "loss": [
    1.0064159631729126,
    0.6560559868812561,
    0.4891113340854645,
    0.3604009747505188,
    0.25555065274238586,
    0.21363133192062378,
    0.15142963826656342,
    0.12431322783231735
  ],
  "val_accuracy": [
    0.8166061639785767,
    0.8445031642913818,
    0.8388907313346863,
    0.8265103697776794,
    0.8466490507125854,
    0.8611752986907959,
    0.8672829270362854,
    0.8390557765960693
  ],
  "val_loss": [
    0.5708733201026917,
    0.4207340180873871,
    0.38984957337379456,
    0.4405055642127991,
    0.41444745659828186,
    0.4436502158641815,
    0.4062063992023468,
    0.481162965297699
  ],
  "learning_rate": [
    0.0005000000237487257,
    0.0005000000237487257,
    0.0005000000237487257,
    0.0005000000237487257,
    0.0005000000237487257,
    0.0005000000237487257,
    0.0002500000118743628,
    0.0002500000118743628
  ]
}