{
  "f1_macro": 0.7474713151868979,
  "recall_neg": 0.7396184062850729,
  "precision_pos": 0.9552567237163814,
  "confusion_matrix": [
    [
      0.7396184062850729,
      0.23793490460157127,
      0.02244668911335578
    ],
    [
      0.10422163588390501,
      0.6807387862796834,
      0.21503957783641162
    ],
    [
      0.0052166024041732815,
      0.10864141528691314,
      0.8861419823089136
    ]
  ],
  "fold": 1,
  "train_time_sec": 3484.588063618008,
  "epochs_ran": 8
}