{
  "f1_macro": 0.7687228918738255,
  "recall_neg": 0.8496071829405163,
  "precision_pos": 0.9607272727272728,
  "confusion_matrix": [
    [
      0.8496071829405163,
      0.12794612794612795,
      0.02244668911335578
    ],
    [
      0.17678100263852242,
      0.6358839050131926,
      0.18733509234828497
    ],
    [
      0.011113631208890905,
      0.09004309367203447,
      0.8988432751190746
    ]
  ],
  "fold": 1,
  "train_time_sec": 31.009148928991635,
  "epochs_ran": 12
}