{
  "accuracy": [
    0.24195146560668945,
    0.7071157097816467,
    0.8216938972473145,
    0.8576027750968933,
    0.8749380707740784,
    0.8981344103813171,
    0.9123328328132629,
    0.918028712272644,
    0.9262836575508118,
    0.9413076043128967,
    0.9438666105270386,
    0.9574046730995178
  ],
  "loss": [
    1.1474395990371704,
    0.8558605909347534,
    0.5931270718574524,
    0.46484291553497314,
    0.38025614619255066,
    0.3018345236778259,
    0.2488287091255188,
    0.23432932794094086,
    0.19697773456573486,
    0.17127642035484314,
    0.14591191709041595,
    0.11961691826581955
  ],
  "val_accuracy": [
    0.5642126202583313,
    0.7596566677093506,
    0.7682403326034546,
    0.8329481482505798,
    0.8304721117019653,
    0.815615713596344,
    0.8586992621421814,
    0.8347639441490173,
    0.8629910945892334,
    0.8382304310798645,
    0.8586992621421814,
    0.8578738570213318
  ],
  "val_loss": [
    1.0217695236206055,
    0.5958090424537659,
    0.6067017316818237,
    0.4429013729095459,
    0.4403102695941925,
    0.4880731403827667,
    0.4265512228012085,
    0.4850269854068756,
    0.43327513337135315,
    0.48540374636650085,
    0.4674185812473297,
    0.49841374158859253
  ],
  "learning_rate": [
    0.0005000000237487257,
    0.0005000000237487257,
    0.0005000000237487257,
    0.0005000000237487257,
    0.0005000000237487257,
    0.0005000000237487257,
    0.0005000000237487257,
    0.0005000000237487257,
    0.0005000000237487257,
    0.0005000000237487257,
    0.0002500000118743628,
    0.0002500000118743628
  ]
}