{
  "f1_macro": 0.7736396868622967,
  "recall_neg": 0.8314606741573034,
  "precision_pos": 0.9615291555770626,
  "confusion_matrix": [
    [
      0.8314606741573034,
      0.14831460674157304,
      0.020224719101123594
    ],
    [
      0.15303430079155672,
      0.6609498680738787,
      0.18601583113456466
    ],
    [
      0.007938308006350647,
      0.09072352007257882,
      0.9013381719210706
    ]
  ],
  "fold": 2,
  "train_time_sec": 29.081362393000745,
  "epochs_ran": 12
}