{
  "accuracy": [
    0.2823772132396698,
    0.6814692616462708,
    0.7852249145507812,
    0.8349153995513916,
    0.8603384494781494,
    0.8784151673316956,
    0.9002063274383545,
    0.910028874874115,
    0.929921567440033,
    0.9379281997680664,
    0.9508873224258423,
    0.9573256373405457
  ],
  "loss": [
    1.1439208984375,
    0.9111666083335876,
    0.6754144430160522,
    0.5572464466094971,
    0.45720788836479187,
    0.36026716232299805,
    0.28982850909233093,
    0.2508416473865509,
    0.20575188100337982,
    0.18021142482757568,
    0.1446136087179184,
    0.1253143846988678
  ],
  "val_accuracy": [
    0.5643057823181152,
    0.7804193496704102,
    0.8238402009010315,
    0.8023774027824402,
    0.8182268738746643,
    0.8472841382026672,
    0.8609873056411743,
    0.8581806421279907,
    0.8634637594223022,
    0.8332507610321045,
    0.8558692336082458,
    0.8585107922554016
  ],
  "val_loss": [
    1.002846360206604,
    0.6371299624443054,
    0.5073067545890808,
    0.5210820436477661,
    0.4696652889251709,
    0.3975144624710083,
    0.38842788338661194,
    0.4012633264064789,
    0.41574323177337646,
    0.483174204826355,
    0.4523918926715851,
    0.4524157643318176
  ],
  "learning_rate": [
    0.0005000000237487257,
    0.0005000000237487257,
    0.0005000000237487257,
    0.0005000000237487257,
    0.0005000000237487257,
    0.0005000000237487257,
    0.0005000000237487257,
    0.0005000000237487257,
    0.0005000000237487257,
    0.0005000000237487257,
    0.0002500000118743628,
    0.0002500000118743628
  ]
}