{
  "f1_macro": 0.7629732034779392,
  "recall_neg": 0.8640449438202247,
  "precision_pos": 0.9610675808031341,
  "confusion_matrix": [
    [
      0.8640449438202247,
      0.12247191011235956,
      0.01348314606741573
    ],
    [
      0.18469656992084432,
      0.6213720316622692,
      0.19393139841688653
    ],
    [
      0.009525969607620775,
      0.10024948968019959,
      0.8902245407121796
    ]
  ],
  "fold": 3,
  "train_time_sec": 24.0465101699956,
  "epochs_ran": 10
}