{
  "accuracy": [
    0.31151464581489563,
    0.7309120893478394,
    0.8166735172271729,
    0.8581923246383667,
    0.8800660371780396,
    0.8969871997833252,
    0.900866687297821,
    0.9244738221168518,
    0.9329756498336792,
    0.9450268149375916
  ],
  "loss": [
    1.1398125886917114,
    0.8254081010818481,
    0.5971840023994446,
    0.46343734860420227,
    0.3710779547691345,
    0.30911532044410706,
    0.2828977406024933,
    0.2222476303577423,
    0.17891883850097656,
    0.15645454823970795
  ],
  "val_accuracy": [
    0.5801551938056946,
    0.7840515375137329,
    0.8231797814369202,
    0.8398547172546387,
    0.8527323603630066,
    0.835892379283905,
    0.8198778033256531,
    0.8429915904998779,
    0.8406801819801331,
    0.846293568611145
  ],
  "val_loss": [
    0.9996894598007202,
    0.6054414510726929,
    0.485236257314682,
    0.43878963589668274,
    0.3941085934638977,
    0.4467392563819885,
    0.494645357131958,
    0.44557422399520874,
    0.4617524743080139,
    0.4685094356536865
  ],
  "learning_rate": [
    0.0005000000237487257,
    0.0005000000237487257,
    0.0005000000237487257,
    0.0005000000237487257,
    0.0005000000237487257,
    0.0005000000237487257,
    0.0005000000237487257,
    0.0005000000237487257,
    0.0002500000118743628,
    0.0002500000118743628
  ]
}