{
  "folds": [
    {
      "f1_macro": 0.7687228918738255,
      "recall_neg": 0.8496071829405163,
      "precision_pos": 0.9607272727272728,
      "confusion_matrix": [
        [
          0.8496071829405163,
          0.12794612794612795,
          0.02244668911335578
        ],
        [
          0.17678100263852242,
          0.6358839050131926,
          0.18733509234828497
        ],
        [
          0.011113631208890905,
          0.09004309367203447,
          0.8988432751190746
        ]
      ],
      "fold": 1,
      "train_time_sec": 31.009148928991635,
      "epochs_ran": 12
    },
    {
      "f1_macro": 0.7736396868622967,
      "recall_neg": 0.8314606741573034,
      "precision_pos": 0.9615291555770626,
      "confusion_matrix": [
        [
          0.8314606741573034,
          0.14831460674157304,
          0.020224719101123594
        ],
        [
          0.15303430079155672,
          0.6609498680738787,
          0.18601583113456466
        ],
        [
          0.007938308006350647,
          0.09072352007257882,
          0.9013381719210706
        ]
      ],
      "fold": 2,
      "train_time_sec": 29.081362393000745,
      "epochs_ran": 12
    },
    {
      "f1_macro": 0.7629732034779392,
      "recall_neg": 0.8640449438202247,
      "precision_pos": 0.9610675808031341,
      "confusion_matrix": [
        [
          0.8640449438202247,
          0.12247191011235956,
          0.01348314606741573
        ],
        [
          0.18469656992084432,
          0.6213720316622692,
          0.19393139841688653
        ],
        [
          0.009525969607620775,
          0.10024948968019959,
          0.8902245407121796
        ]
      ],
      "fold": 3,
      "train_time_sec": 24.0465101699956,
      "epochs_ran": 10
    }
  ],
  "mean_f1_macro": 0.7684452607380204,
  "mean_recall_neg": 0.8483709336393481,
  "mean_precision_pos": 0.9611080030358231,
  "mean_epochs_ran": 11.333333333333334
}