{
  "f1_macro": 0.7671800823057443,
  "recall_neg": 0.77665544332211,
  "precision_pos": 0.9561234329797492,
  "confusion_matrix": [
    [
      0.77665544332211,
      0.20089786756453423,
      0.02244668911335578
    ],
    [
      0.10290237467018469,
      0.683377308707124,
      0.21372031662269128
    ],
    [
      0.004989793603991835,
      0.0954865048763892,
      0.8995237015196189
    ]
  ],
  "fold": 1,
  "train_time_sec": 33.978486976993736,
  "epochs_ran": 10
}