{
  "accuracy": [
    0.25274452567100525,
    0.7163020968437195,
    0.8371440172195435,
    0.8865043520927429,
    0.9185307621955872,
    0.9364424347877502,
    0.9448617696762085,
    0.9608749747276306,
    0.9748246073722839,
    0.9793643951416016
  ],
  "loss": [
    1.1500320434570312,
    0.8581513166427612,
    0.562035083770752,
    0.39623185992240906,
    0.26840442419052124,
    0.2067427784204483,
    0.1644277125597,
    0.1177838146686554,
    0.08264388889074326,
    0.06501935422420502
  ],
  "val_accuracy": [
    0.5180782675743103,
    0.6970447301864624,
    0.8258213400840759,
    0.8294535279273987,
    0.8479444980621338,
    0.8167409896850586,
    0.7913158535957336,
    0.8590061068534851,
    0.8580155372619629,
    0.864949643611908
  ],
  "val_loss": [
    1.0325530767440796,
    0.7171688079833984,
    0.48482248187065125,
    0.46236956119537354,
    0.39747846126556396,
    0.5042606592178345,
    0.5629643797874451,
    0.43299350142478943,
    0.4650116562843323,
    0.4558604955673218
  ],
  "learning_rate": [
    0.0005000000237487257,
    0.0005000000237487257,
    0.0005000000237487257,
    0.0005000000237487257,
    0.0005000000237487257,
    0.0005000000237487257,
    0.0005000000237487257,
    0.0005000000237487257,
    0.0002500000118743628,
    0.0002500000118743628
  ]
}