{
  "f1_macro": 0.7775034103718808,
  "recall_neg": 0.8112359550561797,
  "precision_pos": 0.9490816089281563,
  "confusion_matrix": [
    [
      0.8112359550561797,
      0.15955056179775282,
      0.029213483146067417
    ],
    [
      0.1279683377308707,
      0.6174142480211082,
      0.2546174142480211
    ],
    [
      0.0027217056021773644,
      0.07144477205715581,
      0.9258335223406668
    ]
  ],
  "fold": 2,
  "train_time_sec": 34.77339670299261,
  "epochs_ran": 11
}