{
  "accuracy": [
    0.224616140127182,
    0.647845447063446,
    0.8074954748153687,
    0.8668482899665833,
    0.9063892960548401,
    0.9356942176818848,
    0.9452699422836304,
    0.963018000125885,
    0.9749050736427307,
    0.9791150689125061
  ],
  "loss": [
    1.1549040079116821,
    0.913781464099884,
    0.6188422441482544,
    0.44218748807907104,
    0.2939865291118622,
    0.20118936896324158,
    0.15117648243904114,
    0.12124555557966232,
    0.08625094592571259,
    0.06814984977245331
  ],
  "val_accuracy": [
    0.37933310866355896,
    0.7555298805236816,
    0.8215582966804504,
    0.8275008201599121,
    0.8544073700904846,
    0.8141300678253174,
    0.8514361381530762,
    0.8623307943344116,
    0.8463189005851746,
    0.8639814853668213
  ],
  "val_loss": [
    1.0919883251190186,
    0.6738610863685608,
    0.4919760823249817,
    0.45174872875213623,
    0.3917313814163208,
    0.499439537525177,
    0.44558659195899963,
    0.4345633089542389,
    0.48127859830856323,
    0.45986366271972656
  ],
  "learning_rate": [
    0.0005000000237487257,
    0.0005000000237487257,
    0.0005000000237487257,
    0.0005000000237487257,
    0.0005000000237487257,
    0.0005000000237487257,
    0.0005000000237487257,
    0.0005000000237487257,
    0.0002500000118743628,
    0.0002500000118743628
  ]
}