{
  "f1_macro": 0.7654691687786909,
  "recall_neg": 0.7764044943820225,
  "precision_pos": 0.9664846077457795,
  "confusion_matrix": [
    [
      0.7764044943820225,
      0.20561797752808988,
      0.017977528089887642
    ],
    [
      0.11477572559366754,
      0.7282321899736148,
      0.15699208443271767
    ],
    [
      0.004762984803810388,
      0.11227035608981628,
      0.8829666591063733
    ]
  ],
  "fold": 3,
  "train_time_sec": 32.51186911799596,
  "epochs_ran": 10
}