{
  "accuracy": [
    0.2913743257522583,
    0.6983078718185425,
    0.8293850421905518,
    0.8869996070861816,
    0.9103590846061707,
    0.9328105449676514,
    0.9412298798561096,
    0.9644242525100708,
    0.9740816950798035,
    0.9822534322738647,
    0.9819232225418091
  ],
  "loss": [
    1.14818274974823,
    0.8702033758163452,
    0.5946850776672363,
    0.41647326946258545,
    0.2847290635108948,
    0.21338368952274323,
    0.17042146623134613,
    0.11293374747037888,
    0.08920354396104813,
    0.06810647249221802,
    0.06494715809822083
  ],
  "val_accuracy": [
    0.5222057104110718,
    0.6787188649177551,
    0.8330857157707214,
    0.8228495717048645,
    0.8342413902282715,
    0.8703978657722473,
    0.8702327609062195,
    0.8713884949684143,
    0.866105318069458,
    0.8656100630760193,
    0.8694072961807251
  ],
  "val_loss": [
    1.0346516370773315,
    0.7256253361701965,
    0.47365280985832214,
    0.4409192204475403,
    0.4346327483654022,
    0.3673552870750427,
    0.38713935017585754,
    0.40363892912864685,
    0.43679532408714294,
    0.45231330394744873,
    0.43474364280700684
  ],
  "learning_rate": [
    0.0005000000237487257,
    0.0005000000237487257,
    0.0005000000237487257,
    0.0005000000237487257,
    0.0005000000237487257,
    0.0005000000237487257,
    0.0005000000237487257,
    0.0005000000237487257,
    0.0005000000237487257,
    0.0002500000118743628,
    0.0002500000118743628
  ]
}