{
  "folds": [
    {
      "f1_macro": 0.7671800823057443,
      "recall_neg": 0.77665544332211,
      "precision_pos": 0.9561234329797492,
      "confusion_matrix": [
        [
          0.77665544332211,
          0.20089786756453423,
          0.02244668911335578
        ],
        [
          0.10290237467018469,
          0.683377308707124,
          0.21372031662269128
        ],
        [
          0.004989793603991835,
          0.0954865048763892,
          0.8995237015196189
        ]
      ],
      "fold": 1,
      "train_time_sec": 33.978486976993736,
      "epochs_ran": 10
    },
    {
      "f1_macro": 0.7775034103718808,
      "recall_neg": 0.8112359550561797,
      "precision_pos": 0.9490816089281563,
      "confusion_matrix": [
        [
          0.8112359550561797,
          0.15955056179775282,
          0.029213483146067417
        ],
        [
          0.1279683377308707,
          0.6174142480211082,
          0.2546174142480211
        ],
        [
          0.0027217056021773644,
          0.07144477205715581,
          0.9258335223406668
        ]
      ],
      "fold": 2,
      "train_time_sec": 34.77339670299261,
      "epochs_ran": 11
    },
    {
      "f1_macro": 0.7654691687786909,
      "recall_neg": 0.7764044943820225,
      "precision_pos": 0.9664846077457795,
      "confusion_matrix": [
        [
          0.7764044943820225,
          0.20561797752808988,
          0.017977528089887642
        ],
        [
          0.11477572559366754,
          0.7282321899736148,
          0.15699208443271767
        ],
        [
          0.004762984803810388,
          0.11227035608981628,
          0.8829666591063733
        ]
      ],
      "fold": 3,
      "train_time_sec": 32.51186911799596,
      "epochs_ran": 10
    }
  ],
  "mean_f1_macro": 0.7700508871521053,
  "mean_recall_neg": 0.788098630920104,
  "mean_precision_pos": 0.957229883217895,
  "mean_epochs_ran": 10.333333333333334
}