{
  "accuracy": [
    0.33027902245521545,
    0.36073964834213257,
    0.3500082492828369
  ],
  "loss": [
    1.1170589923858643,
    1.124693512916565,
    1.1732560396194458
  ],
  "val_accuracy": [
    0.13370749354362488,
    0.18388907611370087,
    0.18851105868816376
  ],
  "val_loss": [
    1.1072885990142822,
    1.098134994506836,
    1.1771190166473389
  ]
}