{
  "f1_macro": 0.18341419200978015,
  "recall_neg": 0.6083052749719416,
  "precision_pos": 0.7522768670309654,
  "confusion_matrix": [
    [
      0.6083052749719416,
      0.30078563411896747,
      0.09090909090909091
    ],
    [
      0.6807387862796834,
      0.24670184696569922,
      0.07255936675461741
    ],
    [
      0.6368791109095033,
      0.26944885461555906,
      0.09367203447493763
    ]
  ],
  "fold": 1,
  "train_time_sec": 13.623847688999376
}