{
  "accuracy": [
    0.37705323100090027,
    0.7570779919624329,
    0.8364011645317078,
    0.8616591095924377,
    0.8851836323738098,
    0.8982253670692444,
    0.9087082147598267,
    0.920511782169342,
    0.9328105449676514,
    0.9317375421524048,
    0.9479983448982239,
    0.9544366598129272
  ],
  "loss": [
    1.1069844961166382,
    0.8269272446632385,
    0.6169409155845642,
    0.5002132058143616,
    0.3969026505947113,
    0.3346787691116333,
    0.2910742163658142,
    0.2569059729576111,
    0.21010465919971466,
    0.195844367146492,
    0.16039691865444183,
    0.13654600083827972
  ],
  "val_accuracy": [
    0.7931318879127502,
    0.8185570240020752,
    0.8178966641426086,
    0.8472841382026672,
    0.8497605919837952,
    0.8471190333366394,
    0.8700677156448364,
    0.8634637594223022,
    0.8656100630760193,
    0.8687468767166138,
    0.8662704229354858,
    0.8675912022590637
  ],
  "val_loss": [
    0.7103748917579651,
    0.5209260582923889,
    0.49319788813591003,
    0.39177629351615906,
    0.3871941864490509,
    0.4016236662864685,
    0.36871007084846497,
    0.3760794997215271,
    0.3908734619617462,
    0.3783675730228424,
    0.4103200137615204,
    0.42173412442207336
  ],
  "learning_rate": [
    0.0005000000237487257,
    0.0005000000237487257,
    0.0005000000237487257,
    0.0005000000237487257,
    0.0005000000237487257,
    0.0005000000237487257,
    0.0005000000237487257,
    0.0005000000237487257,
    0.0005000000237487257,
    0.0005000000237487257,
    0.0002500000118743628,
    0.0002500000118743628
  ]
}