{
  "f1_macro": 0.756973620528871,
  "recall_neg": 0.8573033707865169,
  "precision_pos": 0.9591836734693877,
  "confusion_matrix": [
    [
      0.8573033707865169,
      0.12359550561797752,
      0.019101123595505618
    ],
    [
      0.20448548812664907,
      0.5963060686015831,
      0.19920844327176782
    ],
    [
      0.009525969607620775,
      0.09503288727602631,
      0.8954411431163529
    ]
  ],
  "fold": 3,
  "train_time_sec": 26.707718570003635,
  "epochs_ran": 10
}