{
  "accuracy": [
    0.3941720426082611,
    0.7926366329193115,
    0.8374608159065247,
    0.8541356921195984,
    0.8821198344230652,
    0.904325544834137,
    0.9191843867301941,
    0.9210004806518555,
    0.9312365651130676,
    0.942215621471405,
    0.951461136341095
  ],
  "loss": [
    1.0855090618133545,
    0.778278648853302,
    0.5635805726051331,
    0.4455942213535309,
    0.3520475924015045,
    0.2967229187488556,
    0.25492796301841736,
    0.23531413078308105,
    0.20249104499816895,
    0.15806709229946136,
    0.13539831340312958
  ],
  "val_accuracy": [
    0.8030703067779541,
    0.8256850242614746,
    0.8166061639785767,
    0.83575439453125,
    0.8418620228767395,
    0.8591944575309753,
    0.8296467661857605,
    0.8446682095527649,
    0.8646417856216431,
    0.8682733774185181,
    0.8694288730621338
  ],
  "val_loss": [
    0.7736342549324036,
    0.5657421946525574,
    0.46697404980659485,
    0.42217475175857544,
    0.40290403366088867,
    0.3890054523944855,
    0.4848061203956604,
    0.4496329724788666,
    0.39928480982780457,
    0.4075123071670532,
    0.4032381474971771
  ],
  "learning_rate": [
    0.0005000000237487257,
    0.0005000000237487257,
    0.0005000000237487257,
    0.0005000000237487257,
    0.0005000000237487257,
    0.0005000000237487257,
    0.0005000000237487257,
    0.0005000000237487257,
    0.0005000000237487257,
    0.0002500000118743628,
    0.0002500000118743628
  ]
}