{
  "accuracy": [
    0.43747419118881226,
    0.7853900194168091,
    0.8377218246459961,
    0.8510111570358276,
    0.8826248645782471,
    0.8912092447280884,
    0.9057366847991943,
    0.9156417846679688,
    0.9359471797943115,
    0.9421378374099731
  ],
  "loss": [
    1.0785669088363647,
    0.7796832323074341,
    0.5956745147705078,
    0.46813079714775085,
    0.3721787631511688,
    0.32833942770957947,
    0.2738196551799774,
    0.24273031949996948,
    0.1816391795873642,
    0.16738615930080414
  ],
  "val_accuracy": [
    0.749380886554718,
    0.8266468644142151,
    0.8055142760276794,
    0.8220241069793701,
    0.8524021506309509,
    0.8238402009010315,
    0.8211986422538757,
    0.8297837376594543,
    0.8542182445526123,
    0.8542182445526123
  ],
  "val_loss": [
    0.7623876929283142,
    0.5088884830474854,
    0.4835447669029236,
    0.44888344407081604,
    0.40006497502326965,
    0.4433639347553253,
    0.4614226520061493,
    0.4556146264076233,
    0.4146934747695923,
    0.4346356987953186
  ],
  "learning_rate": [
    0.0005000000237487257,
    0.0005000000237487257,
    0.0005000000237487257,
    0.0005000000237487257,
    0.0005000000237487257,
    0.0005000000237487257,
    0.0005000000237487257,
    0.0005000000237487257,
    0.0002500000118743628,
    0.0002500000118743628
  ]
}