{
  "f1_macro": 0.785893005977464,
  "recall_neg": 0.8573033707865169,
  "precision_pos": 0.9641136801541426,
  "confusion_matrix": [
    [
      0.8573033707865169,
      0.12022471910112359,
      0.02247191011235955
    ],
    [
      0.16490765171503957,
      0.6649076517150396,
      0.17018469656992086
    ],
    [
      0.005443411204354729,
      0.08664096166931277,
      0.9079156271263324
    ]
  ],
  "fold": 2,
  "train_time_sec": 32.20534271700308,
  "epochs_ran": 12
}