{
  "f1_macro": 0.7800266005810862,
  "recall_neg": 0.8170594837261503,
  "precision_pos": 0.9703043801039347,
  "confusion_matrix": [
    [
      0.8170594837261503,
      0.16835016835016836,
      0.014590347923681257
    ],
    [
      0.12532981530343007,
      0.7335092348284961,
      0.14116094986807387
    ],
    [
      0.008618734406894988,
      0.10206396008165117,
      0.8893173055114538
    ]
  ],
  "fold": 1,
  "train_time_sec": 30.750902499989024,
  "epochs_ran": 11
}