{
  "folds": [
    {
      "f1_macro": 0.7800266005810862,
      "recall_neg": 0.8170594837261503,
      "precision_pos": 0.9703043801039347,
      "confusion_matrix": [
        [
          0.8170594837261503,
          0.16835016835016836,
          0.014590347923681257
        ],
        [
          0.12532981530343007,
          0.7335092348284961,
          0.14116094986807387
        ],
        [
          0.008618734406894988,
          0.10206396008165117,
          0.8893173055114538
        ]
      ],
      "fold": 1,
      "train_time_sec": 30.750902499989024,
      "epochs_ran": 11
    },
    {
      "f1_macro": 0.785893005977464,
      "recall_neg": 0.8573033707865169,
      "precision_pos": 0.9641136801541426,
      "confusion_matrix": [
        [
          0.8573033707865169,
          0.12022471910112359,
          0.02247191011235955
        ],
        [
          0.16490765171503957,
          0.6649076517150396,
          0.17018469656992086
        ],
        [
          0.005443411204354729,
          0.08664096166931277,
          0.9079156271263324
        ]
      ],
      "fold": 2,
      "train_time_sec": 32.20534271700308,
      "epochs_ran": 12
    },
    {
      "f1_macro": 0.756973620528871,
      "recall_neg": 0.8573033707865169,
      "precision_pos": 0.9591836734693877,
      "confusion_matrix": [
        [
          0.8573033707865169,
          0.12359550561797752,
          0.019101123595505618
        ],
        [
          0.20448548812664907,
          0.5963060686015831,
          0.19920844327176782
        ],
        [
          0.009525969607620775,
          0.09503288727602631,
          0.8954411431163529
        ]
      ],
      "fold": 3,
      "train_time_sec": 26.707718570003635,
      "epochs_ran": 10
    }
  ],
  "mean_f1_macro": 0.7742977423624736,
  "mean_recall_neg": 0.8438887417663947,
  "mean_precision_pos": 0.9645339112424883,
  "mean_epochs_ran": 11.0
}