{
  "f1_macro": 0.3121543457847713,
  "recall_neg": 0.04719101123595506,
  "precision_pos": 0.7334002341528684,
  "confusion_matrix": [
    [
      0.04719101123595506,
      0.0,
      0.952808988764045
    ],
    [
      0.013192612137203167,
      0.002638522427440633,
      0.9841688654353562
    ],
    [
      0.005443411204354729,
      0.0,
      0.9945565887956452
    ]
  ],
  "fold": 2,
  "train_time_sec": 32.63145297199662,
  "epochs_ran": 10
}