{
  "accuracy": [
    0.14701998233795166,
    0.31269603967666626,
    0.24368499219417572,
    0.14743272960186005,
    0.190853551030159,
    0.14842331409454346,
    0.148670956492424,
    0.20356611907482147,
    0.1471850723028183,
    0.15114744007587433,
    0.15189038217067719,
    0.15230311453342438
  ],
  "loss": [
    1.1685833930969238,
    1.171877384185791,
    1.1608844995498657,
    1.157945990562439,
    1.155472993850708,
    1.1527541875839233,
    1.151100754737854,
    1.1496151685714722,
    1.1494485139846802,
    1.148560643196106,
    1.147953987121582,
    1.1477165222167969
  ],
  "val_accuracy": [
    0.1470782458782196,
    0.1470782458782196,
    0.1474083811044693,
    0.1474083811044693,
    0.14790359139442444,
    0.14790359139442444,
    0.14790359139442444,
    0.14839881658554077,
    0.13172663748264313,
    0.1488940268754959,
    0.1492241621017456,
    0.1492241621017456
  ],
  "val_loss": [
    1.1492860317230225,
    1.1212466955184937,
    1.1487056016921997,
    1.133285403251648,
    1.1254911422729492,
    1.1211833953857422,
    1.1093788146972656,
    1.1179805994033813,
    1.112194538116455,
    1.1278992891311646,
    1.1320358514785767,
    1.1204372644424438
  ],
  "learning_rate": [
    0.0005000000237487257,
    0.0005000000237487257,
    0.0005000000237487257,
    0.0005000000237487257,
    0.0005000000237487257,
    0.0002500000118743628,
    0.0002500000118743628,
    0.0002500000118743628,
    0.0002500000118743628,
    0.0002500000118743628,
    0.0001250000059371814,
    0.0001250000059371814
  ]
}