{
  "accuracy": [
    0.17177052795886993,
    0.2014857679605484,
    0.22154353559017181,
    0.24085843563079834,
    0.1479158103466034,
    0.25274452567100525,
    0.21345439553260803,
    0.14907139539718628,
    0.14981427788734436,
    0.14989681541919708,
    0.1503920704126358
  ],
  "loss": [
    1.1699234247207642,
    1.1654925346374512,
    1.1594129800796509,
    1.1574124097824097,
    1.153383731842041,
    1.1611566543579102,
    1.1554158926010132,
    1.1519559621810913,
    1.1498721837997437,
    1.1486753225326538,
    1.1474310159683228
  ],
  "val_accuracy": [
    0.14693742990493774,
    0.14693742990493774,
    0.14710251986980438,
    0.14759781956672668,
    0.14759781956672668,
    0.7303946018218994,
    0.14792801439762115,
    0.148093119263649,
    0.14842331409454346,
    0.1490837037563324,
    0.14891861379146576
  ],
  "val_loss": [
    1.1117258071899414,
    1.132322072982788,
    1.1516567468643188,
    1.1201406717300415,
    1.12258780002594,
    1.0790632963180542,
    1.0979270935058594,
    1.1125408411026,
    1.121273159980774,
    1.1057119369506836,
    1.1192688941955566
  ],
  "learning_rate": [
    0.0005000000237487257,
    0.0005000000237487257,
    0.0005000000237487257,
    0.0005000000237487257,
    0.0002500000118743628,
    0.0002500000118743628,
    0.0002500000118743628,
    0.0002500000118743628,
    0.0002500000118743628,
    0.0001250000059371814,
    0.0001250000059371814
  ]
}