{
  "accuracy": [
    0.14651258289813995,
    0.23466776311397552,
    0.14568716287612915,
    0.1479158103466034,
    0.1696244329214096,
    0.1961205154657364,
    0.14857614040374756,
    0.14948411285877228,
    0.15006190538406372,
    0.15022699534893036
  ],
  "loss": [
    1.1688953638076782,
    1.1643803119659424,
    1.1579794883728027,
    1.1543961763381958,
    1.1608476638793945,
    1.1587181091308594,
    1.1526292562484741,
    1.1505993604660034,
    1.1487126350402832,
    1.1479909420013428
  ],
  "val_accuracy": [
    0.14693742990493774,
    0.14693742990493774,
    0.14710251986980438,
    0.14792801439762115,
    0.7312200665473938,
    0.14792801439762115,
    0.14792801439762115,
    0.148093119263649,
    0.148093119263649,
    0.14792801439762115
  ],
  "val_loss": [
    1.1771026849746704,
    1.120200514793396,
    1.1014983654022217,
    1.1289459466934204,
    1.0641032457351685,
    1.1216098070144653,
    1.1301363706588745,
    1.1239993572235107,
    1.1193077564239502,
    1.0980085134506226
  ],
  "learning_rate": [
    0.0005000000237487257,
    0.0005000000237487257,
    0.0005000000237487257,
    0.0005000000237487257,
    0.0005000000237487257,
    0.0005000000237487257,
    0.0005000000237487257,
    0.0005000000237487257,
    0.0002500000118743628,
    0.0002500000118743628
  ]
}