{
  "f1_macro": 0.3146513538173041,
  "recall_neg": 0.05056179775280899,
  "precision_pos": 0.7337357478202549,
  "confusion_matrix": [
    [
      0.05056179775280899,
      0.0022471910112359553,
      0.9471910112359551
    ],
    [
      0.013192612137203167,
      0.00395778364116095,
      0.9828496042216359
    ],
    [
      0.006577455205261964,
      0.0009072352007257881,
      0.9925153095940122
    ]
  ],
  "fold": 3,
  "train_time_sec": 35.16079778800486,
  "epochs_ran": 11
}