{
  "folds": [
    {
      "f1_macro": 0.08629664758897988,
      "recall_neg": 1.0,
      "precision_pos": 1.0,
      "confusion_matrix": [
        [
          1.0,
          0.0,
          0.0
        ],
        [
          1.0,
          0.0,
          0.0
        ],
        [
          0.9988659559990928,
          0.0,
          0.0011340440009072353
        ]
      ],
      "fold": 1,
      "train_time_sec": 38.19207770298817,
      "epochs_ran": 12
    },
    {
      "f1_macro": 0.3121543457847713,
      "recall_neg": 0.04719101123595506,
      "precision_pos": 0.7334002341528684,
      "confusion_matrix": [
        [
          0.04719101123595506,
          0.0,
          0.952808988764045
        ],
        [
          0.013192612137203167,
          0.002638522427440633,
          0.9841688654353562
        ],
        [
          0.005443411204354729,
          0.0,
          0.9945565887956452
        ]
      ],
      "fold": 2,
      "train_time_sec": 32.63145297199662,
      "epochs_ran": 10
    },
    {
      "f1_macro": 0.3146513538173041,
      "recall_neg": 0.05056179775280899,
      "precision_pos": 0.7337357478202549,
      "confusion_matrix": [
        [
          0.05056179775280899,
          0.0022471910112359553,
          0.9471910112359551
        ],
        [
          0.013192612137203167,
          0.00395778364116095,
          0.9828496042216359
        ],
        [
          0.006577455205261964,
          0.0009072352007257881,
          0.9925153095940122
        ]
      ],
      "fold": 3,
      "train_time_sec": 35.16079778800486,
      "epochs_ran": 11
    }
  ],
  "mean_f1_macro": 0.23770078239701842,
  "mean_recall_neg": 0.3659176029962547,
  "mean_precision_pos": 0.8223786606577077,
  "mean_epochs_ran": 11.0
}