{
  "f1_macro": 0.08850355816694161,
  "recall_neg": 1.0,
  "precision_pos": 1.0,
  "confusion_matrix": [
    [
      1.0,
      0.0,
      0.0
    ],
    [
      0.9973614775725593,
      0.002638522427440633,
      0.0
    ],
    [
      0.997958720798367,
      0.00022680880018144704,
      0.0018144704014515763
    ]
  ],
  "fold": 2,
  "train_time_sec": 44.35440166600165,
  "epochs_ran": 14
}