{
  "accuracy": [
    0.18340899050235748,
    0.21923235058784485,
    0.16029715538024902,
    0.14775072038173676,
    0.14857614040374756,
    0.14981427788734436,
    0.15055716037750244
  ],
  "loss": [
    1.1697630882263184,
    1.1641978025436401,
    1.1595582962036133,
    1.1551059484481812,
    1.1510307788848877,
    1.1494897603988647,
    1.1477138996124268
  ],
  "val_accuracy": [
    0.14693742990493774,
    0.7297341823577881,
    0.14710251986980438,
    0.14776292443275452,
    0.14891861379146576,
    0.14891861379146576,
    0.14891861379146576
  ],
  "val_loss": [
    1.127705693244934,
    1.068984031677246,
    1.1407994031906128,
    1.1502240896224976,
    1.132749319076538,
    1.1206450462341309,
    1.1416974067687988
  ],
  "learning_rate": [
    0.0005000000237487257,
    0.0005000000237487257,
    0.0005000000237487257,
    0.0005000000237487257,
    0.0005000000237487257,
    0.0002500000118743628,
    0.0002500000118743628
  ]
}