{
  "accuracy": [
    0.1467723250389099,
    0.20645533502101898,
    0.14569918811321259,
    0.14363546669483185,
    0.14495624601840973,
    0.14900115132331848
  ],
  "loss": [
    1.1704182624816895,
    1.1708213090896606,
    1.1642367839813232,
    1.156765103340149,
    1.152268648147583,
    1.1500985622406006
  ],
  "val_accuracy": [
    0.1470782458782196,
    0.1470782458782196,
    0.1470782458782196,
    0.1477385312318802,
    0.14823374152183533,
    0.14872895181179047
  ],
  "val_loss": [
    1.1038994789123535,
    1.1340831518173218,
    1.1071470975875854,
    1.1722328662872314,
    1.1371673345565796,
    1.1206961870193481
  ],
  "learning_rate": [
    0.0005000000237487257,
    0.0005000000237487257,
    0.0005000000237487257,
    0.0005000000237487257,
    0.0002500000118743628,
    0.0002500000118743628
  ]
}