{
  "f1_macro": 0.3141079584838026,
  "recall_neg": 0.0550561797752809,
  "precision_pos": 0.7337586033238207,
  "confusion_matrix": [
    [
      0.0550561797752809,
      0.0,
      0.9449438202247191
    ],
    [
      0.017150395778364115,
      0.0,
      0.9828496042216359
    ],
    [
      0.008618734406894988,
      0.0,
      0.991381265593105
    ]
  ],
  "fold": 3,
  "train_time_sec": 22.599916922001285,
  "epochs_ran": 7
}