{
  "accuracy": [
    0.1459347903728485,
    0.1475030928850174,
    0.24135369062423706,
    0.1458522528409958,
    0.14816343784332275,
    0.14898885786533356,
    0.14964918792247772,
    0.15055716037750244,
    0.15146513283252716,
    0.1519603729248047,
    0.15262071788311005,
    0.15303343534469604,
    0.15278580784797668,
    0.15270325541496277
  ],
  "loss": [
    1.169666051864624,
    1.1659914255142212,
    1.1676594018936157,
    1.1582890748977661,
    1.1542673110961914,
    1.1516598463058472,
    1.150095820426941,
    1.1478815078735352,
    1.1456801891326904,
    1.1436150074005127,
    1.144484519958496,
    1.1524243354797363,
    1.1421372890472412,
    1.1402817964553833
  ],
  "val_accuracy": [
    0.14710251986980438,
    0.14693742990493774,
    0.14693742990493774,
    0.14726762473583221,
    0.14743272960186005,
    0.14759781956672668,
    0.148093119263649,
    0.14842331409454346,
    0.1485884040594101,
    0.1485884040594101,
    0.148093119263649,
    0.1490837037563324,
    0.1490837037563324,
    0.1490837037563324
  ],
  "val_loss": [
    1.0957766771316528,
    2.427147388458252,
    1.1455782651901245,
    1.1224827766418457,
    1.0940234661102295,
    1.1189732551574707,
    1.1265603303909302,
    1.1201995611190796,
    1.089561939239502,
    1.117870569229126,
    1.1110912561416626,
    1.1321475505828857,
    1.1192994117736816,
    1.1324106454849243
  ],
  "learning_rate": [
    0.0005000000237487257,
    0.0005000000237487257,
    0.0005000000237487257,
    0.0005000000237487257,
    0.0002500000118743628,
    0.0002500000118743628,
    0.0002500000118743628,
    0.0002500000118743628,
    0.0001250000059371814,
    0.0001250000059371814,
    0.0001250000059371814,
    0.0001250000059371814,
    6.25000029685907e-05,
    6.25000029685907e-05
  ]
}