{
  "folds": [
    {
      "f1_macro": 0.08547992516908907,
      "recall_neg": 1.0,
      "precision_pos": 0.0,
      "confusion_matrix": [
        [
          1.0,
          0.0,
          0.0
        ],
        [
          1.0,
          0.0,
          0.0
        ],
        [
          1.0,
          0.0,
          0.0
        ]
      ],
      "fold": 1,
      "train_time_sec": 20.46687277199817,
      "epochs_ran": 6
    },
    {
      "f1_macro": 0.08850355816694161,
      "recall_neg": 1.0,
      "precision_pos": 1.0,
      "confusion_matrix": [
        [
          1.0,
          0.0,
          0.0
        ],
        [
          0.9973614775725593,
          0.002638522427440633,
          0.0
        ],
        [
          0.997958720798367,
          0.00022680880018144704,
          0.0018144704014515763
        ]
      ],
      "fold": 2,
      "train_time_sec": 44.35440166600165,
      "epochs_ran": 14
    },
    {
      "f1_macro": 0.3141079584838026,
      "recall_neg": 0.0550561797752809,
      "precision_pos": 0.7337586033238207,
      "confusion_matrix": [
        [
          0.0550561797752809,
          0.0,
          0.9449438202247191
        ],
        [
          0.017150395778364115,
          0.0,
          0.9828496042216359
        ],
        [
          0.008618734406894988,
          0.0,
          0.991381265593105
        ]
      ],
      "fold": 3,
      "train_time_sec": 22.599916922001285,
      "epochs_ran": 7
    }
  ],
  "mean_f1_macro": 0.16269714727327775,
  "mean_recall_neg": 0.6850187265917603,
  "mean_precision_pos": 0.5779195344412735,
  "mean_epochs_ran": 9.0
}