{
  "accuracy": [
    0.17317375540733337,
    0.1769706904888153,
    0.1941394954919815,
    0.1740817129611969,
    0.1642591804265976,
    0.20404456555843353
  ],
  "loss": [
    1.2729159593582153,
    1.2649892568588257,
    1.2507882118225098,
    1.2502244710922241,
    1.2440989017486572,
    1.2404290437698364
  ],
  "val_accuracy": [
    0.14776292443275452,
    0.14842331409454346,
    0.14776292443275452,
    0.14495624601840973,
    0.16608881950378418,
    0.26795443892478943
  ],
  "val_loss": [
    1.13462495803833,
    1.1825547218322754,
    1.2203402519226074,
    1.1413384675979614,
    1.1519349813461304,
    1.1462745666503906
  ],
  "learning_rate": [
    0.0005000000237487257,
    0.0005000000237487257,
    0.0005000000237487257,
    0.0005000000237487257,
    0.0002500000118743628,
    0.0002500000118743628
  ]
}