{
  "f1_macro": 0.08974744544205608,
  "recall_neg": 0.9831460674157303,
  "precision_pos": 0.6052631578947368,
  "confusion_matrix": [
    [
      0.9831460674157303,
      0.006741573033707865,
      0.010112359550561797
    ],
    [
      0.9894459102902374,
      0.002638522427440633,
      0.0079155672823219
    ],
    [
      0.9941029711952823,
      0.0006804264005443411,
      0.0052166024041732815
    ]
  ],
  "fold": 2,
  "train_time_sec": 29.109933665000426,
  "epochs_ran": 7
}