{
  "f1_macro": 0.0903002126159268,
  "recall_neg": 0.9842696629213483,
  "precision_pos": 0.6818181818181818,
  "confusion_matrix": [
    [
      0.9842696629213483,
      0.008988764044943821,
      0.006741573033707865
    ],
    [
      0.9934036939313984,
      0.005277044854881266,
      0.0013192612137203166
    ],
    [
      0.9936493535949195,
      0.0029485144023588114,
      0.0034021320027217057
    ]
  ],
  "fold": 3,
  "train_time_sec": 24.097745880997536,
  "epochs_ran": 6
}