{
  "accuracy": [
    0.1790490299463272,
    0.20026415586471558,
    0.20340102910995483,
    0.17979197204113007,
    0.1832590401172638,
    0.17508667707443237,
    0.18078257143497467
  ],
  "loss": [
    1.271641731262207,
    1.259653925895691,
    1.2659244537353516,
    1.26179039478302,
    1.2463473081588745,
    1.2449951171875,
    1.2409065961837769
  ],
  "val_accuracy": [
    0.1474083811044693,
    0.21508748829364777,
    0.14823374152183533,
    0.14905910193920135,
    0.14625288546085358,
    0.1474083811044693,
    0.1488940268754959
  ],
  "val_loss": [
    1.1900684833526611,
    1.1074748039245605,
    1.1882878541946411,
    1.1877182722091675,
    1.2476353645324707,
    1.2094402313232422,
    1.193787932395935
  ],
  "learning_rate": [
    0.0005000000237487257,
    0.0005000000237487257,
    0.0005000000237487257,
    0.0005000000237487257,
    0.0005000000237487257,
    0.0002500000118743628,
    0.0002500000118743628
  ]
}