{
  "f1_macro": 0.21621195534353868,
  "recall_neg": 0.47362514029180697,
  "precision_pos": 0.7405329593267882,
  "confusion_matrix": [
    [
      0.47362514029180697,
      0.42424242424242425,
      0.10213243546576879
    ],
    [
      0.4102902374670185,
      0.4656992084432718,
      0.12401055408970976
    ],
    [
      0.44772057155817646,
      0.4325243819460195,
      0.11975504649580404
    ]
  ],
  "fold": 1,
  "train_time_sec": 32.13651956600006,
  "epochs_ran": 7
}