{
  "accuracy": [
    0.15823359787464142,
    0.1880313605070114,
    0.16954189538955688,
    0.17730087041854858,
    0.20099051296710968,
    0.16846883296966553,
    0.18646305799484253
  ],
  "loss": [
    1.2700271606445312,
    1.2594050168991089,
    1.2536617517471313,
    1.250624179840088,
    1.2471927404403687,
    1.2404600381851196,
    1.2409870624542236
  ],
  "val_accuracy": [
    0.14710251986980438,
    0.1485884040594101,
    0.14743272960186005,
    0.14792801439762115,
    0.1485884040594101,
    0.1485884040594101,
    0.14776292443275452
  ],
  "val_loss": [
    1.1921939849853516,
    1.109715223312378,
    1.228246808052063,
    1.1285111904144287,
    1.1957513093948364,
    1.204094409942627,
    1.1706970930099487
  ],
  "learning_rate": [
    0.0005000000237487257,
    0.0005000000237487257,
    0.0005000000237487257,
    0.0005000000237487257,
    0.0005000000237487257,
    0.0002500000118743628,
    0.0002500000118743628
  ]
}