{
  "folds": [
    {
      "f1_macro": 0.21621195534353868,
      "recall_neg": 0.47362514029180697,
      "precision_pos": 0.7405329593267882,
      "confusion_matrix": [
        [
          0.47362514029180697,
          0.42424242424242425,
          0.10213243546576879
        ],
        [
          0.4102902374670185,
          0.4656992084432718,
          0.12401055408970976
        ],
        [
          0.44772057155817646,
          0.4325243819460195,
          0.11975504649580404
        ]
      ],
      "fold": 1,
      "train_time_sec": 32.13651956600006,
      "epochs_ran": 7
    },
    {
      "f1_macro": 0.08974744544205608,
      "recall_neg": 0.9831460674157303,
      "precision_pos": 0.6052631578947368,
      "confusion_matrix": [
        [
          0.9831460674157303,
          0.006741573033707865,
          0.010112359550561797
        ],
        [
          0.9894459102902374,
          0.002638522427440633,
          0.0079155672823219
        ],
        [
          0.9941029711952823,
          0.0006804264005443411,
          0.0052166024041732815
        ]
      ],
      "fold": 2,
      "train_time_sec": 29.109933665000426,
      "epochs_ran": 7
    },
    {
      "f1_macro": 0.0903002126159268,
      "recall_neg": 0.9842696629213483,
      "precision_pos": 0.6818181818181818,
      "confusion_matrix": [
        [
          0.9842696629213483,
          0.008988764044943821,
          0.006741573033707865
        ],
        [
          0.9934036939313984,
          0.005277044854881266,
          0.0013192612137203166
        ],
        [
          0.9936493535949195,
          0.0029485144023588114,
          0.0034021320027217057
        ]
      ],
      "fold": 3,
      "train_time_sec": 24.097745880997536,
      "epochs_ran": 6
    }
  ],
  "mean_f1_macro": 0.1320865378005072,
  "mean_recall_neg": 0.8136802902096285,
  "mean_precision_pos": 0.6758714330132355,
  "mean_epochs_ran": 6.666666666666667
}