{
  "accuracy": [
    0.33850598335266113,
    0.33850598335266113,
    0.3421378433704376,
    0.3339661657810211,
    0.35278579592704773
  ],
  "loss": [
    1.128340482711792,
    1.1273235082626343,
    1.1330997943878174,
    1.1412180662155151,
    1.1261048316955566
  ],
  "val_accuracy": [
    0.1827637404203415,
    0.41043421626091003,
    0.3547961115837097,
    0.46508172154426575,
    0.4003632068634033
  ],
  "val_loss": [
    1.135655164718628,
    1.1003905534744263,
    1.1060134172439575,
    1.0767791271209717,
    1.1017132997512817
  ]
}