{
  "accuracy": [
    0.32992157340049744,
    0.32546430826187134,
    0.3572430908679962,
    0.3412298858165741,
    0.3515476584434509
  ],
  "loss": [
    1.1232295036315918,
    1.1342371702194214,
    1.1378132104873657,
    1.131006121635437,
    1.1248753070831299
  ],
  "val_accuracy": [
    0.5359088778495789,
    0.3153376281261444,
    0.3698200285434723,
    0.3194650709629059,
    0.1852402240037918
  ],
  "val_loss": [
    1.0626795291900635,
    1.0899115800857544,
    1.0907528400421143,
    1.1500341892242432,
    1.118826150894165
  ]
}