{
  "f1_macro": 0.2846113058833029,
  "recall_neg": 0.043820224719101124,
  "precision_pos": 0.7441950464396285,
  "fold": 2,
  "train_time_sec": 22.3309969740003
}