{
  "f1_macro": 0.17810011493410083,
  "recall_neg": 0.15955056179775282,
  "precision_pos": 0.7749546279491834,
  "fold": 3,
  "train_time_sec": 21.24316184700001
}