{
  "accuracy": [
    0.32788509130477905,
    0.33878156542778015,
    0.32648175954818726,
    0.33985471725463867,
    0.3358097970485687
  ],
  "loss": [
    1.122109293937683,
    1.1358261108398438,
    1.1437757015228271,
    1.1442973613739014,
    1.1493078470230103
  ],
  "val_accuracy": [
    0.35820403695106506,
    0.16985803842544556,
    0.3142951428890228,
    0.3766919672489166,
    0.2726972699165344
  ],
  "val_loss": [
    1.1083813905715942,
    1.1051697731018066,
    1.0883723497390747,
    1.0784859657287598,
    1.0874049663543701
  ]
}