{
  "f1_macro": 0.2547970275725571,
  "recall_neg": 0.41301907968574636,
  "precision_pos": 0.7621283255086072,
  "fold": 1,
  "train_time_sec": 23.741662226999324
}