{
  "folds": [
    {
      "f1_macro": 0.2547970275725571,
      "recall_neg": 0.41301907968574636,
      "precision_pos": 0.7621283255086072,
      "fold": 1,
      "train_time_sec": 23.741662226999324
    },
    {
      "f1_macro": 0.2846113058833029,
      "recall_neg": 0.043820224719101124,
      "precision_pos": 0.7441950464396285,
      "fold": 2,
      "train_time_sec": 22.3309969740003
    },
    {
      "f1_macro": 0.17810011493410083,
      "recall_neg": 0.15955056179775282,
      "precision_pos": 0.7749546279491834,
      "fold": 3,
      "train_time_sec": 21.24316184700001
    }
  ],
  "mean_f1_macro": 0.23916948279665362,
  "mean_recall_neg": 0.20546328873420008,
  "mean_precision_pos": 0.7604259999658064
}