{
  "f1_macro": 0.7677194868229025,
  "recall_neg": 0.8226711560044894,
  "precision_pos": 0.9631077449303689,
  "confusion_matrix": [
    [
      0.8226711560044894,
      0.15937149270482603,
      0.017957351290684626
    ],
    [
      0.15303430079155672,
      0.6688654353562006,
      0.17810026385224276
    ],
    [
      0.00997958720798367,
      0.0959401224767521,
      0.8940802903152643
    ]
  ],
  "fold": 1,
  "train_time_sec": 24.62092063500313,
  "epochs_ran": 9
}