{
  "f1_macro": 0.7555479181767152,
  "recall_neg": 0.8617977528089887,
  "precision_pos": 0.9628799202790235,
  "confusion_matrix": [
    [
      0.8617977528089887,
      0.1258426966292135,
      0.012359550561797753
    ],
    [
      0.18865435356200527,
      0.6292875989445911,
      0.1820580474934037
    ],
    [
      0.009299160807439328,
      0.11408482649126786,
      0.8766160127012929
    ]
  ],
  "fold": 3,
  "train_time_sec": 28.728626579992124,
  "epochs_ran": 11
}