{
  "accuracy": [
    0.3971935510635376,
    0.7647544145584106,
    0.8297977447509766,
    0.8546429872512817,
    0.8789929747581482,
    0.8966570496559143,
    0.9104415774345398,
    0.9234833121299744,
    0.935286819934845,
    0.949566662311554,
    0.9544366598129272
  ],
  "loss": [
    1.1174423694610596,
    0.8103077411651611,
    0.6104276180267334,
    0.49285367131233215,
    0.4070720076560974,
    0.3328660726547241,
    0.29214799404144287,
    0.24247629940509796,
    0.20435772836208344,
    0.16809029877185822,
    0.14810264110565186
  ],
  "val_accuracy": [
    0.7980848550796509,
    0.8099719285964966,
    0.8322601914405823,
    0.8449727296829224,
    0.8444774746894836,
    0.8565296530723572,
    0.8568598031997681,
    0.8580155372619629,
    0.8604919910430908,
    0.8565296530723572,
    0.8745253682136536
  ],
  "val_loss": [
    0.7604645490646362,
    0.5267364978790283,
    0.4313317537307739,
    0.38716450333595276,
    0.3862036168575287,
    0.383660227060318,
    0.3855571448802948,
    0.3888300061225891,
    0.3848940134048462,
    0.42398715019226074,
    0.39739909768104553
  ],
  "learning_rate": [
    0.0005000000237487257,
    0.0005000000237487257,
    0.0005000000237487257,
    0.0005000000237487257,
    0.0005000000237487257,
    0.0005000000237487257,
    0.0005000000237487257,
    0.0005000000237487257,
    0.0005000000237487257,
    0.0002500000118743628,
    0.0002500000118743628
  ]
}