{
  "accuracy": [
    0.345852255821228,
    0.7224927544593811,
    0.796203076839447,
    0.8274865746498108,
    0.8480396270751953,
    0.8695831894874573,
    0.8964093923568726,
    0.9148988723754883,
    0.9233182072639465,
    0.9357820749282837,
    0.9480808973312378
  ],
  "loss": [
    1.1229225397109985,
    0.9068309664726257,
    0.6998562216758728,
    0.5544801354408264,
    0.4605075418949127,
    0.3797506093978882,
    0.3157457411289215,
    0.2581084668636322,
    0.23034894466400146,
    0.18376778066158295,
    0.15988999605178833
  ],
  "val_accuracy": [
    0.7602773904800415,
    0.7700181603431702,
    0.7901601195335388,
    0.8137692213058472,
    0.7992405295372009,
    0.8434868454933167,
    0.8486049175262451,
    0.8329206109046936,
    0.8411754965782166,
    0.8644543290138245,
    0.8512464761734009
  ],
  "val_loss": [
    0.7603462338447571,
    0.6266478300094604,
    0.5386832356452942,
    0.4529229402542114,
    0.4631332755088806,
    0.3925166428089142,
    0.4009481966495514,
    0.46038365364074707,
    0.4168930649757385,
    0.3972339630126953,
    0.43616142868995667
  ],
  "learning_rate": [
    0.0005000000237487257,
    0.0005000000237487257,
    0.0005000000237487257,
    0.0005000000237487257,
    0.0005000000237487257,
    0.0005000000237487257,
    0.0005000000237487257,
    0.0005000000237487257,
    0.0005000000237487257,
    0.0002500000118743628,
    0.0002500000118743628
  ]
}