{
  "f1_macro": 0.778184395915944,
  "recall_neg": 0.8303370786516854,
  "precision_pos": 0.9671036359139253,
  "confusion_matrix": [
    [
      0.8303370786516854,
      0.15617977528089888,
      0.01348314606741573
    ],
    [
      0.12928759894459102,
      0.7110817941952506,
      0.15963060686015831
    ],
    [
      0.0040825584032660464,
      0.10909503288727602,
      0.8868224087094579
    ]
  ],
  "fold": 2,
  "train_time_sec": 28.763650332999532,
  "epochs_ran": 11
}