{
  "accuracy": [
    0.3632161021232605,
    0.7954432964324951,
    0.8239227533340454,
    0.846293568611145,
    0.8829453587532043,
    0.8966485261917114,
    0.9142314791679382,
    0.9299157857894897,
    0.9375928640365601
  ],
  "loss": [
    1.113468885421753,
    0.7666763067245483,
    0.5395588278770447,
    0.45571663975715637,
    0.3434809148311615,
    0.2813774049282074,
    0.24577808380126953,
    0.1953914612531662,
    0.1716347336769104
  ],
  "val_accuracy": [
    0.807692289352417,
    0.8289864659309387,
    0.7291185259819031,
    0.8553978204727173,
    0.8293166160583496,
    0.8547375202178955,
    0.8374050855636597,
    0.8567183613777161,
    0.8628259897232056
  ],
  "val_loss": [
    0.8023273348808289,
    0.4735095202922821,
    0.6280894875526428,
    0.37059152126312256,
    0.4334757626056671,
    0.38954898715019226,
    0.42847779393196106,
    0.4108751714229584,
    0.4108467996120453
  ],
  "learning_rate": [
    0.0005000000237487257,
    0.0005000000237487257,
    0.0005000000237487257,
    0.0005000000237487257,
    0.0005000000237487257,
    0.0005000000237487257,
    0.0005000000237487257,
    0.0002500000118743628,
    0.0002500000118743628
  ]
}