{
  "folds": [
    {
      "f1_macro": 0.7677194868229025,
      "recall_neg": 0.8226711560044894,
      "precision_pos": 0.9631077449303689,
      "confusion_matrix": [
        [
          0.8226711560044894,
          0.15937149270482603,
          0.017957351290684626
        ],
        [
          0.15303430079155672,
          0.6688654353562006,
          0.17810026385224276
        ],
        [
          0.00997958720798367,
          0.0959401224767521,
          0.8940802903152643
        ]
      ],
      "fold": 1,
      "train_time_sec": 24.62092063500313,
      "epochs_ran": 9
    },
    {
      "f1_macro": 0.778184395915944,
      "recall_neg": 0.8303370786516854,
      "precision_pos": 0.9671036359139253,
      "confusion_matrix": [
        [
          0.8303370786516854,
          0.15617977528089888,
          0.01348314606741573
        ],
        [
          0.12928759894459102,
          0.7110817941952506,
          0.15963060686015831
        ],
        [
          0.0040825584032660464,
          0.10909503288727602,
          0.8868224087094579
        ]
      ],
      "fold": 2,
      "train_time_sec": 28.763650332999532,
      "epochs_ran": 11
    },
    {
      "f1_macro": 0.7555479181767152,
      "recall_neg": 0.8617977528089887,
      "precision_pos": 0.9628799202790235,
      "confusion_matrix": [
        [
          0.8617977528089887,
          0.1258426966292135,
          0.012359550561797753
        ],
        [
          0.18865435356200527,
          0.6292875989445911,
          0.1820580474934037
        ],
        [
          0.009299160807439328,
          0.11408482649126786,
          0.8766160127012929
        ]
      ],
      "fold": 3,
      "train_time_sec": 28.728626579992124,
      "epochs_ran": 11
    }
  ],
  "mean_f1_macro": 0.7671506003051872,
  "mean_recall_neg": 0.8382686624883878,
  "mean_precision_pos": 0.9643637670411058,
  "mean_epochs_ran": 10.333333333333334
}