{
  "f1_macro": 0.7759372282703249,
  "recall_neg": 0.8101123595505618,
  "precision_pos": 0.9591202486253885,
  "confusion_matrix": [
    [
      0.8101123595505618,
      0.16404494382022472,
      0.025842696629213482
    ],
    [
      0.13984168865435356,
      0.6649076517150396,
      0.19525065963060687
    ],
    [
      0.005897028804717623,
      0.08414606486731685,
      0.9099569063279656
    ]
  ],
  "fold": 3,
  "train_time_sec": 28.99531264300458,
  "epochs_ran": 12
}