{
  "accuracy": [
    0.2881551682949066,
    0.686339259147644,
    0.8207181096076965,
    0.8514238595962524,
    0.8869170546531677,
    0.9138258099555969,
    0.9284358024597168,
    0.9447792172431946,
    0.9517127275466919,
    0.9538588523864746,
    0.9699546098709106,
    0.9751547574996948
  ],
  "loss": [
    1.1478112936019897,
    0.8644154071807861,
    0.6113933324813843,
    0.490013062953949,
    0.38460564613342285,
    0.2776734232902527,
    0.22030693292617798,
    0.16947758197784424,
    0.14746366441249847,
    0.13799002766609192,
    0.09909236431121826,
    0.08548006415367126
  ],
  "val_accuracy": [
    0.4545154273509979,
    0.7881789803504944,
    0.7710087299346924,
    0.8020471930503845,
    0.8433218002319336,
    0.8528974652290344,
    0.8646194338798523,
    0.8415057063102722,
    0.8344064950942993,
    0.8654449582099915,
    0.8613174557685852,
    0.8608222007751465
  ],
  "val_loss": [
    1.063307762145996,
    0.6144284605979919,
    0.5878801345825195,
    0.5201380848884583,
    0.4296394884586334,
    0.4032723903656006,
    0.3907357156276703,
    0.46541014313697815,
    0.5019527077674866,
    0.4495750665664673,
    0.4674469232559204,
    0.4714999496936798
  ],
  "learning_rate": [
    0.0005000000237487257,
    0.0005000000237487257,
    0.0005000000237487257,
    0.0005000000237487257,
    0.0005000000237487257,
    0.0005000000237487257,
    0.0005000000237487257,
    0.0005000000237487257,
    0.0005000000237487257,
    0.0005000000237487257,
    0.0002500000118743628,
    0.0002500000118743628
  ]
}