{
  "f1_macro": 0.7794524738470975,
  "recall_neg": 0.7966292134831461,
  "precision_pos": 0.9531360946745562,
  "confusion_matrix": [
    [
      0.7966292134831461,
      0.17415730337078653,
      0.029213483146067417
    ],
    [
      0.10422163588390501,
      0.6688654353562006,
      0.22691292875989447
    ],
    [
      0.0027217056021773644,
      0.0839192560671354,
      0.9133590383306872
    ]
  ],
  "fold": 2,
  "train_time_sec": 26.873267709001084,
  "epochs_ran": 11
}