{
  "accuracy": [
    0.2911507487297058,
    0.7039788961410522,
    0.8192174434661865,
    0.8560343384742737,
    0.8813769221305847,
    0.907710075378418,
    0.9269440174102783,
    0.9392438530921936,
    0.9494799375534058,
    0.95839524269104,
    0.96879643201828
  ],
  "loss": [
    1.1458042860031128,
    0.8566970825195312,
    0.6092759370803833,
    0.48124179244041443,
    0.37700456380844116,
    0.2891620695590973,
    0.22657595574855804,
    0.17971138656139374,
    0.1522660106420517,
    0.11947395652532578,
    0.10077881067991257
  ],
  "val_accuracy": [
    0.5108946561813354,
    0.803400456905365,
    0.8213931918144226,
    0.7916803956031799,
    0.8256850242614746,
    0.8583691120147705,
    0.8403763771057129,
    0.8682733774185181,
    0.8661274313926697,
    0.873555600643158,
    0.8648068904876709
  ],
  "val_loss": [
    1.040632724761963,
    0.5764771699905396,
    0.4922964870929718,
    0.522178053855896,
    0.4541652500629425,
    0.3985085189342499,
    0.44345876574516296,
    0.41814541816711426,
    0.4511848986148834,
    0.44064557552337646,
    0.4674963653087616
  ],
  "learning_rate": [
    0.0005000000237487257,
    0.0005000000237487257,
    0.0005000000237487257,
    0.0005000000237487257,
    0.0005000000237487257,
    0.0005000000237487257,
    0.0005000000237487257,
    0.0005000000237487257,
    0.0005000000237487257,
    0.0002500000118743628,
    0.0002500000118743628
  ]
}