{
  "f1_macro": 0.7673067095757412,
  "recall_neg": 0.7586980920314254,
  "precision_pos": 0.9538534728829686,
  "confusion_matrix": [
    [
      0.7586980920314254,
      0.2132435465768799,
      0.028058361391694726
    ],
    [
      0.09894459102902374,
      0.6781002638522428,
      0.22295514511873352
    ],
    [
      0.005897028804717623,
      0.08459968246767975,
      0.9095032887276027
    ]
  ],
  "fold": 1,
  "train_time_sec": 28.02145104399824,
  "epochs_ran": 11
}