{
  "accuracy": [
    0.32108956575393677,
    0.7493190169334412,
    0.8392075896263123,
    0.8733801245689392,
    0.8978126049041748,
    0.9139083623886108,
    0.9291787147521973,
    0.9488237500190735,
    0.9541064500808716,
    0.9628559350967407,
    0.9716879725456238
  ],
  "loss": [
    1.1456166505813599,
    0.8163390159606934,
    0.5899391770362854,
    0.46473976969718933,
    0.3418450653553009,
    0.2636222243309021,
    0.20839950442314148,
    0.15538747608661652,
    0.1301209032535553,
    0.11128582805395126,
    0.08485536277294159
  ],
  "val_accuracy": [
    0.5233613848686218,
    0.8126134872436523,
    0.7957735061645508,
    0.8484398126602173,
    0.8144295811653137,
    0.8656100630760193,
    0.8712233901023865,
    0.8799735903739929,
    0.8727092742919922,
    0.876506507396698,
    0.8730394840240479
  ],
  "val_loss": [
    1.0249520540237427,
    0.5462667346000671,
    0.5697486400604248,
    0.40875163674354553,
    0.45927155017852783,
    0.3723636567592621,
    0.3885191082954407,
    0.38119569420814514,
    0.40703752636909485,
    0.42377251386642456,
    0.4415895938873291
  ],
  "learning_rate": [
    0.0005000000237487257,
    0.0005000000237487257,
    0.0005000000237487257,
    0.0005000000237487257,
    0.0005000000237487257,
    0.0005000000237487257,
    0.0005000000237487257,
    0.0005000000237487257,
    0.0005000000237487257,
    0.0002500000118743628,
    0.0002500000118743628
  ]
}