{
  "folds": [
    {
      "f1_macro": 0.7673067095757412,
      "recall_neg": 0.7586980920314254,
      "precision_pos": 0.9538534728829686,
      "confusion_matrix": [
        [
          0.7586980920314254,
          0.2132435465768799,
          0.028058361391694726
        ],
        [
          0.09894459102902374,
          0.6781002638522428,
          0.22295514511873352
        ],
        [
          0.005897028804717623,
          0.08459968246767975,
          0.9095032887276027
        ]
      ],
      "fold": 1,
      "train_time_sec": 28.02145104399824,
      "epochs_ran": 11
    },
    {
      "f1_macro": 0.7794524738470975,
      "recall_neg": 0.7966292134831461,
      "precision_pos": 0.9531360946745562,
      "confusion_matrix": [
        [
          0.7966292134831461,
          0.17415730337078653,
          0.029213483146067417
        ],
        [
          0.10422163588390501,
          0.6688654353562006,
          0.22691292875989447
        ],
        [
          0.0027217056021773644,
          0.0839192560671354,
          0.9133590383306872
        ]
      ],
      "fold": 2,
      "train_time_sec": 26.873267709001084,
      "epochs_ran": 11
    },
    {
      "f1_macro": 0.7759372282703249,
      "recall_neg": 0.8101123595505618,
      "precision_pos": 0.9591202486253885,
      "confusion_matrix": [
        [
          0.8101123595505618,
          0.16404494382022472,
          0.025842696629213482
        ],
        [
          0.13984168865435356,
          0.6649076517150396,
          0.19525065963060687
        ],
        [
          0.005897028804717623,
          0.08414606486731685,
          0.9099569063279656
        ]
      ],
      "fold": 3,
      "train_time_sec": 28.99531264300458,
      "epochs_ran": 12
    }
  ],
  "mean_f1_macro": 0.7742321372310546,
  "mean_recall_neg": 0.7884798883550445,
  "mean_precision_pos": 0.9553699387276376,
  "mean_epochs_ran": 11.333333333333334
}