{
  "accuracy": [
    0.3248307704925537,
    0.35925376415252686,
    0.338946670293808,
    0.33308568596839905,
    0.32119861245155334
  ],
  "loss": [
    1.1341526508331299,
    1.1396267414093018,
    1.1437870264053345,
    1.1454424858093262,
    1.1671234369277954
  ],
  "val_accuracy": [
    0.37206998467445374,
    0.41201716661453247,
    0.2687355577945709,
    0.45889732241630554,
    0.7202047109603882
  ],
  "val_loss": [
    1.079795002937317,
    1.0852584838867188,
    1.1008765697479248,
    1.057530403137207,
    1.0482380390167236
  ]
}