{
  "f1_macro": 0.16338992356374418,
  "recall_neg": 0.0033707865168539327,
  "precision_pos": 0.7922535211267606,
  "fold": 2,
  "train_time_sec": 21.9722661099986
}