{
  "accuracy": [
    0.3588939309120178,
    0.3718530833721161,
    0.33239784836769104,
    0.32463887333869934,
    0.33693766593933105
  ],
  "loss": [
    1.1095759868621826,
    1.0982071161270142,
    1.1431978940963745,
    1.1606758832931519,
    1.136328101158142
  ],
  "val_accuracy": [
    0.7300643920898438,
    0.42611855268478394,
    0.3348192274570465,
    0.38335809111595154,
    0.13835231959819794
  ],
  "val_loss": [
    1.0488003492355347,
    1.0720239877700806,
    1.0833091735839844,
    1.1067403554916382,
    1.090909481048584
  ]
}