{
  "f1_macro": 0.2973511111781695,
  "recall_neg": 0.013468013468013467,
  "precision_pos": 0.7331081081081081,
  "fold": 1,
  "train_time_sec": 24.780682147000334
}