{
  "f1_macro": 0.14545612937555805,
  "recall_neg": 0.4370786516853933,
  "precision_pos": 0.7142857142857143,
  "fold": 3,
  "train_time_sec": 20.937148535002052
}