{
  "accuracy": [
    0.32827073335647583,
    0.33735039830207825,
    0.34147751331329346,
    0.34808090329170227,
    0.33371853828430176
  ],
  "loss": [
    1.1190956830978394,
    1.1591242551803589,
    1.1572515964508057,
    1.1404962539672852,
    1.1382111310958862
  ],
  "val_accuracy": [
    0.13983820378780365,
    0.12828132510185242,
    0.14446096122264862,
    0.1305927038192749,
    0.22354300320148468
  ],
  "val_loss": [
    1.1290568113327026,
    1.1825200319290161,
    1.0972024202346802,
    1.0998948812484741,
    1.086658000946045
  ]
}