{
  "folds": [
    {
      "f1_macro": 0.2973511111781695,
      "recall_neg": 0.013468013468013467,
      "precision_pos": 0.7331081081081081,
      "fold": 1,
      "train_time_sec": 24.780682147000334
    },
    {
      "f1_macro": 0.16338992356374418,
      "recall_neg": 0.0033707865168539327,
      "precision_pos": 0.7922535211267606,
      "fold": 2,
      "train_time_sec": 21.9722661099986
    },
    {
      "f1_macro": 0.14545612937555805,
      "recall_neg": 0.4370786516853933,
      "precision_pos": 0.7142857142857143,
      "fold": 3,
      "train_time_sec": 20.937148535002052
    }
  ],
  "mean_f1_macro": 0.20206572137249057,
  "mean_recall_neg": 0.15130581722342024,
  "mean_precision_pos": 0.7465491145068611
}