{
  "accuracy": [
    0.3139083683490753,
    0.33908379077911377,
    0.32637226581573486,
    0.32133719325065613,
    0.34395378828048706
  ],
  "loss": [
    1.128321647644043,
    1.1518161296844482,
    1.1606577634811401,
    1.1520472764968872,
    1.1296658515930176
  ],
  "val_accuracy": [
    0.42760443687438965,
    0.2450057715177536,
    0.20736338198184967,
    0.13141819834709167,
    0.2885917127132416
  ],
  "val_loss": [
    1.0811481475830078,
    1.1159921884536743,
    1.1547569036483765,
    1.0739258527755737,
    1.1328988075256348
  ]
}