{
  "accuracy": [
    0.34447747468948364,
    0.35058608651161194,
    0.33300313353538513,
    0.3765890598297119,
    0.3490176796913147
  ],
  "loss": [
    1.110949993133545,
    1.1206086874008179,
    1.1313440799713135,
    1.1025041341781616,
    1.1193461418151855
  ],
  "val_accuracy": [
    0.14790359139442444,
    0.13040608167648315,
    0.7319247126579285,
    0.13189171254634857,
    0.31792670488357544
  ],
  "val_loss": [
    1.1384364366531372,
    1.1110507249832153,
    1.0331007242202759,
    1.0787094831466675,
    1.1650981903076172
  ]
}