{
  "f1_macro": 0.2536267538106318,
  "recall_neg": 0.09876543209876543,
  "precision_pos": 0.6963249516441006,
  "fold": 1,
  "train_time_sec": 24.322471129002224
}