{
  "accuracy": [
    0.3456871509552002,
    0.3273627758026123,
    0.3110193908214569,
    0.33413124084472656,
    0.31894347071647644
  ],
  "loss": [
    1.1237987279891968,
    1.128192663192749,
    1.1566203832626343,
    1.156767725944519,
    1.152712345123291
  ],
  "val_accuracy": [
    0.29222387075424194,
    0.21875515580177307,
    0.40680205821990967,
    0.371305912733078,
    0.33118706941604614
  ],
  "val_loss": [
    1.1244748830795288,
    1.1203134059906006,
    1.0891121625900269,
    1.0798410177230835,
    1.0996637344360352
  ]
}