{
  "f1_macro": 0.27447494688744595,
  "recall_neg": 0.3112359550561798,
  "precision_pos": 0.7179856115107913,
  "fold": 3,
  "train_time_sec": 20.526233054999466
}