{
  "f1_macro": 0.23561738519211092,
  "recall_neg": 0.07528089887640449,
  "precision_pos": 0.7582345191040843,
  "fold": 2,
  "train_time_sec": 22.246217734998936
}