{
  "folds": [
    {
      "f1_macro": 0.2536267538106318,
      "recall_neg": 0.09876543209876543,
      "precision_pos": 0.6963249516441006,
      "fold": 1,
      "train_time_sec": 24.322471129002224
    },
    {
      "f1_macro": 0.23561738519211092,
      "recall_neg": 0.07528089887640449,
      "precision_pos": 0.7582345191040843,
      "fold": 2,
      "train_time_sec": 22.246217734998936
    },
    {
      "f1_macro": 0.27447494688744595,
      "recall_neg": 0.3112359550561798,
      "precision_pos": 0.7179856115107913,
      "fold": 3,
      "train_time_sec": 20.526233054999466
    }
  ],
  "mean_f1_macro": 0.2545730286300629,
  "mean_recall_neg": 0.1617607620104499,
  "mean_precision_pos": 0.7241816940863255
}