{
  "accuracy": [
    0.20488691329956055,
    0.1471850723028183,
    0.265560507774353,
    0.2046392560005188,
    0.21215122938156128,
    0.14834076166152954,
    0.1495790034532547,
    0.1994386613368988
  ],
  "loss": [
    1.1696969270706177,
    1.1674121618270874,
    1.1580784320831299,
    1.1622073650360107,
    1.1618809700012207,
    1.1508166790008545,
    1.1478990316390991,
    1.1474288702011108
  ],
  "val_accuracy": [
    0.1474083811044693,
    0.1470782458782196,
    0.1474083811044693,
    0.14839881658554077,
    0.1477385312318802,
    0.14823374152183533,
    0.14823374152183533,
    0.14872895181179047
  ],
  "val_loss": [
    1.1055668592453003,
    1.110859751701355,
    1.100879192352295,
    1.1760307550430298,
    1.1514325141906738,
    1.1403613090515137,
    1.1137135028839111,
    1.1229469776153564
  ],
  "learning_rate": [
    0.0005000000237487257,
    0.0005000000237487257,
    0.0005000000237487257,
    0.0005000000237487257,
    0.0005000000237487257,
    0.0005000000237487257,
    0.0002500000118743628,
    0.0002500000118743628
  ]
}