{
  "accuracy": [
    0.1466776728630066,
    0.26413536071777344,
    0.15237309038639069,
    0.14775072038173676,
    0.1487412303686142,
    0.14989681541919708,
    0.15113495290279388
  ],
  "loss": [
    1.1696633100509644,
    1.1700258255004883,
    1.160725474357605,
    1.156324863433838,
    1.1526741981506348,
    1.1488102674484253,
    1.1438261270523071
  ],
  "val_accuracy": [
    0.14693742990493774,
    0.7315502762794495,
    0.14710251986980438,
    0.14743272960186005,
    0.14792801439762115,
    0.14842331409454346,
    0.14825820922851562
  ],
  "val_loss": [
    1.1471449136734009,
    1.091073751449585,
    1.127854824066162,
    1.1231743097305298,
    1.0955970287322998,
    1.1353895664215088,
    1.3404439687728882
  ],
  "learning_rate": [
    0.0005000000237487257,
    0.0005000000237487257,
    0.0005000000237487257,
    0.0005000000237487257,
    0.0005000000237487257,
    0.0002500000118743628,
    0.0002500000118743628
  ]
}