{
  "f1_macro": 0.31536805112386146,
  "recall_neg": 0.05730337078651685,
  "precision_pos": 0.7339603627813235,
  "confusion_matrix": [
    [
      0.05730337078651685,
      0.0,
      0.9426966292134832
    ],
    [
      0.017150395778364115,
      0.0,
      0.9828496042216359
    ],
    [
      0.008845543207076435,
      0.0,
      0.9911544567929236
    ]
  ],
  "fold": 3,
  "train_time_sec": 22.341564425005345,
  "epochs_ran": 7
}