{
  "f1_macro": 0.3172696847769947,
  "recall_neg": 0.05955056179775281,
  "precision_pos": 0.7346870280248364,
  "confusion_matrix": [
    [
      0.05955056179775281,
      0.0,
      0.9404494382022472
    ],
    [
      0.018469656992084433,
      0.0,
      0.9815303430079155
    ],
    [
      0.007031072805624858,
      0.0,
      0.9929689271943751
    ]
  ],
  "fold": 2,
  "train_time_sec": 22.75479867499962,
  "epochs_ran": 7
}