{
  "accuracy": [
    0.1659100353717804,
    0.16401155292987823,
    0.29649195075035095,
    0.1471729278564453,
    0.1479158103466034,
    0.14857614040374756,
    0.14964918792247772
  ],
  "loss": [
    1.169920802116394,
    1.1657472848892212,
    1.1634107828140259,
    1.1559351682662964,
    1.1523523330688477,
    1.1494958400726318,
    1.1482665538787842
  ],
  "val_accuracy": [
    0.14693742990493774,
    0.7298992872238159,
    0.14693742990493774,
    0.14743272960186005,
    0.14776292443275452,
    0.14842331409454346,
    0.14891861379146576
  ],
  "val_loss": [
    1.1470561027526855,
    1.0205756425857544,
    1.1489183902740479,
    1.1081221103668213,
    1.1238653659820557,
    1.1147934198379517,
    1.140708327293396
  ],
  "learning_rate": [
    0.0005000000237487257,
    0.0005000000237487257,
    0.0005000000237487257,
    0.0005000000237487257,
    0.0005000000237487257,
    0.0002500000118743628,
    0.0002500000118743628
  ]
}