{
  "folds": [
    {
      "f1_macro": 0.08580680894785513,
      "recall_neg": 1.0,
      "precision_pos": 1.0,
      "confusion_matrix": [
        [
          1.0,
          0.0,
          0.0
        ],
        [
          1.0,
          0.0,
          0.0
        ],
        [
          0.9995463823996371,
          0.0,
          0.0004536176003628941
        ]
      ],
      "fold": 1,
      "train_time_sec": 27.816177525004605,
      "epochs_ran": 8
    },
    {
      "f1_macro": 0.3172696847769947,
      "recall_neg": 0.05955056179775281,
      "precision_pos": 0.7346870280248364,
      "confusion_matrix": [
        [
          0.05955056179775281,
          0.0,
          0.9404494382022472
        ],
        [
          0.018469656992084433,
          0.0,
          0.9815303430079155
        ],
        [
          0.007031072805624858,
          0.0,
          0.9929689271943751
        ]
      ],
      "fold": 2,
      "train_time_sec": 22.75479867499962,
      "epochs_ran": 7
    },
    {
      "f1_macro": 0.31536805112386146,
      "recall_neg": 0.05730337078651685,
      "precision_pos": 0.7339603627813235,
      "confusion_matrix": [
        [
          0.05730337078651685,
          0.0,
          0.9426966292134832
        ],
        [
          0.017150395778364115,
          0.0,
          0.9828496042216359
        ],
        [
          0.008845543207076435,
          0.0,
          0.9911544567929236
        ]
      ],
      "fold": 3,
      "train_time_sec": 22.341564425005345,
      "epochs_ran": 7
    }
  ],
  "mean_f1_macro": 0.23948151494957046,
  "mean_recall_neg": 0.37228464419475654,
  "mean_precision_pos": 0.8228824636020532,
  "mean_epochs_ran": 7.333333333333333
}