{
  "f1_macro": 0.31344012457667114,
  "recall_neg": 0.05393258426966292,
  "precision_pos": 0.7336354481369587,
  "confusion_matrix": [
    [
      0.05393258426966292,
      0.0,
      0.946067415730337
    ],
    [
      0.017150395778364115,
      0.0,
      0.9828496042216359
    ],
    [
      0.008618734406894988,
      0.0,
      0.991381265593105
    ]
  ],
  "fold": 3,
  "train_time_sec": 14.673344504990382,
  "epochs_ran": 8
}