{
  "f1_macro": 0.31272592030551155,
  "recall_neg": 0.051685393258426963,
  "precision_pos": 0.7336683417085427,
  "confusion_matrix": [
    [
      0.051685393258426963,
      0.0,
      0.9483146067415731
    ],
    [
      0.0158311345646438,
      0.0,
      0.9841688654353562
    ],
    [
      0.006577455205261964,
      0.0,
      0.993422544794738
    ]
  ],
  "fold": 2,
  "train_time_sec": 14.646378315999755,
  "epochs_ran": 8
}