{
  "accuracy": [
    0.15742117166519165,
    0.14726762473583221,
    0.29271915555000305,
    0.14446096122264862,
    0.14726762473583221,
    0.14635957777500153,
    0.14545154571533203,
    0.17384843528270721,
    0.15915469825267792,
    0.14446096122264862,
    0.15015684068202972,
    0.18581806123256683,
    0.1523856669664383,
    0.15189038217067719,
    0.15189038217067719,
    0.15205547213554382
  ],
  "loss": [
    1.169976830482483,
    1.1672711372375488,
    1.1910086870193481,
    1.1640979051589966,
    1.162349820137024,
    1.1594533920288086,
    1.1569467782974243,
    1.1542704105377197,
    1.1532796621322632,
    1.1516892910003662,
    1.1480975151062012,
    1.1480767726898193,
    1.146150827407837,
    1.145215392112732,
    1.144963026046753,
    1.1449506282806396
  ],
  "val_accuracy": [
    0.1470782458782196,
    0.1470782458782196,
    0.1470782458782196,
    0.1470782458782196,
    0.1470782458782196,
    0.1470782458782196,
    0.1470782458782196,
    0.7306041717529297,
    0.1477385312318802,
    0.14856387674808502,
    0.7322548627853394,
    0.13189171254634857,
    0.1488940268754959,
    0.14938923716545105,
    0.14938923716545105,
    0.14905910193920135
  ],
  "val_loss": [
    1.1259033679962158,
    1.1302093267440796,
    1.1235291957855225,
    1.1327180862426758,
    1.1341851949691772,
    1.1185284852981567,
    1.1132328510284424,
    1.089135766029358,
    1.1358191967010498,
    1.125006914138794,
    1.0626929998397827,
    1.1014362573623657,
    1.131605625152588,
    1.1533606052398682,
    1.134253978729248,
    1.0964500904083252
  ],
  "learning_rate": [
    0.0005000000237487257,
    0.0005000000237487257,
    0.0005000000237487257,
    0.0005000000237487257,
    0.0005000000237487257,
    0.0005000000237487257,
    0.0005000000237487257,
    0.0005000000237487257,
    0.0005000000237487257,
    0.0005000000237487257,
    0.0005000000237487257,
    0.0005000000237487257,
    0.0005000000237487257,
    0.0005000000237487257,
    0.0002500000118743628,
    0.0002500000118743628
  ]
}