{
  "accuracy": [
    0.15749071538448334,
    0.1471729278564453,
    0.286504328250885,
    0.24424266815185547,
    0.14271564781665802,
    0.14766818284988403,
    0.14816343784332275,
    0.1487412303686142
  ],
  "loss": [
    1.1699533462524414,
    1.1685481071472168,
    1.1706031560897827,
    1.1701215505599976,
    1.1633505821228027,
    1.1581218242645264,
    1.1540833711624146,
    1.152235984802246
  ],
  "val_accuracy": [
    0.14710251986980438,
    0.14710251986980438,
    0.7307247519493103,
    0.14710251986980438,
    0.14710251986980438,
    0.14726762473583221,
    0.14743272960186005,
    0.14743272960186005
  ],
  "val_loss": [
    1.135610818862915,
    1.139449119567871,
    0.9776241779327393,
    1.130482792854309,
    1.143640160560608,
    1.1201914548873901,
    1.1122788190841675,
    1.1277261972427368
  ],
  "learning_rate": [
    0.0005000000237487257,
    0.0005000000237487257,
    0.0005000000237487257,
    0.0005000000237487257,
    0.0005000000237487257,
    0.0005000000237487257,
    0.0002500000118743628,
    0.0002500000118743628
  ]
}