{
  "accuracy": [
    0.15881139039993286,
    0.14700783789157867,
    0.23887743055820465,
    0.2067684680223465,
    0.1470903903245926,
    0.14494428038597107,
    0.14849360287189484,
    0.14890632033348083
  ],
  "loss": [
    1.1701620817184448,
    1.1679574251174927,
    1.165268898010254,
    1.1629258394241333,
    1.1566106081008911,
    1.1517534255981445,
    1.1484647989273071,
    1.1465888023376465
  ],
  "val_accuracy": [
    0.14693742990493774,
    0.14693742990493774,
    0.7295690774917603,
    0.14693742990493774,
    0.14710251986980438,
    0.14759781956672668,
    0.14776292443275452,
    0.1485884040594101
  ],
  "val_loss": [
    1.1077625751495361,
    1.1314120292663574,
    1.0191346406936646,
    1.0866589546203613,
    1.1246293783187866,
    1.125166654586792,
    1.129557728767395,
    1.1153055429458618
  ],
  "learning_rate": [
    0.0005000000237487257,
    0.0005000000237487257,
    0.0005000000237487257,
    0.0005000000237487257,
    0.0005000000237487257,
    0.0005000000237487257,
    0.0002500000118743628,
    0.0002500000118743628
  ]
}