{
  "f1_macro": 0.3181386453954739,
  "recall_neg": 0.052749719416386086,
  "precision_pos": 0.734215374309161,
  "confusion_matrix": [
    [
      0.052749719416386086,
      0.0,
      0.9472502805836139
    ],
    [
      0.013192612137203167,
      0.006596306068601583,
      0.9802110817941952
    ],
    [
      0.005670220004536176,
      0.0,
      0.9943297799954638
    ]
  ],
  "fold": 1,
  "train_time_sec": 31.411057609002455,
  "epochs_ran": 16
}