{
  "folds": [
    {
      "f1_macro": 0.3181386453954739,
      "recall_neg": 0.052749719416386086,
      "precision_pos": 0.734215374309161,
      "confusion_matrix": [
        [
          0.052749719416386086,
          0.0,
          0.9472502805836139
        ],
        [
          0.013192612137203167,
          0.006596306068601583,
          0.9802110817941952
        ],
        [
          0.005670220004536176,
          0.0,
          0.9943297799954638
        ]
      ],
      "fold": 1,
      "train_time_sec": 31.411057609002455,
      "epochs_ran": 16
    },
    {
      "f1_macro": 0.31272592030551155,
      "recall_neg": 0.051685393258426963,
      "precision_pos": 0.7336683417085427,
      "confusion_matrix": [
        [
          0.051685393258426963,
          0.0,
          0.9483146067415731
        ],
        [
          0.0158311345646438,
          0.0,
          0.9841688654353562
        ],
        [
          0.006577455205261964,
          0.0,
          0.993422544794738
        ]
      ],
      "fold": 2,
      "train_time_sec": 14.646378315999755,
      "epochs_ran": 8
    },
    {
      "f1_macro": 0.31344012457667114,
      "recall_neg": 0.05393258426966292,
      "precision_pos": 0.7336354481369587,
      "confusion_matrix": [
        [
          0.05393258426966292,
          0.0,
          0.946067415730337
        ],
        [
          0.017150395778364115,
          0.0,
          0.9828496042216359
        ],
        [
          0.008618734406894988,
          0.0,
          0.991381265593105
        ]
      ],
      "fold": 3,
      "train_time_sec": 14.673344504990382,
      "epochs_ran": 8
    }
  ],
  "mean_f1_macro": 0.3147682300925522,
  "mean_recall_neg": 0.052789232314825324,
  "mean_precision_pos": 0.7338397213848875,
  "mean_epochs_ran": 10.666666666666666
}