{
  "accuracy": [
    0.3505571484565735,
    0.7938093543052673,
    0.8419314622879028,
    0.8888155221939087,
    0.9140734672546387,
    0.936937689781189,
    0.9546842575073242,
    0.9673132300376892,
    0.9673957824707031,
    0.9760627150535583,
    0.9865456223487854,
    0.9900124073028564
  ],
  "loss": [
    1.113829255104065,
    0.7871811985969543,
    0.5354315042495728,
    0.3668471872806549,
    0.2649169862270355,
    0.1897984892129898,
    0.13565926253795624,
    0.11255714297294617,
    0.09121403098106384,
    0.06703274697065353,
    0.04216218739748001,
    0.031990181654691696
  ],
  "val_accuracy": [
    0.7990754246711731,
    0.7695228457450867,
    0.8353970646858215,
    0.8497605919837952,
    0.8380386233329773,
    0.8396896123886108,
    0.8740300536155701,
    0.864949643611908,
    0.8705629706382751,
    0.8697375059127808,
    0.8768367171287537,
    0.8855869174003601
  ],
  "val_loss": [
    0.8058081865310669,
    0.6432662606239319,
    0.4273383617401123,
    0.375139981508255,
    0.4094903767108917,
    0.43666937947273254,
    0.3633001148700714,
    0.4114333689212799,
    0.42360007762908936,
    0.43155956268310547,
    0.4242289662361145,
    0.4310890734195709
  ],
  "learning_rate": [
    0.0005000000237487257,
    0.0005000000237487257,
    0.0005000000237487257,
    0.0005000000237487257,
    0.0005000000237487257,
    0.0005000000237487257,
    0.0005000000237487257,
    0.0005000000237487257,
    0.0005000000237487257,
    0.0005000000237487257,
    0.0002500000118743628,
    0.0002500000118743628
  ]
}