{
  "f1_macro": 0.7757159955125948,
  "recall_neg": 0.7362514029180696,
  "precision_pos": 0.9475871623181713,
  "confusion_matrix": [
    [
      0.7362514029180696,
      0.2244668911335578,
      0.03928170594837262
    ],
    [
      0.07783641160949868,
      0.6688654353562006,
      0.2532981530343008
    ],
    [
      0.0022680880018144706,
      0.06690859605352688,
      0.9308233159446586
    ]
  ],
  "fold": 1,
  "train_time_sec": 47.846107803008636,
  "epochs_ran": 13
}