{
  "accuracy": [
    0.39243850111961365,
    0.7894172072410583,
    0.8430741429328918,
    0.8806339502334595,
    0.9136536121368408,
    0.9302459955215454,
    0.9475812911987305,
    0.9549281597137451,
    0.971190333366394,
    0.9569919109344482,
    0.9769688248634338,
    0.9862968325614929,
    0.988360583782196
  ],
  "loss": [
    1.088590145111084,
    0.8050735592842102,
    0.5903564691543579,
    0.44497597217559814,
    0.3071534037590027,
    0.24643613398075104,
    0.18915577232837677,
    0.15700848400592804,
    0.11261308938264847,
    0.13344556093215942,
    0.09020290523767471,
    0.064387246966362,
    0.052656278014183044
  ],
  "val_accuracy": [
    0.766094446182251,
    0.7708814740180969,
    0.8095080852508545,
    0.8212281465530396,
    0.8365797400474548,
    0.8482997417449951,
    0.8491251468658447,
    0.8694288730621338,
    0.8709145188331604,
    0.8732255101203918,
    0.8720700144767761,
    0.8638164401054382,
    0.8669527769088745
  ],
  "val_loss": [
    0.7889487147331238,
    0.6210716366767883,
    0.48204338550567627,
    0.47349587082862854,
    0.4313761293888092,
    0.4292454123497009,
    0.4556027054786682,
    0.41452696919441223,
    0.4331042170524597,
    0.42037299275398254,
    0.458111047744751,
    0.4878374934196472,
    0.4935978949069977
  ],
  "learning_rate": [
    0.0005000000237487257,
    0.0005000000237487257,
    0.0005000000237487257,
    0.0005000000237487257,
    0.0005000000237487257,
    0.0005000000237487257,
    0.0005000000237487257,
    0.0005000000237487257,
    0.0005000000237487257,
    0.0005000000237487257,
    0.0005000000237487257,
    0.0002500000118743628,
    0.0002500000118743628
  ]
}