{
  "f1_macro": 0.7711531154887438,
  "recall_neg": 0.8382022471910112,
  "precision_pos": 0.9613702623906706,
  "confusion_matrix": [
    [
      0.8382022471910112,
      0.14269662921348314,
      0.019101123595505618
    ],
    [
      0.15963060686015831,
      0.6530343007915568,
      0.18733509234828497
    ],
    [
      0.005670220004536176,
      0.09684735767747789,
      0.8974824223179859
    ]
  ],
  "fold": 3,
  "train_time_sec": 37.15477733401349,
  "epochs_ran": 10
}