{
  "accuracy": [
    0.353115975856781,
    0.733305811882019,
    0.8280643820762634,
    0.8577796220779419,
    0.886669397354126,
    0.9186133146286011,
    0.9426330924034119,
    0.9560874700546265,
    0.9694593548774719,
    0.9748246073722839
  ],
  "loss": [
    1.1573538780212402,
    0.8804020285606384,
    0.6548676490783691,
    0.4876534342765808,
    0.36075112223625183,
    0.25753143429756165,
    0.17761702835559845,
    0.14458031952381134,
    0.10136387497186661,
    0.08347198367118835
  ],
  "val_accuracy": [
    0.7477298974990845,
    0.8002311587333679,
    0.7908205389976501,
    0.8481096029281616,
    0.8581806421279907,
    0.8415057063102722,
    0.8552088737487793,
    0.8619778752326965,
    0.8722139596939087,
    0.8713884949684143
  ],
  "val_loss": [
    0.7141759991645813,
    0.5583842396736145,
    0.5633848309516907,
    0.38746732473373413,
    0.37277951836586,
    0.4024505615234375,
    0.3953542113304138,
    0.412463903427124,
    0.4162619411945343,
    0.42541271448135376
  ],
  "learning_rate": [
    0.0005000000237487257,
    0.0005000000237487257,
    0.0005000000237487257,
    0.0005000000237487257,
    0.0005000000237487257,
    0.0005000000237487257,
    0.0005000000237487257,
    0.0005000000237487257,
    0.0002500000118743628,
    0.0002500000118743628
  ]
}