{
  "f1_macro": 0.790734397873515,
  "recall_neg": 0.8101123595505618,
  "precision_pos": 0.965096820463782,
  "confusion_matrix": [
    [
      0.8101123595505618,
      0.1696629213483146,
      0.020224719101123594
    ],
    [
      0.12401055408970976,
      0.7071240105540897,
      0.16886543535620052
    ],
    [
      0.004536176003628941,
      0.07983669766386936,
      0.9156271263325017
    ]
  ],
  "fold": 2,
  "train_time_sec": 41.879564453993225,
  "epochs_ran": 12
}