{
  "folds": [
    {
      "f1_macro": 0.7757159955125948,
      "recall_neg": 0.7362514029180696,
      "precision_pos": 0.9475871623181713,
      "confusion_matrix": [
        [
          0.7362514029180696,
          0.2244668911335578,
          0.03928170594837262
        ],
        [
          0.07783641160949868,
          0.6688654353562006,
          0.2532981530343008
        ],
        [
          0.0022680880018144706,
          0.06690859605352688,
          0.9308233159446586
        ]
      ],
      "fold": 1,
      "train_time_sec": 47.846107803008636,
      "epochs_ran": 13
    },
    {
      "f1_macro": 0.790734397873515,
      "recall_neg": 0.8101123595505618,
      "precision_pos": 0.965096820463782,
      "confusion_matrix": [
        [
          0.8101123595505618,
          0.1696629213483146,
          0.020224719101123594
        ],
        [
          0.12401055408970976,
          0.7071240105540897,
          0.16886543535620052
        ],
        [
          0.004536176003628941,
          0.07983669766386936,
          0.9156271263325017
        ]
      ],
      "fold": 2,
      "train_time_sec": 41.879564453993225,
      "epochs_ran": 12
    },
    {
      "f1_macro": 0.7711531154887438,
      "recall_neg": 0.8382022471910112,
      "precision_pos": 0.9613702623906706,
      "confusion_matrix": [
        [
          0.8382022471910112,
          0.14269662921348314,
          0.019101123595505618
        ],
        [
          0.15963060686015831,
          0.6530343007915568,
          0.18733509234828497
        ],
        [
          0.005670220004536176,
          0.09684735767747789,
          0.8974824223179859
        ]
      ],
      "fold": 3,
      "train_time_sec": 37.15477733401349,
      "epochs_ran": 10
    }
  ],
  "mean_f1_macro": 0.7792011696249511,
  "mean_recall_neg": 0.7948553365532142,
  "mean_precision_pos": 0.9580180817242079,
  "mean_epochs_ran": 11.666666666666666
}