{
  "f1_macro": 0.3166038584216125,
  "recall_neg": 0.05955056179775281,
  "precision_pos": 0.7344091443940158,
  "confusion_matrix": [
    [
      0.05955056179775281,
      0.0,
      0.9404494382022472
    ],
    [
      0.01978891820580475,
      0.0,
      0.9802110817941952
    ],
    [
      0.009072352007257882,
      0.0,
      0.9909276479927421
    ]
  ],
  "fold": 3,
  "train_time_sec": 23.254583729009028,
  "epochs_ran": 7
}