{
  "accuracy": [
    0.1462649554014206,
    0.18382170796394348,
    0.17102764546871185,
    0.2145274430513382,
    0.24836978316307068,
    0.1483285129070282,
    0.1487412303686142
  ],
  "loss": [
    1.1701875925064087,
    1.166489601135254,
    1.1596059799194336,
    1.1601516008377075,
    1.155063271522522,
    1.150195837020874,
    1.1498727798461914
  ],
  "val_accuracy": [
    0.14693742990493774,
    0.7300643920898438,
    0.14710251986980438,
    0.14726762473583221,
    0.14776292443275452,
    0.14776292443275452,
    0.148093119263649
  ],
  "val_loss": [
    1.1484265327453613,
    1.0346109867095947,
    1.092553973197937,
    1.0944242477416992,
    1.0887765884399414,
    1.1338895559310913,
    1.1198976039886475
  ],
  "learning_rate": [
    0.0005000000237487257,
    0.0005000000237487257,
    0.0005000000237487257,
    0.0005000000237487257,
    0.0005000000237487257,
    0.0002500000118743628,
    0.0002500000118743628
  ]
}