{
  "accuracy": [
    0.1410764455795288,
    0.14726762473583221,
    0.2294040024280548,
    0.14743272960186005,
    0.14726762473583221,
    0.14735017716884613
  ],
  "loss": [
    1.1703400611877441,
    1.1668140888214111,
    1.172192096710205,
    1.160612940788269,
    1.1555472612380981,
    1.153915524482727
  ],
  "val_accuracy": [
    0.1470782458782196,
    0.1470782458782196,
    0.1474083811044693,
    0.1470782458782196,
    0.1470782458782196,
    0.1477385312318802
  ],
  "val_loss": [
    1.1082239151000977,
    1.227439045906067,
    1.1129560470581055,
    1.1460936069488525,
    1.1167210340499878,
    1.1217721700668335
  ],
  "learning_rate": [
    0.0005000000237487257,
    0.0005000000237487257,
    0.0005000000237487257,
    0.0005000000237487257,
    0.0002500000118743628,
    0.0002500000118743628
  ]
}