{
  "accuracy": [
    0.14453157782554626,
    0.23161369562149048,
    0.19232356548309326,
    0.14643004536628723,
    0.23037557303905487,
    0.1458522528409958,
    0.14296327531337738,
    0.149979367852211,
    0.15055716037750244
  ],
  "loss": [
    1.1697138547897339,
    1.173936367034912,
    1.1654750108718872,
    1.1588270664215088,
    1.1565320491790771,
    1.1545870304107666,
    1.153969645500183,
    1.150252103805542,
    1.1492562294006348
  ],
  "val_accuracy": [
    0.14693742990493774,
    0.14726762473583221,
    0.14726762473583221,
    0.14726762473583221,
    0.14743272960186005,
    0.14726762473583221,
    0.148093119263649,
    0.14842331409454346,
    0.14842331409454346
  ],
  "val_loss": [
    1.1279231309890747,
    1.137176275253296,
    1.1449934244155884,
    1.1037777662277222,
    1.1434385776519775,
    1.112697958946228,
    1.1293601989746094,
    1.127645492553711,
    1.1359338760375977
  ],
  "learning_rate": [
    0.0005000000237487257,
    0.0005000000237487257,
    0.0005000000237487257,
    0.0005000000237487257,
    0.0005000000237487257,
    0.0005000000237487257,
    0.0005000000237487257,
    0.0002500000118743628,
    0.0002500000118743628
  ]
}