{
  "folds": [
    {
      "f1_macro": 0.08547992516908907,
      "recall_neg": 1.0,
      "precision_pos": 0.0,
      "confusion_matrix": [
        [
          1.0,
          0.0,
          0.0
        ],
        [
          1.0,
          0.0,
          0.0
        ],
        [
          1.0,
          0.0,
          0.0
        ]
      ],
      "fold": 1,
      "train_time_sec": 20.391427224007202,
      "epochs_ran": 6
    },
    {
      "f1_macro": 0.08573543996326133,
      "recall_neg": 1.0,
      "precision_pos": 1.0,
      "confusion_matrix": [
        [
          1.0,
          0.0,
          0.0
        ],
        [
          1.0,
          0.0,
          0.0
        ],
        [
          0.9995463823996371,
          0.0,
          0.0004536176003628941
        ]
      ],
      "fold": 2,
      "train_time_sec": 28.95740734699939,
      "epochs_ran": 9
    },
    {
      "f1_macro": 0.3166038584216125,
      "recall_neg": 0.05955056179775281,
      "precision_pos": 0.7344091443940158,
      "confusion_matrix": [
        [
          0.05955056179775281,
          0.0,
          0.9404494382022472
        ],
        [
          0.01978891820580475,
          0.0,
          0.9802110817941952
        ],
        [
          0.009072352007257882,
          0.0,
          0.9909276479927421
        ]
      ],
      "fold": 3,
      "train_time_sec": 23.254583729009028,
      "epochs_ran": 7
    }
  ],
  "mean_f1_macro": 0.16260640785132097,
  "mean_recall_neg": 0.6865168539325843,
  "mean_precision_pos": 0.578136381464672,
  "mean_epochs_ran": 7.333333333333333
}