{
  "f1_macro": 0.31339698671622235,
  "recall_neg": 0.052808988764044947,
  "precision_pos": 0.7339142091152815,
  "confusion_matrix": [
    [
      0.052808988764044947,
      0.0,
      0.9471910112359551
    ],
    [
      0.017150395778364115,
      0.0,
      0.9828496042216359
    ],
    [
      0.006577455205261964,
      0.0,
      0.993422544794738
    ]
  ],
  "fold": 2,
  "train_time_sec": 22.714647636006703,
  "epochs_ran": 7
}