{
  "accuracy": [
    0.1524556279182434,
    0.23194387555122375,
    0.1470903903245926,
    0.22212134301662445,
    0.25976061820983887,
    0.18241849541664124,
    0.17886917293071747,
    0.15055716037750244,
    0.15063969790935516
  ],
  "loss": [
    1.1694303750991821,
    1.1669881343841553,
    1.1593632698059082,
    1.1551843881607056,
    1.1544142961502075,
    1.1523911952972412,
    1.149251937866211,
    1.146440863609314,
    1.1462111473083496
  ],
  "val_accuracy": [
    0.14693742990493774,
    0.14693742990493774,
    0.14726762473583221,
    0.14759781956672668,
    0.14776292443275452,
    0.14776292443275452,
    0.1490837037563324,
    0.1490837037563324,
    0.1490837037563324
  ],
  "val_loss": [
    1.137020468711853,
    1.1407588720321655,
    1.1197010278701782,
    1.1035784482955933,
    1.1502717733383179,
    1.1672723293304443,
    1.1634968519210815,
    1.1116960048675537,
    1.1335428953170776
  ],
  "learning_rate": [
    0.0005000000237487257,
    0.0005000000237487257,
    0.0005000000237487257,
    0.0005000000237487257,
    0.0005000000237487257,
    0.0005000000237487257,
    0.0005000000237487257,
    0.0002500000118743628,
    0.0002500000118743628
  ]
}