{
  "f1_macro": 0.08580680894785513,
  "recall_neg": 1.0,
  "precision_pos": 1.0,
  "confusion_matrix": [
    [
      1.0,
      0.0,
      0.0
    ],
    [
      1.0,
      0.0,
      0.0
    ],
    [
      0.9995463823996371,
      0.0,
      0.0004536176003628941
    ]
  ],
  "fold": 1,
  "train_time_sec": 27.346637057009502,
  "epochs_ran": 8
}