{
  "accuracy": [
    0.14684276282787323,
    0.15674783289432526,
    0.24044573307037354,
    0.14783325791358948,
    0.14618241786956787,
    0.14824597537517548,
    0.1487412303686142
  ],
  "loss": [
    1.1696501970291138,
    1.1652318239212036,
    1.1697696447372437,
    1.1590876579284668,
    1.1570515632629395,
    1.1541132926940918,
    1.1528382301330566
  ],
  "val_accuracy": [
    0.14693742990493774,
    0.7308898568153381,
    0.14726762473583221,
    0.14726762473583221,
    0.14743272960186005,
    0.14743272960186005,
    0.14759781956672668
  ],
  "val_loss": [
    1.124984622001648,
    0.950321614742279,
    1.1333822011947632,
    1.1497894525527954,
    1.1087186336517334,
    1.112290620803833,
    1.143620491027832
  ],
  "learning_rate": [
    0.0005000000237487257,
    0.0005000000237487257,
    0.0005000000237487257,
    0.0005000000237487257,
    0.0005000000237487257,
    0.0002500000118743628,
    0.0002500000118743628
  ]
}