{
  "accuracy": [
    0.1657586246728897,
    0.23130261898040771,
    0.1975400298833847,
    0.14602938294410706,
    0.14834076166152954,
    0.16584117710590363,
    0.15114744007587433,
    0.15180782973766327
  ],
  "loss": [
    1.169205904006958,
    1.1724485158920288,
    1.1637699604034424,
    1.157069444656372,
    1.1537152528762817,
    1.15130615234375,
    1.1490545272827148,
    1.147298812866211
  ],
  "val_accuracy": [
    0.1470782458782196,
    0.12991085648536682,
    0.1474083811044693,
    0.1477385312318802,
    0.14839881658554077,
    0.1488940268754959,
    0.1492241621017456,
    0.14905910193920135
  ],
  "val_loss": [
    1.1263865232467651,
    1.117352843284607,
    1.0887948274612427,
    1.1302824020385742,
    1.1000365018844604,
    1.1283814907073975,
    1.1352530717849731,
    1.1233738660812378
  ],
  "learning_rate": [
    0.0005000000237487257,
    0.0005000000237487257,
    0.0005000000237487257,
    0.0005000000237487257,
    0.0005000000237487257,
    0.0005000000237487257,
    0.0002500000118743628,
    0.0002500000118743628
  ]
}