{
  "f1_macro": 0.08751443579864654,
  "recall_neg": 1.0,
  "precision_pos": 1.0,
  "confusion_matrix": [
    [
      1.0,
      0.0,
      0.0
    ],
    [
      0.9973614775725593,
      0.002638522427440633,
      0.0
    ],
    [
      0.9995463823996371,
      0.0,
      0.0004536176003628941
    ]
  ],
  "fold": 3,
  "train_time_sec": 28.333214263999253,
  "epochs_ran": 9
}