{
  "folds": [
    {
      "f1_macro": 0.08580680894785513,
      "recall_neg": 1.0,
      "precision_pos": 1.0,
      "confusion_matrix": [
        [
          1.0,
          0.0,
          0.0
        ],
        [
          1.0,
          0.0,
          0.0
        ],
        [
          0.9995463823996371,
          0.0,
          0.0004536176003628941
        ]
      ],
      "fold": 1,
      "train_time_sec": 27.346637057009502,
      "epochs_ran": 8
    },
    {
      "f1_macro": 0.31339698671622235,
      "recall_neg": 0.052808988764044947,
      "precision_pos": 0.7339142091152815,
      "confusion_matrix": [
        [
          0.052808988764044947,
          0.0,
          0.9471910112359551
        ],
        [
          0.017150395778364115,
          0.0,
          0.9828496042216359
        ],
        [
          0.006577455205261964,
          0.0,
          0.993422544794738
        ]
      ],
      "fold": 2,
      "train_time_sec": 22.714647636006703,
      "epochs_ran": 7
    },
    {
      "f1_macro": 0.08751443579864654,
      "recall_neg": 1.0,
      "precision_pos": 1.0,
      "confusion_matrix": [
        [
          1.0,
          0.0,
          0.0
        ],
        [
          0.9973614775725593,
          0.002638522427440633,
          0.0
        ],
        [
          0.9995463823996371,
          0.0,
          0.0004536176003628941
        ]
      ],
      "fold": 3,
      "train_time_sec": 28.333214263999253,
      "epochs_ran": 9
    }
  ],
  "mean_f1_macro": 0.16223941048757468,
  "mean_recall_neg": 0.6842696629213484,
  "mean_precision_pos": 0.9113047363717605,
  "mean_epochs_ran": 8.0
}