{
  "accuracy": [
    0.15411919355392456,
    0.21487535536289215,
    0.18028727173805237,
    0.20662043988704681,
    0.18482747673988342,
    0.2663860023021698,
    0.2445104867219925,
    0.16914314031600952,
    0.20249298214912415
  ],
  "loss": [
    1.1704671382904053,
    1.1688340902328491,
    1.162601351737976,
    1.158972144126892,
    1.157511830329895,
    1.1551018953323364,
    1.1522806882858276,
    1.1483081579208374,
    1.1478443145751953
  ],
  "val_accuracy": [
    0.1470782458782196,
    0.1305711418390274,
    0.1470782458782196,
    0.7306041717529297,
    0.13255199790000916,
    0.1477385312318802,
    0.14856387674808502,
    0.14839881658554077,
    0.7322548627853394
  ],
  "val_loss": [
    1.1205966472625732,
    1.0947399139404297,
    1.1078468561172485,
    1.0682201385498047,
    1.0999598503112793,
    1.1271705627441406,
    1.152150273323059,
    1.1436030864715576,
    1.0777816772460938
  ],
  "learning_rate": [
    0.0005000000237487257,
    0.0005000000237487257,
    0.0005000000237487257,
    0.0005000000237487257,
    0.0005000000237487257,
    0.0005000000237487257,
    0.0005000000237487257,
    0.0002500000118743628,
    0.0002500000118743628
  ]
}