{
  "folds": [
    {
      "f1_macro": 0.31798564153493186,
      "recall_neg": 0.06172839506172839,
      "precision_pos": 0.7348688634835239,
      "confusion_matrix": [
        [
          0.06172839506172839,
          0.0,
          0.9382716049382716
        ],
        [
          0.022427440633245383,
          0.0,
          0.9775725593667546
        ],
        [
          0.008618734406894988,
          0.0,
          0.991381265593105
        ]
      ],
      "fold": 1,
      "train_time_sec": 1239.2537884340018,
      "epochs_ran": 9
    }
  ],
  "mean_f1_macro": 0.31798564153493186,
  "mean_recall_neg": 0.06172839506172839,
  "mean_precision_pos": 0.7348688634835239,
  "mean_epochs_ran": 9.0
}