{
  "f1_macro": 0.7537842577473212,
  "recall_neg": 0.8608305274971941,
  "precision_pos": 0.9397781299524565,
  "confusion_matrix": [
    [
      0.8608305274971941,
      0.10325476992143659,
      0.03591470258136925
    ],
    [
      0.22031662269129287,
      0.470976253298153,
      0.3087071240105541
    ],
    [
      0.01837151281469721,
      0.040145157632116124,
      0.9414833295531867
    ]
  ],
  "fold": 1,
  "train_time_sec": 46.699412921996554,
  "epochs_ran": 12
}