{
  "accuracy": [
    0.5686808824539185,
    0.7966815233230591,
    0.8654449582099915,
    0.9072973132133484,
    0.9347036480903625,
    0.9583126902580261,
    0.9755654335021973,
    0.985058605670929,
    0.9875350594520569,
    0.9897639155387878,
    0.995459794998169,
    0.9971933364868164
  ],
  "loss": [
    1.0465811491012573,
    0.7234194278717041,
    0.5086483359336853,
    0.33909109234809875,
    0.22587577998638153,
    0.14062564074993134,
    0.08997827768325806,
    0.050930704921483994,
    0.046509720385074615,
    0.03527200594544411,
    0.019946204498410225,
    0.014468861743807793
  ],
  "val_accuracy": [
    0.6568174362182617,
    0.737537145614624,
    0.8177616596221924,
    0.8620006442070007,
    0.8489600419998169,
    0.8474743962287903,
    0.8707494139671326,
    0.8707494139671326,
    0.8539121747016907,
    0.8763618469238281,
    0.8753713965415955,
    0.8761967420578003
  ],
  "val_loss": [
    0.8659560084342957,
    0.689863383769989,
    0.5083739161491394,
    0.4145309627056122,
    0.41494420170783997,
    0.4175322949886322,
    0.4075382351875305,
    0.42894652485847473,
    0.44721758365631104,
    0.4499058425426483,
    0.4522644281387329,
    0.47393184900283813
  ],
  "learning_rate": [
    0.0005000000237487257,
    0.0005000000237487257,
    0.0005000000237487257,
    0.0005000000237487257,
    0.0005000000237487257,
    0.0005000000237487257,
    0.0005000000237487257,
    0.0005000000237487257,
    0.0005000000237487257,
    0.0005000000237487257,
    0.0002500000118743628,
    0.0002500000118743628
  ]
}