{
  "accuracy": [
    0.40024763345718384,
    0.6574494242668152,
    0.8444902896881104,
    0.9076351523399353,
    0.9305819272994995,
    0.9652497172355652,
    0.9741642475128174,
    0.9879488348960876,
    0.9911679625511169,
    0.9941394925117493,
    0.9956252574920654,
    0.998101532459259
  ],
  "loss": [
    1.1443259716033936,
    0.9005833864212036,
    0.5710816979408264,
    0.3177352845668793,
    0.23395392298698425,
    0.11813544481992722,
    0.08416377007961273,
    0.04771669954061508,
    0.0341864675283432,
    0.024197794497013092,
    0.019585950300097466,
    0.01345727127045393
  ],
  "val_accuracy": [
    0.3054317235946655,
    0.8174013495445251,
    0.8378735184669495,
    0.7620934247970581,
    0.8590061068534851,
    0.8448076844215393,
    0.8703978657722473,
    0.8652798533439636,
    0.8621429800987244,
    0.8524021506309509,
    0.8656100630760193,
    0.8637939691543579
  ],
  "val_loss": [
    1.167643666267395,
    0.5767148733139038,
    0.484316885471344,
    0.5900364518165588,
    0.3943163752555847,
    0.434578537940979,
    0.3879360258579254,
    0.4175123870372772,
    0.4398615062236786,
    0.49079564213752747,
    0.4509117603302002,
    0.4662366807460785
  ],
  "learning_rate": [
    0.0005000000237487257,
    0.0005000000237487257,
    0.0005000000237487257,
    0.0005000000237487257,
    0.0005000000237487257,
    0.0005000000237487257,
    0.0005000000237487257,
    0.0005000000237487257,
    0.0005000000237487257,
    0.0005000000237487257,
    0.0002500000118743628,
    0.0002500000118743628
  ]
}