{
  "f1_macro": 0.7364997534728847,
  "recall_neg": 0.7303370786516854,
  "precision_pos": 0.9343065693430657,
  "confusion_matrix": [
    [
      0.7303370786516854,
      0.2101123595505618,
      0.05955056179775281
    ],
    [
      0.18733509234828497,
      0.49076517150395776,
      0.32189973614775724
    ],
    [
      0.00997958720798367,
      0.03198004082558403,
      0.9580403719664323
    ]
  ],
  "fold": 2,
  "train_time_sec": 47.33561834899592,
  "epochs_ran": 13
}