{
  "f1_macro": 0.7456226609086065,
  "recall_neg": 0.8033707865168539,
  "precision_pos": 0.9399776035834266,
  "confusion_matrix": [
    [
      0.8033707865168539,
      0.14831460674157304,
      0.048314606741573035
    ],
    [
      0.22823218997361477,
      0.47493403693931396,
      0.29683377308707126
    ],
    [
      0.016330233613064186,
      0.03175323202540259,
      0.9519165343615332
    ]
  ],
  "fold": 3,
  "train_time_sec": 42.279570601996966,
  "epochs_ran": 12
}