{
  "accuracy": [
    0.37664052844047546,
    0.7096987366676331,
    0.7654147744178772,
    0.9038382172584534,
    0.94040447473526,
    0.9665703773498535,
    0.9790342450141907,
    0.9807676672935486,
    0.9904251098632812,
    0.9941394925117493,
    0.9953776597976685,
    0.998101532459259,
    0.9989269375801086
  ],
  "loss": [
    1.1470961570739746,
    0.8623541593551636,
    0.6428119540214539,
    0.32485467195510864,
    0.18301649391651154,
    0.10372097045183182,
    0.06732088327407837,
    0.05827755108475685,
    0.0339849554002285,
    0.023799708113074303,
    0.020628465339541435,
    0.01320408470928669,
    0.01000238861888647
  ],
  "val_accuracy": [
    0.2755489647388458,
    0.6788839101791382,
    0.827967643737793,
    0.8027076125144958,
    0.8278025388717651,
    0.8446425795555115,
    0.8609873056411743,
    0.866105318069458,
    0.8543833494186401,
    0.867095947265625,
    0.8543833494186401,
    0.8675912022590637,
    0.8637939691543579
  ],
  "val_loss": [
    1.1887218952178955,
    0.8328746557235718,
    0.4950158894062042,
    0.5148562788963318,
    0.46875283122062683,
    0.44926178455352783,
    0.4367644488811493,
    0.4337526857852936,
    0.4518272578716278,
    0.48148098587989807,
    0.4930720031261444,
    0.4731249511241913,
    0.480431467294693
  ],
  "learning_rate": [
    0.0005000000237487257,
    0.0005000000237487257,
    0.0005000000237487257,
    0.0005000000237487257,
    0.0005000000237487257,
    0.0005000000237487257,
    0.0005000000237487257,
    0.0005000000237487257,
    0.0005000000237487257,
    0.0005000000237487257,
    0.0005000000237487257,
    0.0002500000118743628,
    0.0002500000118743628
  ]
}