{
  "folds": [
    {
      "f1_macro": 0.7537842577473212,
      "recall_neg": 0.8608305274971941,
      "precision_pos": 0.9397781299524565,
      "confusion_matrix": [
        [
          0.8608305274971941,
          0.10325476992143659,
          0.03591470258136925
        ],
        [
          0.22031662269129287,
          0.470976253298153,
          0.3087071240105541
        ],
        [
          0.01837151281469721,
          0.040145157632116124,
          0.9414833295531867
        ]
      ],
      "fold": 1,
      "train_time_sec": 46.699412921996554,
      "epochs_ran": 12
    },
    {
      "f1_macro": 0.7364997534728847,
      "recall_neg": 0.7303370786516854,
      "precision_pos": 0.9343065693430657,
      "confusion_matrix": [
        [
          0.7303370786516854,
          0.2101123595505618,
          0.05955056179775281
        ],
        [
          0.18733509234828497,
          0.49076517150395776,
          0.32189973614775724
        ],
        [
          0.00997958720798367,
          0.03198004082558403,
          0.9580403719664323
        ]
      ],
      "fold": 2,
      "train_time_sec": 47.33561834899592,
      "epochs_ran": 13
    },
    {
      "f1_macro": 0.7456226609086065,
      "recall_neg": 0.8033707865168539,
      "precision_pos": 0.9399776035834266,
      "confusion_matrix": [
        [
          0.8033707865168539,
          0.14831460674157304,
          0.048314606741573035
        ],
        [
          0.22823218997361477,
          0.47493403693931396,
          0.29683377308707126
        ],
        [
          0.016330233613064186,
          0.03175323202540259,
          0.9519165343615332
        ]
      ],
      "fold": 3,
      "train_time_sec": 42.279570601996966,
      "epochs_ran": 12
    }
  ],
  "mean_f1_macro": 0.7453022240429373,
  "mean_recall_neg": 0.7981794642219112,
  "mean_precision_pos": 0.9380207676263163,
  "mean_epochs_ran": 12.333333333333334
}