{
  "accuracy": [
    0.1470903903245926,
    0.14700783789157867,
    0.14700783789157867,
    0.2832026481628418,
    0.14700783789157867,
    0.1446966528892517,
    0.14618241786956787,
    0.1470903903245926,
    0.14618241786956787,
    0.1471729278564453,
    0.14742055535316467,
    0.14742055535316467
  ],
  "loss": [
    1.1689045429229736,
    1.1680665016174316,
    1.1677721738815308,
    1.1680781841278076,
    1.1677014827728271,
    1.2001597881317139,
    1.1662882566452026,
    1.1641751527786255,
    1.165248155593872,
    1.1644231081008911,
    1.1628423929214478,
    1.1627987623214722
  ],
  "val_accuracy": [
    0.14693742990493774,
    0.14693742990493774,
    0.14693742990493774,
    0.14693742990493774,
    0.14693742990493774,
    0.14693742990493774,
    0.14693742990493774,
    0.14710251986980438,
    0.14693742990493774,
    0.14693742990493774,
    0.14693742990493774,
    0.14693742990493774
  ],
  "val_loss": [
    1.1450330018997192,
    1.1380259990692139,
    1.1498799324035645,
    1.1745097637176514,
    1.1271921396255493,
    1.139258623123169,
    1.114336609840393,
    1.120914340019226,
    1.1408939361572266,
    1.154977560043335,
    1.1211400032043457,
    1.1394602060317993
  ],
  "learning_rate": [
    0.0005000000237487257,
    0.0005000000237487257,
    0.0005000000237487257,
    0.0005000000237487257,
    0.0005000000237487257,
    0.0005000000237487257,
    0.0005000000237487257,
    0.0005000000237487257,
    0.0005000000237487257,
    0.0005000000237487257,
    0.0002500000118743628,
    0.0002500000118743628
  ]
}