{
  "accuracy": [
    0.15890705585479736,
    0.14693742990493774,
    0.14693742990493774,
    0.14701998233795166,
    0.14701998233795166,
    0.25656265020370483,
    0.1471850723028183,
    0.14347036182880402,
    0.14710251986980438,
    0.1471850723028183,
    0.14735017716884613,
    0.14743272960186005
  ],
  "loss": [
    1.1691652536392212,
    1.168258547782898,
    1.168068766593933,
    1.1676619052886963,
    1.1670078039169312,
    1.1692014932632446,
    1.1664879322052002,
    1.1659122705459595,
    1.1652942895889282,
    1.1636168956756592,
    1.1624631881713867,
    1.1631418466567993
  ],
  "val_accuracy": [
    0.1470782458782196,
    0.1470782458782196,
    0.1470782458782196,
    0.1470782458782196,
    0.1470782458782196,
    0.1470782458782196,
    0.1470782458782196,
    0.1470782458782196,
    0.1470782458782196,
    0.14724332094192505,
    0.14724332094192505,
    0.14724332094192505
  ],
  "val_loss": [
    1.1226776838302612,
    1.1253243684768677,
    1.144121527671814,
    1.095554232597351,
    1.1050175428390503,
    1.178820013999939,
    1.0950560569763184,
    1.1072102785110474,
    1.111289381980896,
    1.109376072883606,
    1.1339564323425293,
    1.1393543481826782
  ],
  "learning_rate": [
    0.0005000000237487257,
    0.0005000000237487257,
    0.0005000000237487257,
    0.0005000000237487257,
    0.0005000000237487257,
    0.0005000000237487257,
    0.0005000000237487257,
    0.0005000000237487257,
    0.0005000000237487257,
    0.0005000000237487257,
    0.0002500000118743628,
    0.0002500000118743628
  ]
}