{
  "f1_macro": 0.08540856964637013,
  "recall_neg": 1.0,
  "precision_pos": 0.0,
  "confusion_matrix": [
    [
      1.0,
      0.0,
      0.0
    ],
    [
      1.0,
      0.0,
      0.0
    ],
    [
      1.0,
      0.0,
      0.0
    ]
  ],
  "fold": 2,
  "train_time_sec": 14.368908007993014,
  "epochs_ran": 6
}