{
  "f1_macro": 0.08540856964637013,
  "recall_neg": 1.0,
  "precision_pos": 0.0,
  "confusion_matrix": [
    [
      1.0,
      0.0,
      0.0
    ],
    [
      1.0,
      0.0,
      0.0
    ],
    [
      1.0,
      0.0,
      0.0
    ]
  ],
  "fold": 3,
  "train_time_sec": 28.33269685799314,
  "epochs_ran": 12
}