{
  "accuracy": [
    0.1573256254196167,
    0.1471729278564453,
    0.14700783789157867,
    0.14700783789157867,
    0.14700783789157867,
    0.14700783789157867
  ],
  "loss": [
    1.1694622039794922,
    1.1690828800201416,
    1.1679762601852417,
    1.1678073406219482,
    1.167205810546875,
    1.164886713027954
  ],
  "val_accuracy": [
    0.14693742990493774,
    0.14693742990493774,
    0.14693742990493774,
    0.14693742990493774,
    0.14693742990493774,
    0.14693742990493774
  ],
  "val_loss": [
    1.1227734088897705,
    1.1491714715957642,
    1.130598545074463,
    1.149183750152588,
    1.1329034566879272,
    1.1341875791549683
  ],
  "learning_rate": [
    0.0005000000237487257,
    0.0005000000237487257,
    0.0005000000237487257,
    0.0005000000237487257,
    0.0002500000118743628,
    0.0002500000118743628
  ]
}