{
  "f1_macro": 0.3308010716674616,
  "recall_neg": 0.09325842696629214,
  "precision_pos": 0.744462452728255,
  "confusion_matrix": [
    [
      0.09325842696629214,
      0.3325842696629214,
      0.5741573033707865
    ],
    [
      0.09234828496042216,
      0.3337730870712401,
      0.5738786279683378
    ],
    [
      0.0843728736674983,
      0.2905420730324337,
      0.625085053300068
    ]
  ],
  "fold": 2,
  "train_time_sec": 19.314986146000592,
  "epochs_ran": 4
}