{
  "accuracy": [
    0.3413124084472656,
    0.3465951383113861,
    0.3474205434322357,
    0.347750723361969,
    0.3750722110271454,
    0.36029714345932007
  ],
  "loss": [
    1.1076034307479858,
    1.1005815267562866,
    1.098678708076477,
    1.086683988571167,
    1.0916192531585693,
    1.0770386457443237
  ],
  "val_accuracy": [
    0.2864454388618469,
    0.259204238653183,
    0.7305597066879272,
    0.7315502762794495,
    0.15073469281196594,
    0.6565956473350525
  ],
  "val_loss": [
    1.0698047876358032,
    1.1220871210098267,
    1.0145262479782104,
    1.022666096687317,
    1.096907377243042,
    1.0317734479904175
  ],
  "learning_rate": [
    0.0010000000474974513,
    0.0010000000474974513,
    0.0010000000474974513,
    0.0010000000474974513,
    0.0010000000474974513,
    0.0005000000237487257
  ]
}