{
  "f1_macro": 0.31174027250913644,
  "recall_neg": 0.035955056179775284,
  "precision_pos": 0.73396952954964,
  "confusion_matrix": [
    [
      0.035955056179775284,
      0.016853932584269662,
      0.9471910112359551
    ],
    [
      0.00395778364116095,
      0.011873350923482849,
      0.9841688654353562
    ],
    [
      0.0040825584032660464,
      0.0015876616012701294,
      0.9943297799954638
    ]
  ],
  "fold": 3,
  "train_time_sec": 24.699775229000807,
  "epochs_ran": 6
}