{
  "accuracy": [
    0.3387536108493805,
    0.334296315908432,
    0.32678496837615967,
    0.3383409082889557
  ],
  "loss": [
    1.1265555620193481,
    1.1388053894042969,
    1.1643526554107666,
    1.1692538261413574
  ],
  "val_accuracy": [
    0.5104837417602539,
    0.3034505546092987,
    0.14264486730098724,
    0.3627208173274994
  ],
  "val_loss": [
    1.0810165405273438,
    1.1235101222991943,
    1.1099563837051392,
    1.1117541790008545
  ],
  "learning_rate": [
    0.0010000000474974513,
    0.0010000000474974513,
    0.0010000000474974513,
    0.0005000000237487257
  ]
}