{
  "accuracy": [
    0.3361400067806244,
    0.34596335887908936,
    0.3385339379310608,
    0.3417533338069916
  ],
  "loss": [
    1.1295937299728394,
    1.118786096572876,
    1.1247292757034302,
    1.159766435623169
  ],
  "val_accuracy": [
    0.7231759428977966,
    0.7276328802108765,
    0.4461868703365326,
    0.14790359139442444
  ],
  "val_loss": [
    1.021790623664856,
    1.027627944946289,
    1.0839792490005493,
    1.1427934169769287
  ],
  "learning_rate": [
    0.0010000000474974513,
    0.0010000000474974513,
    0.0010000000474974513,
    0.0005000000237487257
  ]
}