{
  "f1_macro": 0.28575720307033375,
  "recall_neg": 0.002244668911335578,
  "precision_pos": 0.7288785202466256,
  "confusion_matrix": [
    [
      0.002244668911335578,
      0.012345679012345678,
      0.9854096520763187
    ],
    [
      0.005277044854881266,
      0.006596306068601583,
      0.9881266490765171
    ],
    [
      0.0022680880018144706,
      0.005670220004536176,
      0.9920616919936494
    ]
  ],
  "fold": 1,
  "train_time_sec": 21.1989815909983,
  "epochs_ran": 4
}