{
  "folds": [
    {
      "f1_macro": 0.28575720307033375,
      "recall_neg": 0.002244668911335578,
      "precision_pos": 0.7288785202466256,
      "confusion_matrix": [
        [
          0.002244668911335578,
          0.012345679012345678,
          0.9854096520763187
        ],
        [
          0.005277044854881266,
          0.006596306068601583,
          0.9881266490765171
        ],
        [
          0.0022680880018144706,
          0.005670220004536176,
          0.9920616919936494
        ]
      ],
      "fold": 1,
      "train_time_sec": 21.1989815909983,
      "epochs_ran": 4
    },
    {
      "f1_macro": 0.3308010716674616,
      "recall_neg": 0.09325842696629214,
      "precision_pos": 0.744462452728255,
      "confusion_matrix": [
        [
          0.09325842696629214,
          0.3325842696629214,
          0.5741573033707865
        ],
        [
          0.09234828496042216,
          0.3337730870712401,
          0.5738786279683378
        ],
        [
          0.0843728736674983,
          0.2905420730324337,
          0.625085053300068
        ]
      ],
      "fold": 2,
      "train_time_sec": 19.314986146000592,
      "epochs_ran": 4
    },
    {
      "f1_macro": 0.31174027250913644,
      "recall_neg": 0.035955056179775284,
      "precision_pos": 0.73396952954964,
      "confusion_matrix": [
        [
          0.035955056179775284,
          0.016853932584269662,
          0.9471910112359551
        ],
        [
          0.00395778364116095,
          0.011873350923482849,
          0.9841688654353562
        ],
        [
          0.0040825584032660464,
          0.0015876616012701294,
          0.9943297799954638
        ]
      ],
      "fold": 3,
      "train_time_sec": 24.699775229000807,
      "epochs_ran": 6
    }
  ],
  "mean_f1_macro": 0.3094328490823106,
  "mean_recall_neg": 0.04381938401913433,
  "mean_precision_pos": 0.7357701675081735,
  "mean_epochs_ran": 4.666666666666667
}