{
  "accuracy": [
    0.3333333432674408,
    0.3476143181324005,
    0.3311045169830322,
    0.33217763900756836,
    0.32681193947792053
  ],
  "loss": [
    1.1266703605651855,
    1.14658784866333,
    1.1679750680923462,
    1.1447898149490356,
    1.1354390382766724
  ],
  "val_accuracy": [
    0.3766919672489166,
    0.32436448335647583,
    0.4831627607345581,
    0.4828326106071472,
    0.33377352356910706
  ],
  "val_loss": [
    1.126880407333374,
    1.1160584688186646,
    1.093481183052063,
    1.0991418361663818,
    1.1078187227249146
  ]
}