{
  "f1_macro": 0.089558573354731,
  "recall_neg": 0.9775280898876404,
  "precision_pos": 0.5185185185185185,
  "fold": 2,
  "train_time_sec": 22.73093990900088
}