{
  "f1_macro": 0.2765327559507675,
  "recall_neg": 0.29292929292929293,
  "precision_pos": 0.7231800766283525,
  "fold": 1,
  "train_time_sec": 26.877038062000793
}