{
  "accuracy": [
    0.35460174083709717,
    0.3787866234779358,
    0.35130003094673157,
    0.3511349558830261,
    0.3752373158931732
  ],
  "loss": [
    1.1117637157440186,
    1.1119587421417236,
    1.1304534673690796,
    1.1134324073791504,
    1.1049883365631104
  ],
  "val_accuracy": [
    0.35545650124549866,
    0.5273237824440002,
    0.7305597066879272,
    0.5293049216270447,
    0.14660723507404327
  ],
  "val_loss": [
    1.0993266105651855,
    1.0383330583572388,
    1.047886848449707,
    1.0341947078704834,
    1.0982089042663574
  ]
}