{
  "accuracy": [
    0.33115971088409424,
    0.33000412583351135,
    0.33891868591308594,
    0.3249690532684326,
    0.3045811057090759
  ],
  "loss": [
    1.1189322471618652,
    1.1014859676361084,
    1.1118782758712769,
    1.1512433290481567,
    1.1458189487457275
  ],
  "val_accuracy": [
    0.2606901228427887,
    0.20967476069927216,
    0.32227176427841187,
    0.39953771233558655,
    0.46755820512771606
  ],
  "val_loss": [
    1.0854758024215698,
    1.1067136526107788,
    1.1119455099105835,
    1.0766017436981201,
    1.0896708965301514
  ]
}