{
  "f1_macro": 0.2781891422308439,
  "recall_neg": 0.011235955056179775,
  "precision_pos": 0.7203630175836642,
  "fold": 3,
  "train_time_sec": 20.51871756000037
}