{
  "folds": [
    {
      "f1_macro": 0.2765327559507675,
      "recall_neg": 0.29292929292929293,
      "precision_pos": 0.7231800766283525,
      "fold": 1,
      "train_time_sec": 26.877038062000793
    },
    {
      "f1_macro": 0.089558573354731,
      "recall_neg": 0.9775280898876404,
      "precision_pos": 0.5185185185185185,
      "fold": 2,
      "train_time_sec": 22.73093990900088
    },
    {
      "f1_macro": 0.2781891422308439,
      "recall_neg": 0.011235955056179775,
      "precision_pos": 0.7203630175836642,
      "fold": 3,
      "train_time_sec": 20.51871756000037
    }
  ],
  "mean_f1_macro": 0.2147601571787808,
  "mean_recall_neg": 0.427231112624371,
  "mean_precision_pos": 0.654020537576845
}