{
  "f1_macro": 0.3265036418446972,
  "recall_neg": 0.26741573033707866,
  "precision_pos": 0.7423954372623575,
  "confusion_matrix": [
    [
      0.26741573033707866,
      0.22247191011235956,
      0.5101123595505618
    ],
    [
      0.29683377308707126,
      0.22955145118733508,
      0.4736147757255937
    ],
    [
      0.24858244499886595,
      0.22000453617600363,
      0.5314130188251304
    ]
  ],
  "fold": 2,
  "train_time_sec": 36.45121626999753,
  "epochs_ran": 9
}