{
  "f1_macro": 0.19617982032468784,
  "recall_neg": 0.8125701459034792,
  "precision_pos": 0.747907949790795,
  "confusion_matrix": [
    [
      0.8125701459034792,
      0.04152637485970819,
      0.14590347923681257
    ],
    [
      0.8073878627968337,
      0.04617414248021108,
      0.14643799472295516
    ],
    [
      0.8010886822408709,
      0.03674302562939442,
      0.16216829212973463
    ]
  ],
  "fold": 1,
  "train_time_sec": 45.15926619700622,
  "epochs_ran": 11
}