{
  "accuracy": [
    0.2559022605419159,
    0.2891695499420166,
    0.2573881447315216,
    0.2459138184785843,
    0.2687799334526062,
    0.24772989749908447,
    0.282400518655777,
    0.2683671712875366,
    0.26811954379081726,
    0.256397545337677,
    0.277199923992157
  ],
  "loss": [
    1.183897852897644,
    1.1959316730499268,
    1.1834746599197388,
    1.1606764793395996,
    1.162376046180725,
    1.1573365926742554,
    1.157647967338562,
    1.1515729427337646,
    1.1504122018814087,
    1.153476357460022,
    1.1457982063293457
  ],
  "val_accuracy": [
    0.1696929633617401,
    0.14625288546085358,
    0.16688676178455353,
    0.1617695540189743,
    0.366622656583786,
    0.24331462383270264,
    0.1620997041463852,
    0.14971937239170074,
    0.2639485001564026,
    0.1498844474554062,
    0.3124793767929077
  ],
  "val_loss": [
    1.1519720554351807,
    1.1443500518798828,
    1.145985722541809,
    1.1238272190093994,
    1.1496601104736328,
    1.1087812185287476,
    1.1320761442184448,
    1.148240327835083,
    1.1461637020111084,
    1.1220883131027222,
    1.1369092464447021
  ],
  "learning_rate": [
    0.0005000000237487257,
    0.0005000000237487257,
    0.0005000000237487257,
    0.0005000000237487257,
    0.0005000000237487257,
    0.0005000000237487257,
    0.0005000000237487257,
    0.0005000000237487257,
    0.0005000000237487257,
    0.0002500000118743628,
    0.0002500000118743628
  ]
}