{
  "accuracy": [
    0.22756913304328918,
    0.2803961932659149,
    0.2770945131778717,
    0.3031778931617737,
    0.2529096305370331,
    0.2657036781311035,
    0.27478331327438354,
    0.24581098556518555,
    0.2292199730873108
  ],
  "loss": [
    1.1749441623687744,
    1.1748089790344238,
    1.1720606088638306,
    1.1619243621826172,
    1.1566085815429688,
    1.1552363634109497,
    1.1544944047927856,
    1.14769446849823,
    1.1468411684036255
  ],
  "val_accuracy": [
    0.22519399225711823,
    0.14330527186393738,
    0.3864949643611908,
    0.4548456370830536,
    0.2080237716436386,
    0.28330856561660767,
    0.14974409341812134,
    0.17698530852794647,
    0.2981674075126648
  ],
  "val_loss": [
    1.1400835514068604,
    1.1418155431747437,
    1.1288728713989258,
    1.0859901905059814,
    1.0878925323486328,
    1.1296182870864868,
    1.091953992843628,
    1.1664026975631714,
    1.0980836153030396
  ],
  "learning_rate": [
    0.0005000000237487257,
    0.0005000000237487257,
    0.0005000000237487257,
    0.0005000000237487257,
    0.0005000000237487257,
    0.0005000000237487257,
    0.0005000000237487257,
    0.0002500000118743628,
    0.0002500000118743628
  ]
}