{
  "accuracy": [
    0.25323978066444397,
    0.2893107831478119,
    0.24085843563079834,
    0.2508460581302643,
    0.2745356857776642,
    0.2852661907672882,
    0.2657036781311035,
    0.23309946060180664
  ],
  "loss": [
    1.1932940483093262,
    1.18357515335083,
    1.1651499271392822,
    1.1598163843154907,
    1.1644726991653442,
    1.1786319017410278,
    1.1619914770126343,
    1.158674955368042
  ],
  "val_accuracy": [
    0.3846788704395294,
    0.14561663568019867,
    0.25672775506973267,
    0.19052335619926453,
    0.2768697440624237,
    0.16410765051841736,
    0.15040449798107147,
    0.15156017243862152
  ],
  "val_loss": [
    1.1355165243148804,
    1.1507207155227661,
    1.0962228775024414,
    1.1453975439071655,
    1.168164610862732,
    1.110575795173645,
    1.141150951385498,
    1.108425498008728
  ],
  "learning_rate": [
    0.0005000000237487257,
    0.0005000000237487257,
    0.0005000000237487257,
    0.0005000000237487257,
    0.0005000000237487257,
    0.0005000000237487257,
    0.0002500000118743628,
    0.0002500000118743628
  ]
}