{
  "f1_macro": 0.24359598069510294,
  "recall_neg": 0.5842696629213483,
  "precision_pos": 0.7351598173515982,
  "confusion_matrix": [
    [
      0.5842696629213483,
      0.23707865168539327,
      0.17865168539325843
    ],
    [
      0.5237467018469657,
      0.3034300791556728,
      0.17282321899736147
    ],
    [
      0.5402585620322069,
      0.27716035382172827,
      0.18258108414606486
    ]
  ],
  "fold": 3,
  "train_time_sec": 30.869704203003494,
  "epochs_ran": 8
}