{
  "folds": [
    {
      "f1_macro": 0.19617982032468784,
      "recall_neg": 0.8125701459034792,
      "precision_pos": 0.747907949790795,
      "confusion_matrix": [
        [
          0.8125701459034792,
          0.04152637485970819,
          0.14590347923681257
        ],
        [
          0.8073878627968337,
          0.04617414248021108,
          0.14643799472295516
        ],
        [
          0.8010886822408709,
          0.03674302562939442,
          0.16216829212973463
        ]
      ],
      "fold": 1,
      "train_time_sec": 45.15926619700622,
      "epochs_ran": 11
    },
    {
      "f1_macro": 0.3265036418446972,
      "recall_neg": 0.26741573033707866,
      "precision_pos": 0.7423954372623575,
      "confusion_matrix": [
        [
          0.26741573033707866,
          0.22247191011235956,
          0.5101123595505618
        ],
        [
          0.29683377308707126,
          0.22955145118733508,
          0.4736147757255937
        ],
        [
          0.24858244499886595,
          0.22000453617600363,
          0.5314130188251304
        ]
      ],
      "fold": 2,
      "train_time_sec": 36.45121626999753,
      "epochs_ran": 9
    },
    {
      "f1_macro": 0.24359598069510294,
      "recall_neg": 0.5842696629213483,
      "precision_pos": 0.7351598173515982,
      "confusion_matrix": [
        [
          0.5842696629213483,
          0.23707865168539327,
          0.17865168539325843
        ],
        [
          0.5237467018469657,
          0.3034300791556728,
          0.17282321899736147
        ],
        [
          0.5402585620322069,
          0.27716035382172827,
          0.18258108414606486
        ]
      ],
      "fold": 3,
      "train_time_sec": 30.869704203003494,
      "epochs_ran": 8
    }
  ],
  "mean_f1_macro": 0.2554264809548293,
  "mean_recall_neg": 0.554751846387302,
  "mean_precision_pos": 0.741821068134917,
  "mean_epochs_ran": 9.333333333333334
}