{
  "f1_macro": 0.3128474822402963,
  "recall_neg": 0.048314606741573035,
  "precision_pos": 0.733433734939759,
  "fold": 2,
  "train_time_sec": 687.1303292400007
}