{
  "accuracy": [
    0.3760937750339508,
    0.40383028984069824,
    0.4089483320713043,
    0.41579991579055786,
    0.35644710063934326
  ],
  "loss": [
    1.0997759103775024,
    1.0953457355499268,
    1.090062141418457,
    1.0851632356643677,
    1.0813761949539185
  ],
  "val_accuracy": [
    0.12958072125911713,
    0.7292835712432861,
    0.13073621690273285,
    0.7317596673965454,
    0.13255199790000916
  ],
  "val_loss": [
    1.1046760082244873,
    1.0738893747329712,
    1.0959036350250244,
    1.0783157348632812,
    1.0826612710952759
  ]
}