{
  "f1_macro": 0.10880327872730906,
  "recall_neg": 0.0550561797752809,
  "precision_pos": 1.0,
  "fold": 3,
  "train_time_sec": 676.0909075760028
}