{
  "accuracy": [
    0.3539413809776306,
    0.41287660598754883,
    0.3865455985069275,
    0.37738341093063354,
    0.34799835085868835
  ],
  "loss": [
    1.0997971296310425,
    1.0951242446899414,
    1.090569019317627,
    1.087370753288269,
    1.0819063186645508
  ],
  "val_accuracy": [
    0.7295690774917603,
    0.13174839317798615,
    0.14743272960186005,
    0.13191348314285278,
    0.1329040825366974
  ],
  "val_loss": [
    1.064056158065796,
    1.0992368459701538,
    1.0793713331222534,
    1.0781186819076538,
    1.0854880809783936
  ]
}