{
  "f1_macro": 0.10551243457046222,
  "recall_neg": 0.04826038159371493,
  "precision_pos": 0.8888888888888888,
  "fold": 1,
  "train_time_sec": 701.4459867910009
}