{
  "accuracy": [
    0.26545605063438416,
    0.41460999846458435,
    0.3975237309932709,
    0.4204705059528351,
    0.36029714345932007
  ],
  "loss": [
    1.0992766618728638,
    1.09502375125885,
    1.0946427583694458,
    1.0900822877883911,
    1.0848549604415894
  ],
  "val_accuracy": [
    0.7307247519493103,
    0.1310880035161972,
    0.14743272960186005,
    0.731054961681366,
    0.731054961681366
  ],
  "val_loss": [
    1.0735437870025635,
    1.0974147319793701,
    1.0749543905258179,
    1.069410800933838,
    1.0812119245529175
  ]
}