{
  "folds": [
    {
      "f1_macro": 0.10551243457046222,
      "recall_neg": 0.04826038159371493,
      "precision_pos": 0.8888888888888888,
      "fold": 1,
      "train_time_sec": 701.4459867910009
    },
    {
      "f1_macro": 0.3128474822402963,
      "recall_neg": 0.048314606741573035,
      "precision_pos": 0.733433734939759,
      "fold": 2,
      "train_time_sec": 687.1303292400007
    },
    {
      "f1_macro": 0.10880327872730906,
      "recall_neg": 0.0550561797752809,
      "precision_pos": 1.0,
      "fold": 3,
      "train_time_sec": 676.0909075760028
    }
  ],
  "mean_f1_macro": 0.17572106517935585,
  "mean_recall_neg": 0.050543722703522954,
  "mean_precision_pos": 0.8741075412762159
}