{
  "f1_macro": 0.1109793752665355,
  "recall_neg": 0.05955056179775281,
  "precision_pos": 1.0,
  "confusion_matrix": [
    [
      0.05955056179775281,
      0.9404494382022472,
      0.0
    ],
    [
      0.0158311345646438,
      0.9841688654353562,
      0.0
    ],
    [
      0.005670220004536176,
      0.9929689271943751,
      0.0013608528010886822
    ]
  ],
  "fold": 2,
  "train_time_sec": 43.92688274399552,
  "epochs_ran": 12
}