{
  "accuracy": [
    0.15460173785686493,
    0.15088732540607452,
    0.17796120047569275,
    0.2214609980583191,
    0.2223689705133438,
    0.2309533655643463,
    0.19422203302383423,
    0.19603796303272247,
    0.15864630043506622,
    0.20123814046382904,
    0.17135782539844513,
    0.1700371503829956
  ],
  "loss": [
    1.1701040267944336,
    1.167486548423767,
    1.1650147438049316,
    1.1588908433914185,
    1.154731035232544,
    1.1516499519348145,
    1.1478735208511353,
    1.1481456756591797,
    1.148837924003601,
    1.1450738906860352,
    1.1450896263122559,
    1.1432969570159912
  ],
  "val_accuracy": [
    0.14693742990493774,
    0.14693742990493774,
    0.14693742990493774,
    0.14743272960186005,
    0.14759781956672668,
    0.14792801439762115,
    0.1329040825366974,
    0.14842331409454346,
    0.14875350892543793,
    0.14825820922851562,
    0.1485884040594101,
    0.14842331409454346
  ],
  "val_loss": [
    1.1291568279266357,
    1.1192731857299805,
    1.1511509418487549,
    1.1194499731063843,
    1.1241021156311035,
    1.1228632926940918,
    1.0988229513168335,
    1.1091002225875854,
    1.113874077796936,
    1.1101313829421997,
    1.1444995403289795,
    1.1300932168960571
  ],
  "learning_rate": [
    0.0005000000237487257,
    0.0005000000237487257,
    0.0005000000237487257,
    0.0005000000237487257,
    0.0005000000237487257,
    0.0002500000118743628,
    0.0002500000118743628,
    0.0002500000118743628,
    0.0002500000118743628,
    0.0002500000118743628,
    0.0001250000059371814,
    0.0001250000059371814
  ]
}