{
  "f1_macro": 0.09461715859819415,
  "recall_neg": 0.9966329966329966,
  "precision_pos": 0.9,
  "confusion_matrix": [
    [
      0.9966329966329966,
      0.002244668911335578,
      0.001122334455667789
    ],
    [
      0.9881266490765171,
      0.011873350923482849,
      0.0
    ],
    [
      0.9972782943978227,
      0.0006804264005443411,
      0.0020412792016330232
    ]
  ],
  "fold": 1,
  "train_time_sec": 53.66823605000536,
  "epochs_ran": 14
}