{
  "accuracy": [
    0.15130004286766052,
    0.1818406879901886,
    0.17193561792373657,
    0.20536525547504425,
    0.22162608802318573,
    0.23161369562149048,
    0.1858852654695511,
    0.1556747853755951
  ],
  "loss": [
    1.1695483922958374,
    1.1679569482803345,
    1.1660196781158447,
    1.1599221229553223,
    1.1570173501968384,
    1.1538537740707397,
    1.1490124464035034,
    1.1477266550064087
  ],
  "val_accuracy": [
    0.14693742990493774,
    0.14693742990493774,
    0.14693742990493774,
    0.14710251986980438,
    0.14792801439762115,
    0.14825820922851562,
    0.14891861379146576,
    0.14891861379146576
  ],
  "val_loss": [
    1.1339219808578491,
    1.1551764011383057,
    1.1087265014648438,
    1.1296741962432861,
    1.1587220430374146,
    1.153847098350525,
    1.1296523809432983,
    1.1307328939437866
  ],
  "learning_rate": [
    0.0005000000237487257,
    0.0005000000237487257,
    0.0005000000237487257,
    0.0005000000237487257,
    0.0005000000237487257,
    0.0005000000237487257,
    0.0002500000118743628,
    0.0002500000118743628
  ]
}