{
  "accuracy": [
    0.1695558875799179,
    0.14875350892543793,
    0.1770678609609604,
    0.1799570769071579,
    0.18713884055614471,
    0.18111276626586914,
    0.2070331871509552,
    0.20348356664180756,
    0.20290572941303253,
    0.29370975494384766,
    0.19341258704662323,
    0.20208023488521576,
    0.21438005566596985,
    0.17731550335884094
  ],
  "loss": [
    1.1705560684204102,
    1.166337490081787,
    1.1636722087860107,
    1.161412239074707,
    1.1564006805419922,
    1.1527708768844604,
    1.1501786708831787,
    1.146907091140747,
    1.1615039110183716,
    1.1605772972106934,
    1.150787115097046,
    1.147086501121521,
    1.1452335119247437,
    1.1460686922073364
  ],
  "val_accuracy": [
    0.1470782458782196,
    0.1470782458782196,
    0.1470782458782196,
    0.1470782458782196,
    0.14823374152183533,
    0.7315945625305176,
    0.14905910193920135,
    0.14905910193920135,
    0.1495543122291565,
    0.14971937239170074,
    0.1495543122291565,
    0.1495543122291565,
    0.1495543122291565,
    0.1495543122291565
  ],
  "val_loss": [
    1.1120843887329102,
    1.1111162900924683,
    1.17190682888031,
    1.1461066007614136,
    1.1025574207305908,
    1.084938406944275,
    1.124904751777649,
    1.1681517362594604,
    1.0744003057479858,
    1.083850383758545,
    1.0939546823501587,
    1.1142263412475586,
    1.131077527999878,
    1.122916340827942
  ],
  "learning_rate": [
    0.0005000000237487257,
    0.0005000000237487257,
    0.0005000000237487257,
    0.0005000000237487257,
    0.0005000000237487257,
    0.0005000000237487257,
    0.0005000000237487257,
    0.0005000000237487257,
    0.0005000000237487257,
    0.0005000000237487257,
    0.0005000000237487257,
    0.0005000000237487257,
    0.0002500000118743628,
    0.0002500000118743628
  ]
}