{
  "f1_macro": 0.7314048074668983,
  "recall_neg": 0.8033707865168539,
  "precision_pos": 0.9535214607540906,
  "confusion_matrix": [
    [
      0.8033707865168539,
      0.17303370786516853,
      0.02359550561797753
    ],
    [
      0.23614775725593667,
      0.5329815303430079,
      0.23087071240105542
    ],
    [
      0.024948968019959175,
      0.06305284645044228,
      0.9119981855295985
    ]
  ],
  "fold": 2,
  "train_time_sec": 64.99010615499719,
  "epochs_ran": 9
}