{
  "f1_macro": 0.7267111844805,
  "recall_neg": 0.7384960718294051,
  "precision_pos": 0.9417319207738369,
  "confusion_matrix": [
    [
      0.7384960718294051,
      0.21773288439955107,
      0.04377104377104377
    ],
    [
      0.18865435356200527,
      0.5290237467018469,
      0.28232189973614774
    ],
    [
      0.019278748015422998,
      0.05330006804264006,
      0.927421183941937
    ]
  ],
  "fold": 1,
  "train_time_sec": 67.1473937510018,
  "epochs_ran": 9
}