{
  "accuracy": [
    0.4239722490310669,
    0.7284134030342102,
    0.8963183164596558,
    0.9601287841796875,
    0.9246326684951782,
    0.983820378780365,
    0.9970282316207886,
    0.99884432554245,
    0.9991745352745056
  ],
  "loss": [
    1.1348004341125488,
    0.7470705509185791,
    0.3240293562412262,
    0.12987470626831055,
    0.16797398030757904,
    0.052659813314676285,
    0.017757633700966835,
    0.010968407616019249,
    0.007227487396448851
  ],
  "val_accuracy": [
    0.291185200214386,
    0.8420270681381226,
    0.8393859267234802,
    0.8497853875160217,
    0.8261802792549133,
    0.860184907913208,
    0.8700891137123108,
    0.860680103302002,
    0.8623307943344116
  ],
  "val_loss": [
    1.181121587753296,
    0.4753038287162781,
    0.44234126806259155,
    0.40857943892478943,
    0.5185393691062927,
    0.46718984842300415,
    0.49892711639404297,
    0.4865252375602722,
    0.5038793087005615
  ],
  "learning_rate": [
    0.0005000000237487257,
    0.0005000000237487257,
    0.0005000000237487257,
    0.0005000000237487257,
    0.0005000000237487257,
    0.0005000000237487257,
    0.0005000000237487257,
    0.0002500000118743628,
    0.0002500000118743628
  ]
}