{
  "accuracy": [
    0.3954601585865021,
    0.7952950596809387,
    0.8908790946006775,
    0.9474205374717712,
    0.9796120524406433,
    0.9901774525642395,
    0.9956252574920654,
    0.998349130153656,
    0.9982666373252869
  ],
  "loss": [
    1.125620722770691,
    0.7251266241073608,
    0.4142116606235504,
    0.1820252239704132,
    0.0748363584280014,
    0.03776109963655472,
    0.021111013367772102,
    0.010304495692253113,
    0.008613603189587593
  ],
  "val_accuracy": [
    0.7231302857398987,
    0.8017170429229736,
    0.8418359160423279,
    0.8486049175262451,
    0.8568598031997681,
    0.8636288642883301,
    0.8684167265892029,
    0.8781574964523315,
    0.8750206232070923
  ],
  "val_loss": [
    0.8349396586418152,
    0.5658170580863953,
    0.4374261498451233,
    0.40876835584640503,
    0.41155126690864563,
    0.417765736579895,
    0.417288213968277,
    0.4268398880958557,
    0.43898069858551025
  ],
  "learning_rate": [
    0.0005000000237487257,
    0.0005000000237487257,
    0.0005000000237487257,
    0.0005000000237487257,
    0.0005000000237487257,
    0.0005000000237487257,
    0.0005000000237487257,
    0.0002500000118743628,
    0.0002500000118743628
  ]
}