{
  "f1_macro": 0.7424026068420763,
  "recall_neg": 0.7898876404494382,
  "precision_pos": 0.9414746543778801,
  "confusion_matrix": [
    [
      0.7898876404494382,
      0.15393258426966291,
      0.056179775280898875
    ],
    [
      0.19920844327176782,
      0.5316622691292876,
      0.2691292875989446
    ],
    [
      0.020185983216148787,
      0.053073259242458606,
      0.9267407575413926
    ]
  ],
  "fold": 3,
  "train_time_sec": 63.19359122100286,
  "epochs_ran": 9
}