{
  "accuracy": [
    0.4949236512184143,
    0.7914155721664429,
    0.9079653024673462,
    0.9517952799797058,
    0.9805200099945068,
    0.9950474500656128,
    0.9976062774658203,
    0.998184084892273,
    0.9992571473121643
  ],
  "loss": [
    1.0852268934249878,
    0.6756448149681091,
    0.35117414593696594,
    0.15060892701148987,
    0.06894145160913467,
    0.02698822133243084,
    0.015720905736088753,
    0.012201640754938126,
    0.007827003486454487
  ],
  "val_accuracy": [
    0.7936272025108337,
    0.8439821600914001,
    0.8451378345489502,
    0.8571900129318237,
    0.8515766859054565,
    0.8652798533439636,
    0.8713884949684143,
    0.8654449582099915,
    0.8687468767166138
  ],
  "val_loss": [
    0.6791324019432068,
    0.47302767634391785,
    0.4311830699443817,
    0.403302401304245,
    0.4269956946372986,
    0.42904403805732727,
    0.46510574221611023,
    0.4712394177913666,
    0.4701712429523468
  ],
  "learning_rate": [
    0.0005000000237487257,
    0.0005000000237487257,
    0.0005000000237487257,
    0.0005000000237487257,
    0.0005000000237487257,
    0.0005000000237487257,
    0.0005000000237487257,
    0.0002500000118743628,
    0.0002500000118743628
  ]
}