{
  "folds": [
    {
      "f1_macro": 0.7267111844805,
      "recall_neg": 0.7384960718294051,
      "precision_pos": 0.9417319207738369,
      "confusion_matrix": [
        [
          0.7384960718294051,
          0.21773288439955107,
          0.04377104377104377
        ],
        [
          0.18865435356200527,
          0.5290237467018469,
          0.28232189973614774
        ],
        [
          0.019278748015422998,
          0.05330006804264006,
          0.927421183941937
        ]
      ],
      "fold": 1,
      "train_time_sec": 67.1473937510018,
      "epochs_ran": 9
    },
    {
      "f1_macro": 0.7314048074668983,
      "recall_neg": 0.8033707865168539,
      "precision_pos": 0.9535214607540906,
      "confusion_matrix": [
        [
          0.8033707865168539,
          0.17303370786516853,
          0.02359550561797753
        ],
        [
          0.23614775725593667,
          0.5329815303430079,
          0.23087071240105542
        ],
        [
          0.024948968019959175,
          0.06305284645044228,
          0.9119981855295985
        ]
      ],
      "fold": 2,
      "train_time_sec": 64.99010615499719,
      "epochs_ran": 9
    },
    {
      "f1_macro": 0.7424026068420763,
      "recall_neg": 0.7898876404494382,
      "precision_pos": 0.9414746543778801,
      "confusion_matrix": [
        [
          0.7898876404494382,
          0.15393258426966291,
          0.056179775280898875
        ],
        [
          0.19920844327176782,
          0.5316622691292876,
          0.2691292875989446
        ],
        [
          0.020185983216148787,
          0.053073259242458606,
          0.9267407575413926
        ]
      ],
      "fold": 3,
      "train_time_sec": 63.19359122100286,
      "epochs_ran": 9
    }
  ],
  "mean_f1_macro": 0.7335061995964915,
  "mean_recall_neg": 0.7772514995985658,
  "mean_precision_pos": 0.9455760119686025,
  "mean_epochs_ran": 9.0
}