{
  "accuracy": [
    0.3264548182487488,
    0.34684276580810547,
    0.33858853578567505,
    0.33157244324684143,
    0.32917869091033936
  ],
  "loss": [
    1.1249083280563354,
    1.1658763885498047,
    1.1547861099243164,
    1.1472452878952026,
    1.142107367515564
  ],
  "val_accuracy": [
    0.12993231415748596,
    0.2743932604789734,
    0.4593032896518707,
    0.2488030344247818,
    0.15040449798107147
  ],
  "val_loss": [
    1.2871155738830566,
    1.0759282112121582,
    1.066808819770813,
    1.088842749595642,
    1.0732550621032715
  ]
}