{
  "f1_macro": 0.11341886793313405,
  "recall_neg": 0.06734006734006734,
  "precision_pos": 0.6666666666666666,
  "fold": 1,
  "train_time_sec": 24.54240560299877
}