{
  "f1_macro": 0.301514629273854,
  "recall_neg": 0.3303370786516854,
  "precision_pos": 0.735270379338176,
  "fold": 3,
  "train_time_sec": 20.762897520002298
}