{
  "accuracy": [
    0.3575732707977295,
    0.34832853078842163,
    0.34560462832450867,
    0.3176227807998657,
    0.33817580342292786
  ],
  "loss": [
    1.1172244548797607,
    1.1653151512145996,
    1.1464815139770508,
    1.1431331634521484,
    1.1370487213134766
  ],
  "val_accuracy": [
    0.45203897356987,
    0.4059765636920929,
    0.5056958794593811,
    0.30279016494750977,
    0.38253259658813477
  ],
  "val_loss": [
    1.0690069198608398,
    1.096765160560608,
    1.0929776430130005,
    1.070119857788086,
    1.091238260269165
  ]
}