{
  "accuracy": [
    0.3367178440093994,
    0.3272247016429901,
    0.3462109863758087,
    0.36016181111335754,
    0.3305266499519348
  ],
  "loss": [
    1.1495497226715088,
    1.168280005455017,
    1.1508023738861084,
    1.128345012664795,
    1.1265324354171753
  ],
  "val_accuracy": [
    0.26031693816185,
    0.3397160768508911,
    0.14691317081451416,
    0.7317596673965454,
    0.13189171254634857
  ],
  "val_loss": [
    1.218127727508545,
    1.1786696910858154,
    1.0717089176177979,
    1.0632339715957642,
    1.1420046091079712
  ]
}