{
  "f1_macro": 0.13335721757470578,
  "recall_neg": 0.8887640449438202,
  "precision_pos": 0.0,
  "fold": 2,
  "train_time_sec": 23.347807418998855
}