{
  "folds": [
    {
      "f1_macro": 0.11341886793313405,
      "recall_neg": 0.06734006734006734,
      "precision_pos": 0.6666666666666666,
      "fold": 1,
      "train_time_sec": 24.54240560299877
    },
    {
      "f1_macro": 0.13335721757470578,
      "recall_neg": 0.8887640449438202,
      "precision_pos": 0.0,
      "fold": 2,
      "train_time_sec": 23.347807418998855
    },
    {
      "f1_macro": 0.301514629273854,
      "recall_neg": 0.3303370786516854,
      "precision_pos": 0.735270379338176,
      "fold": 3,
      "train_time_sec": 20.762897520002298
    }
  ],
  "mean_f1_macro": 0.18276357159389792,
  "mean_recall_neg": 0.4288137303118577,
  "mean_precision_pos": 0.46731234866828086
}