{
  "f1_macro": 0.7591652112857529,
  "recall_neg": 0.8552188552188552,
  "precision_pos": 0.9410828025477707,
  "confusion_matrix": [
    [
      0.8552188552188552,
      0.10774410774410774,
      0.037037037037037035
    ],
    [
      0.20448548812664907,
      0.4973614775725594,
      0.29815303430079154
    ],
    [
      0.015422998412338398,
      0.0462689952370152,
      0.9383080063506464
    ]
  ],
  "fold": 1,
  "train_time_sec": 43.464138765993994,
  "epochs_ran": 10
}