{
  "accuracy": [
    0.4531572461128235,
    0.7708625793457031,
    0.8694180846214294,
    0.9254642724990845,
    0.9516302347183228,
    0.9774659276008606,
    0.9826661348342896,
    0.9932315349578857,
    0.996285617351532,
    0.996533215045929
  ],
  "loss": [
    1.114102840423584,
    0.7694849967956543,
    0.4983111023902893,
    0.2664805054664612,
    0.15799815952777863,
    0.08199924230575562,
    0.058122310787439346,
    0.03168758749961853,
    0.01857100985944271,
    0.01524733379483223
  ],
  "val_accuracy": [
    0.5558857321739197,
    0.7957735061645508,
    0.8228495717048645,
    0.7951130867004395,
    0.8644543290138245,
    0.8353970646858215,
    0.8621429800987244,
    0.8595014214515686,
    0.8599966764450073,
    0.8583456873893738
  ],
  "val_loss": [
    1.0014796257019043,
    0.5856639742851257,
    0.48447972536087036,
    0.5178273320198059,
    0.3787270784378052,
    0.4522082209587097,
    0.4097106456756592,
    0.430633544921875,
    0.4393971264362335,
    0.4537510573863983
  ],
  "learning_rate": [
    0.0005000000237487257,
    0.0005000000237487257,
    0.0005000000237487257,
    0.0005000000237487257,
    0.0005000000237487257,
    0.0005000000237487257,
    0.0005000000237487257,
    0.0005000000237487257,
    0.0002500000118743628,
    0.0002500000118743628
  ]
}