{
  "accuracy": [
    0.5578208565711975,
    0.8044573068618774,
    0.8751134872436523,
    0.9241436123847961,
    0.9560049772262573,
    0.9733388423919678,
    0.9865456223487854,
    0.989269495010376,
    0.9966983199119568,
    0.9976888298988342
  ],
  "loss": [
    1.066484808921814,
    0.7199081778526306,
    0.4829530119895935,
    0.3190862238407135,
    0.18396084010601044,
    0.1035502627491951,
    0.057355549186468124,
    0.04428551346063614,
    0.021035870537161827,
    0.016109537333250046
  ],
  "val_accuracy": [
    0.5435034036636353,
    0.7936272025108337,
    0.8365527391433716,
    0.8535578846931458,
    0.8755159378051758,
    0.8476143479347229,
    0.8454680442810059,
    0.8636288642883301,
    0.8781574964523315,
    0.877497136592865
  ],
  "val_loss": [
    0.9973978996276855,
    0.6105968356132507,
    0.46329715847969055,
    0.40138161182403564,
    0.35397040843963623,
    0.41332539916038513,
    0.4256874620914459,
    0.4036099314689636,
    0.39927834272384644,
    0.40459656715393066
  ],
  "learning_rate": [
    0.0005000000237487257,
    0.0005000000237487257,
    0.0005000000237487257,
    0.0005000000237487257,
    0.0005000000237487257,
    0.0005000000237487257,
    0.0005000000237487257,
    0.0005000000237487257,
    0.0002500000118743628,
    0.0002500000118743628
  ]
}