{
  "f1_macro": 0.7339008667140926,
  "recall_neg": 0.7685393258426966,
  "precision_pos": 0.9291390728476822,
  "confusion_matrix": [
    [
      0.7685393258426966,
      0.16741573033707866,
      0.06404494382022471
    ],
    [
      0.19920844327176782,
      0.4525065963060686,
      0.3482849604221636
    ],
    [
      0.013381719210705375,
      0.03198004082558403,
      0.9546382399637106
    ]
  ],
  "fold": 2,
  "train_time_sec": 40.72757135100255,
  "epochs_ran": 10
}