{
  "f1_macro": 0.7609792008406416,
  "recall_neg": 0.8348314606741573,
  "precision_pos": 0.9326517003778617,
  "confusion_matrix": [
    [
      0.8348314606741573,
      0.11573033707865168,
      0.04943820224719101
    ],
    [
      0.17810026385224276,
      0.48021108179419525,
      0.341688654353562
    ],
    [
      0.014969380811975505,
      0.03334089362667272,
      0.9516897255613518
    ]
  ],
  "fold": 3,
  "train_time_sec": 38.92127094100579,
  "epochs_ran": 10
}