{
  "accuracy": [
    0.6135875582695007,
    0.8074954748153687,
    0.8692421913146973,
    0.9210830330848694,
    0.9475812911987305,
    0.974657416343689,
    0.9867095947265625,
    0.9919101595878601,
    0.9964503645896912,
    0.997606098651886
  ],
  "loss": [
    1.0334125757217407,
    0.6971612572669983,
    0.5010701417922974,
    0.30256643891334534,
    0.19442717730998993,
    0.09777523577213287,
    0.05381861329078674,
    0.037572767585515976,
    0.021654045209288597,
    0.015771852806210518
  ],
  "val_accuracy": [
    0.7175635695457458,
    0.8440079092979431,
    0.8590294122695923,
    0.8461538553237915,
    0.8709145188331604,
    0.8582040071487427,
    0.8705843687057495,
    0.8724001049995422,
    0.8798283338546753,
    0.8742159008979797
  ],
  "val_loss": [
    0.8494020104408264,
    0.492244154214859,
    0.4400922954082489,
    0.42649567127227783,
    0.38234126567840576,
    0.40907248854637146,
    0.39904725551605225,
    0.40993204712867737,
    0.417910635471344,
    0.4356468915939331
  ],
  "learning_rate": [
    0.0005000000237487257,
    0.0005000000237487257,
    0.0005000000237487257,
    0.0005000000237487257,
    0.0005000000237487257,
    0.0005000000237487257,
    0.0005000000237487257,
    0.0005000000237487257,
    0.0002500000118743628,
    0.0002500000118743628
  ]
}