{
  "folds": [
    {
      "f1_macro": 0.7591652112857529,
      "recall_neg": 0.8552188552188552,
      "precision_pos": 0.9410828025477707,
      "confusion_matrix": [
        [
          0.8552188552188552,
          0.10774410774410774,
          0.037037037037037035
        ],
        [
          0.20448548812664907,
          0.4973614775725594,
          0.29815303430079154
        ],
        [
          0.015422998412338398,
          0.0462689952370152,
          0.9383080063506464
        ]
      ],
      "fold": 1,
      "train_time_sec": 43.464138765993994,
      "epochs_ran": 10
    },
    {
      "f1_macro": 0.7339008667140926,
      "recall_neg": 0.7685393258426966,
      "precision_pos": 0.9291390728476822,
      "confusion_matrix": [
        [
          0.7685393258426966,
          0.16741573033707866,
          0.06404494382022471
        ],
        [
          0.19920844327176782,
          0.4525065963060686,
          0.3482849604221636
        ],
        [
          0.013381719210705375,
          0.03198004082558403,
          0.9546382399637106
        ]
      ],
      "fold": 2,
      "train_time_sec": 40.72757135100255,
      "epochs_ran": 10
    },
    {
      "f1_macro": 0.7609792008406416,
      "recall_neg": 0.8348314606741573,
      "precision_pos": 0.9326517003778617,
      "confusion_matrix": [
        [
          0.8348314606741573,
          0.11573033707865168,
          0.04943820224719101
        ],
        [
          0.17810026385224276,
          0.48021108179419525,
          0.341688654353562
        ],
        [
          0.014969380811975505,
          0.03334089362667272,
          0.9516897255613518
        ]
      ],
      "fold": 3,
      "train_time_sec": 38.92127094100579,
      "epochs_ran": 10
    }
  ],
  "mean_f1_macro": 0.7513484262801624,
  "mean_recall_neg": 0.8195298805785697,
  "mean_precision_pos": 0.9342911919244382,
  "mean_epochs_ran": 10.0
}