{
  "f1_macro": 0.7881351551491718,
  "recall_neg": 0.7934904601571269,
  "precision_pos": 0.9469593049839964,
  "confusion_matrix": [
    [
      0.7934904601571269,
      0.17059483726150393,
      0.03591470258136925
    ],
    [
      0.10026385224274406,
      0.6358839050131926,
      0.2638522427440633
    ],
    [
      0.0074846904059877525,
      0.053073259242458606,
      0.9394420503515536
    ]
  ],
  "fold": 1,
  "train_time_sec": 33.492017784999916,
  "epochs_ran": 11
}