{
  "accuracy": [
    0.400907963514328,
    0.7816756367683411,
    0.8265786170959473,
    0.8610813021659851,
    0.8925299048423767,
    0.9186133146286011,
    0.9305819272994995,
    0.9420552849769592,
    0.9546842575073242,
    0.9573256373405457,
    0.9689640998840332,
    0.9787866473197937,
    0.9810152649879456
  ],
  "loss": [
    1.0929040908813477,
    0.8675997257232666,
    0.6934590935707092,
    0.5020630359649658,
    0.36423444747924805,
    0.27105703949928284,
    0.23661546409130096,
    0.19590041041374207,
    0.15553802251815796,
    0.14245013892650604,
    0.10584285855293274,
    0.08006659895181656,
    0.06992711126804352
  ],
  "val_accuracy": [
    0.48687469959259033,
    0.7919762134552002,
    0.7843816876411438,
    0.7972593903541565,
    0.7789334654808044,
    0.829123318195343,
    0.8273072242736816,
    0.8491002321243286,
    0.8573551177978516,
    0.8352319598197937,
    0.8573551177978516,
    0.8550437688827515,
    0.8621429800987244
  ],
  "val_loss": [
    1.505539059638977,
    0.6997500658035278,
    0.5983894467353821,
    0.5232860445976257,
    0.5583916902542114,
    0.49652808904647827,
    0.45287010073661804,
    0.4183952510356903,
    0.4381352365016937,
    0.5124253630638123,
    0.45775213837623596,
    0.48337873816490173,
    0.468294620513916
  ],
  "learning_rate": [
    0.0005000000237487257,
    0.0005000000237487257,
    0.0005000000237487257,
    0.0005000000237487257,
    0.0005000000237487257,
    0.0005000000237487257,
    0.0005000000237487257,
    0.0005000000237487257,
    0.0005000000237487257,
    0.0005000000237487257,
    0.0005000000237487257,
    0.0002500000118743628,
    0.0002500000118743628
  ]
}