{
  "f1_macro": 0.7478600771606926,
  "recall_neg": 0.6404494382022472,
  "precision_pos": 0.957122439256789,
  "confusion_matrix": [
    [
      0.6404494382022472,
      0.3348314606741573,
      0.024719101123595506
    ],
    [
      0.059366754617414245,
      0.7321899736147758,
      0.20844327176781002
    ],
    [
      0.0020412792016330232,
      0.08664096166931277,
      0.9113177591290542
    ]
  ],
  "fold": 3,
  "train_time_sec": 37.771367526001995,
  "epochs_ran": 13
}