{
  "accuracy": [
    0.28751856088638306,
    0.8017170429229736,
    0.8519894480705261,
    0.8874855637550354,
    0.9165428280830383,
    0.9340432286262512,
    0.9544329047203064,
    0.9664850831031799,
    0.9743272066116333,
    0.9824995994567871,
    0.9859666228294373
  ],
  "loss": [
    1.1142405271530151,
    0.7866611480712891,
    0.5289750099182129,
    0.36585527658462524,
    0.2668145000934601,
    0.19464091956615448,
    0.14051170647144318,
    0.108249731361866,
    0.08928029239177704,
    0.064247265458107,
    0.04904479533433914
  ],
  "val_accuracy": [
    0.7915153503417969,
    0.844338059425354,
    0.8352591395378113,
    0.8489600419998169,
    0.8481346964836121,
    0.8799933791160583,
    0.860184907913208,
    0.872895359992981,
    0.8656322360038757,
    0.868768572807312,
    0.8761967420578003
  ],
  "val_loss": [
    0.8535404205322266,
    0.5243335962295532,
    0.4581969380378723,
    0.4146425127983093,
    0.41672998666763306,
    0.36471429467201233,
    0.41921722888946533,
    0.41018396615982056,
    0.4395023584365845,
    0.4461473524570465,
    0.44746410846710205
  ],
  "learning_rate": [
    0.0005000000237487257,
    0.0005000000237487257,
    0.0005000000237487257,
    0.0005000000237487257,
    0.0005000000237487257,
    0.0005000000237487257,
    0.0005000000237487257,
    0.0005000000237487257,
    0.0005000000237487257,
    0.0002500000118743628,
    0.0002500000118743628
  ]
}