{
  "accuracy": [
    0.29071399569511414,
    0.7377631068229675,
    0.8124638795852661,
    0.8567891120910645,
    0.8988031148910522,
    0.922410249710083,
    0.9419727325439453,
    0.9541064500808716,
    0.9683037400245667,
    0.9780437350273132,
    0.9825010299682617
  ],
  "loss": [
    1.1535042524337769,
    0.8992993831634521,
    0.6632357835769653,
    0.4728667438030243,
    0.3476465046405792,
    0.25203025341033936,
    0.18413294851779938,
    0.13110996782779694,
    0.0950150266289711,
    0.06984516978263855,
    0.05897046998143196
  ],
  "val_accuracy": [
    0.769027590751648,
    0.7371636033058167,
    0.8307743072509766,
    0.8355621695518494,
    0.8424962759017944,
    0.8596665263175964,
    0.8537229895591736,
    0.8532276749610901,
    0.8745253682136536,
    0.8730394840240479,
    0.877497136592865
  ],
  "val_loss": [
    0.7958444356918335,
    0.6732767820358276,
    0.46826744079589844,
    0.42397117614746094,
    0.4081500768661499,
    0.3829420506954193,
    0.38917139172554016,
    0.4096832871437073,
    0.4059116542339325,
    0.40774381160736084,
    0.4150468111038208
  ],
  "learning_rate": [
    0.0005000000237487257,
    0.0005000000237487257,
    0.0005000000237487257,
    0.0005000000237487257,
    0.0005000000237487257,
    0.0005000000237487257,
    0.0005000000237487257,
    0.0005000000237487257,
    0.0005000000237487257,
    0.0002500000118743628,
    0.0002500000118743628
  ]
}