{
  "f1_macro": 0.7798208157883959,
  "recall_neg": 0.8617977528089887,
  "precision_pos": 0.9693145261073992,
  "confusion_matrix": [
    [
      0.8617977528089887,
      0.1258426966292135,
      0.012359550561797753
    ],
    [
      0.16094986807387862,
      0.6899736147757256,
      0.14907651715039577
    ],
    [
      0.00612383760489907,
      0.10546609208437287,
      0.888410070310728
    ]
  ],
  "fold": 2,
  "train_time_sec": 31.956915331000346,
  "epochs_ran": 11
}