{
  "folds": [
    {
      "f1_macro": 0.7881351551491718,
      "recall_neg": 0.7934904601571269,
      "precision_pos": 0.9469593049839964,
      "confusion_matrix": [
        [
          0.7934904601571269,
          0.17059483726150393,
          0.03591470258136925
        ],
        [
          0.10026385224274406,
          0.6358839050131926,
          0.2638522427440633
        ],
        [
          0.0074846904059877525,
          0.053073259242458606,
          0.9394420503515536
        ]
      ],
      "fold": 1,
      "train_time_sec": 33.492017784999916,
      "epochs_ran": 11
    },
    {
      "f1_macro": 0.7798208157883959,
      "recall_neg": 0.8617977528089887,
      "precision_pos": 0.9693145261073992,
      "confusion_matrix": [
        [
          0.8617977528089887,
          0.1258426966292135,
          0.012359550561797753
        ],
        [
          0.16094986807387862,
          0.6899736147757256,
          0.14907651715039577
        ],
        [
          0.00612383760489907,
          0.10546609208437287,
          0.888410070310728
        ]
      ],
      "fold": 2,
      "train_time_sec": 31.956915331000346,
      "epochs_ran": 11
    },
    {
      "f1_macro": 0.7478600771606926,
      "recall_neg": 0.6404494382022472,
      "precision_pos": 0.957122439256789,
      "confusion_matrix": [
        [
          0.6404494382022472,
          0.3348314606741573,
          0.024719101123595506
        ],
        [
          0.059366754617414245,
          0.7321899736147758,
          0.20844327176781002
        ],
        [
          0.0020412792016330232,
          0.08664096166931277,
          0.9113177591290542
        ]
      ],
      "fold": 3,
      "train_time_sec": 37.771367526001995,
      "epochs_ran": 13
    }
  ],
  "mean_f1_macro": 0.7719386826994201,
  "mean_recall_neg": 0.7652458837227876,
  "mean_precision_pos": 0.9577987567827281,
  "mean_epochs_ran": 11.666666666666666
}