{
  "f1_macro": 0.7663566804735735,
  "recall_neg": 0.7620650953984287,
  "precision_pos": 0.9545886828340466,
  "confusion_matrix": [
    [
      0.7620650953984287,
      0.20987654320987653,
      0.028058361391694726
    ],
    [
      0.11081794195250659,
      0.6701846965699209,
      0.21899736147757257
    ],
    [
      0.004989793603991835,
      0.0843728736674983,
      0.9106373327285099
    ]
  ],
  "fold": 1,
  "train_time_sec": 30.02706202599802,
  "epochs_ran": 12
}