{
  "accuracy": [
    0.3010566234588623,
    0.6958890557289124,
    0.8261515498161316,
    0.8660227656364441,
    0.8775796890258789,
    0.8955753445625305,
    0.905316174030304,
    0.9166253805160522,
    0.9221561551094055,
    0.9348687529563904,
    0.9465907216072083,
    0.9549281597137451
  ],
  "loss": [
    1.1503386497497559,
    0.8586075305938721,
    0.6118683815002441,
    0.480881929397583,
    0.3932678997516632,
    0.3276118040084839,
    0.28865325450897217,
    0.26316437125205994,
    0.222097247838974,
    0.19468747079372406,
    0.15141548216342926,
    0.13454033434391022
  ],
  "val_accuracy": [
    0.41333773732185364,
    0.8202376961708069,
    0.8217233419418335,
    0.8167712092399597,
    0.8365797400474548,
    0.8088477849960327,
    0.8586992621421814,
    0.7883790135383606,
    0.8662924766540527,
    0.8423572182655334,
    0.8611752986907959,
    0.860184907913208
  ],
  "val_loss": [
    1.0907132625579834,
    0.5274561047554016,
    0.49680376052856445,
    0.4954690635204315,
    0.467917799949646,
    0.5140939950942993,
    0.39974987506866455,
    0.5786774158477783,
    0.40511441230773926,
    0.4958370327949524,
    0.45159322023391724,
    0.45786911249160767
  ],
  "learning_rate": [
    0.0005000000237487257,
    0.0005000000237487257,
    0.0005000000237487257,
    0.0005000000237487257,
    0.0005000000237487257,
    0.0005000000237487257,
    0.0005000000237487257,
    0.0005000000237487257,
    0.0005000000237487257,
    0.0005000000237487257,
    0.0002500000118743628,
    0.0002500000118743628
  ]
}