{
  "accuracy": [
    0.263144850730896,
    0.672141969203949,
    0.8206355571746826,
    0.8625670671463013,
    0.8787453770637512,
    0.8997110724449158,
    0.9175402522087097,
    0.9286009073257446,
    0.9394965171813965,
    0.9401568174362183,
    0.9577383399009705,
    0.9629384875297546
  ],
  "loss": [
    1.150549054145813,
    0.8746201992034912,
    0.6069718599319458,
    0.44905921816825867,
    0.36824530363082886,
    0.2981518805027008,
    0.2426811009645462,
    0.2011505514383316,
    0.17648975551128387,
    0.15943796932697296,
    0.12100030481815338,
    0.10351333022117615
  ],
  "val_accuracy": [
    0.4431236684322357,
    0.7736503481864929,
    0.7861977815628052,
    0.8317648768424988,
    0.8550437688827515,
    0.8297837376594543,
    0.8621429800987244,
    0.8588410019874573,
    0.8573551177978516,
    0.8651147484779358,
    0.8599966764450073,
    0.8713884949684143
  ],
  "val_loss": [
    1.0674890279769897,
    0.5862048864364624,
    0.5419536232948303,
    0.4095551073551178,
    0.38356390595436096,
    0.4445030391216278,
    0.37745600938796997,
    0.39764025807380676,
    0.41853466629981995,
    0.4168108105659485,
    0.43861496448516846,
    0.4332069754600525
  ],
  "learning_rate": [
    0.0005000000237487257,
    0.0005000000237487257,
    0.0005000000237487257,
    0.0005000000237487257,
    0.0005000000237487257,
    0.0005000000237487257,
    0.0005000000237487257,
    0.0005000000237487257,
    0.0005000000237487257,
    0.0005000000237487257,
    0.0002500000118743628,
    0.0002500000118743628
  ]
}