{
  "accuracy": [
    0.23962029814720154,
    0.731737494468689,
    0.8103178143501282,
    0.8274040222167969,
    0.8547255396842957,
    0.8800660371780396,
    0.9002063274383545,
    0.9140734672546387,
    0.9202641248703003,
    0.9276929497718811,
    0.9483284950256348,
    0.9561700224876404
  ],
  "loss": [
    1.147169828414917,
    0.8403369784355164,
    0.6362851858139038,
    0.5502999424934387,
    0.45584598183631897,
    0.371469110250473,
    0.30395376682281494,
    0.25318002700805664,
    0.22652769088745117,
    0.1996869444847107,
    0.14966318011283875,
    0.12748324871063232
  ],
  "val_accuracy": [
    0.5202245116233826,
    0.8041934967041016,
    0.817566454410553,
    0.8045237064361572,
    0.8045237064361572,
    0.8332507610321045,
    0.8471190333366394,
    0.8439821600914001,
    0.8320950865745544,
    0.8494303822517395,
    0.8479444980621338,
    0.845302939414978
  ],
  "val_loss": [
    1.0323938131332397,
    0.5767123103141785,
    0.5051730871200562,
    0.5017406344413757,
    0.5035325288772583,
    0.46784284710884094,
    0.4419773519039154,
    0.4557926058769226,
    0.4863559305667877,
    0.4839525818824768,
    0.47973835468292236,
    0.4921739101409912
  ],
  "learning_rate": [
    0.0005000000237487257,
    0.0005000000237487257,
    0.0005000000237487257,
    0.0005000000237487257,
    0.0005000000237487257,
    0.0005000000237487257,
    0.0005000000237487257,
    0.0005000000237487257,
    0.0005000000237487257,
    0.0005000000237487257,
    0.0002500000118743628,
    0.0002500000118743628
  ]
}