{
  "f1_macro": 0.7553060634661034,
  "recall_neg": 0.7775280898876404,
  "precision_pos": 0.9508552156106962,
  "confusion_matrix": [
    [
      0.7775280898876404,
      0.19101123595505617,
      0.03146067415730337
    ],
    [
      0.11873350923482849,
      0.6490765171503958,
      0.23218997361477572
    ],
    [
      0.007711499206169199,
      0.09707416647765933,
      0.8952143343161715
    ]
  ],
  "fold": 3,
  "train_time_sec": 29.537831428999198,
  "epochs_ran": 12
}