{
  "f1_macro": 0.7765572902609003,
  "recall_neg": 0.8235955056179776,
  "precision_pos": 0.9604247104247104,
  "confusion_matrix": [
    [
      0.8235955056179776,
      0.149438202247191,
      0.02696629213483146
    ],
    [
      0.1437994722955145,
      0.6715039577836411,
      0.18469656992084432
    ],
    [
      0.0052166024041732815,
      0.0920843728736675,
      0.9026990247221592
    ]
  ],
  "fold": 2,
  "train_time_sec": 28.720593794001616,
  "epochs_ran": 12
}