{
  "folds": [
    {
      "f1_macro": 0.7663566804735735,
      "recall_neg": 0.7620650953984287,
      "precision_pos": 0.9545886828340466,
      "confusion_matrix": [
        [
          0.7620650953984287,
          0.20987654320987653,
          0.028058361391694726
        ],
        [
          0.11081794195250659,
          0.6701846965699209,
          0.21899736147757257
        ],
        [
          0.004989793603991835,
          0.0843728736674983,
          0.9106373327285099
        ]
      ],
      "fold": 1,
      "train_time_sec": 30.02706202599802,
      "epochs_ran": 12
    },
    {
      "f1_macro": 0.7765572902609003,
      "recall_neg": 0.8235955056179776,
      "precision_pos": 0.9604247104247104,
      "confusion_matrix": [
        [
          0.8235955056179776,
          0.149438202247191,
          0.02696629213483146
        ],
        [
          0.1437994722955145,
          0.6715039577836411,
          0.18469656992084432
        ],
        [
          0.0052166024041732815,
          0.0920843728736675,
          0.9026990247221592
        ]
      ],
      "fold": 2,
      "train_time_sec": 28.720593794001616,
      "epochs_ran": 12
    },
    {
      "f1_macro": 0.7553060634661034,
      "recall_neg": 0.7775280898876404,
      "precision_pos": 0.9508552156106962,
      "confusion_matrix": [
        [
          0.7775280898876404,
          0.19101123595505617,
          0.03146067415730337
        ],
        [
          0.11873350923482849,
          0.6490765171503958,
          0.23218997361477572
        ],
        [
          0.007711499206169199,
          0.09707416647765933,
          0.8952143343161715
        ]
      ],
      "fold": 3,
      "train_time_sec": 29.537831428999198,
      "epochs_ran": 12
    }
  ],
  "mean_f1_macro": 0.7660733447335257,
  "mean_recall_neg": 0.7877295636346823,
  "mean_precision_pos": 0.9552895362898178,
  "mean_epochs_ran": 12.0
}