{
  "accuracy": [
    0.17276103794574738,
    0.1470903903245926,
    0.1471729278564453,
    0.2435823380947113,
    0.26182419061660767,
    0.19397440552711487,
    0.2783326506614685,
    0.27734214067459106,
    0.1512175053358078,
    0.44193148612976074,
    0.15154767036437988
  ],
  "loss": [
    1.1691577434539795,
    1.167340874671936,
    1.1648467779159546,
    1.1603480577468872,
    1.1564956903457642,
    1.1521445512771606,
    1.149027705192566,
    1.1485689878463745,
    1.145027756690979,
    1.178973913192749,
    1.1488803625106812
  ],
  "val_accuracy": [
    0.14710251986980438,
    0.14710251986980438,
    0.14710251986980438,
    0.13174839317798615,
    0.14792801439762115,
    0.7305597066879272,
    0.14759781956672668,
    0.14924880862236023,
    0.14941389858722687,
    0.14875350892543793,
    0.14941389858722687
  ],
  "val_loss": [
    1.1272838115692139,
    1.1428325176239014,
    1.1512948274612427,
    1.1120966672897339,
    1.1213263273239136,
    1.0517992973327637,
    1.127031922340393,
    1.1156630516052246,
    1.1506390571594238,
    1.1556655168533325,
    1.1137707233428955
  ],
  "learning_rate": [
    0.0005000000237487257,
    0.0005000000237487257,
    0.0005000000237487257,
    0.0005000000237487257,
    0.0005000000237487257,
    0.0005000000237487257,
    0.0005000000237487257,
    0.0005000000237487257,
    0.0005000000237487257,
    0.0002500000118743628,
    0.0002500000118743628
  ]
}