{
  "f1_macro": 0.32180898669637464,
  "recall_neg": 0.06292134831460675,
  "precision_pos": 0.7354568315171836,
  "confusion_matrix": [
    [
      0.06292134831460675,
      0.0,
      0.9370786516853933
    ],
    [
      0.0158311345646438,
      0.002638522427440633,
      0.9815303430079155
    ],
    [
      0.004762984803810388,
      0.00022680880018144704,
      0.9950102063960081
    ]
  ],
  "fold": 2,
  "train_time_sec": 22.414556723990245,
  "epochs_ran": 13
}