{
  "accuracy": [
    0.14693742990493774,
    0.14726762473583221,
    0.14735017716884613,
    0.14743272960186005,
    0.1594848930835724,
    0.15964999794960022,
    0.2625887393951416
  ],
  "loss": [
    1.169629693031311,
    1.16801118850708,
    1.165510654449463,
    1.1611138582229614,
    1.1549040079116821,
    1.1517133712768555,
    1.1518421173095703
  ],
  "val_accuracy": [
    0.1470782458782196,
    0.1470782458782196,
    0.1470782458782196,
    0.1474083811044693,
    0.1477385312318802,
    0.14872895181179047,
    0.14905910193920135
  ],
  "val_loss": [
    1.1396336555480957,
    1.1126686334609985,
    1.1874994039535522,
    1.112401008605957,
    1.1120549440383911,
    1.140038013458252,
    1.1393098831176758
  ],
  "learning_rate": [
    0.0005000000237487257,
    0.0005000000237487257,
    0.0005000000237487257,
    0.0005000000237487257,
    0.0005000000237487257,
    0.0005000000237487257,
    0.0005000000237487257
  ]
}