{
  "f1_macro": 0.31637728581977537,
  "recall_neg": 0.05393258426966292,
  "precision_pos": 0.7337695017614494,
  "confusion_matrix": [
    [
      0.05393258426966292,
      0.0,
      0.946067415730337
    ],
    [
      0.013192612137203167,
      0.00395778364116095,
      0.9828496042216359
    ],
    [
      0.007938308006350647,
      0.0,
      0.9920616919936494
    ]
  ],
  "fold": 3,
  "train_time_sec": 18.78713174900622,
  "epochs_ran": 11
}