{
  "accuracy": [
    0.14486174285411835,
    0.1475030928850174,
    0.14758563041687012,
    0.270408570766449,
    0.19702847301959991,
    0.2366487830877304,
    0.2979777157306671,
    0.22748658061027527,
    0.24663640558719635,
    0.33289310336112976,
    0.24713166058063507,
    0.15096987783908844,
    0.15278580784797668
  ],
  "loss": [
    1.1696577072143555,
    1.1675834655761719,
    1.165462851524353,
    1.161653995513916,
    1.1550910472869873,
    1.1525211334228516,
    1.1529768705368042,
    1.1490861177444458,
    1.146349549293518,
    1.1609196662902832,
    1.1677558422088623,
    1.155670166015625,
    1.152582049369812
  ],
  "val_accuracy": [
    0.14710251986980438,
    0.14710251986980438,
    0.14726762473583221,
    0.14726762473583221,
    0.14743272960186005,
    0.14776292443275452,
    0.14792801439762115,
    0.7338616251945496,
    0.14875350892543793,
    0.1490837037563324,
    0.14941389858722687,
    0.1490837037563324,
    0.14941389858722687
  ],
  "val_loss": [
    1.1238545179367065,
    1.114108681678772,
    1.139449119567871,
    1.1515601873397827,
    1.0896090269088745,
    1.1702277660369873,
    1.141180157661438,
    1.0872775316238403,
    1.1002486944198608,
    1.3041660785675049,
    1.1320515871047974,
    1.1352704763412476,
    1.1033008098602295
  ],
  "learning_rate": [
    0.0005000000237487257,
    0.0005000000237487257,
    0.0005000000237487257,
    0.0005000000237487257,
    0.0005000000237487257,
    0.0005000000237487257,
    0.0005000000237487257,
    0.0005000000237487257,
    0.0005000000237487257,
    0.0005000000237487257,
    0.0005000000237487257,
    0.0002500000118743628,
    0.0002500000118743628
  ]
}