{
  "folds": [
    {
      "f1_macro": 0.08547992516908907,
      "recall_neg": 1.0,
      "precision_pos": 0.0,
      "confusion_matrix": [
        [
          1.0,
          0.0,
          0.0
        ],
        [
          1.0,
          0.0,
          0.0
        ],
        [
          1.0,
          0.0,
          0.0
        ]
      ],
      "fold": 1,
      "train_time_sec": 13.325418102002004,
      "epochs_ran": 7
    },
    {
      "f1_macro": 0.32180898669637464,
      "recall_neg": 0.06292134831460675,
      "precision_pos": 0.7354568315171836,
      "confusion_matrix": [
        [
          0.06292134831460675,
          0.0,
          0.9370786516853933
        ],
        [
          0.0158311345646438,
          0.002638522427440633,
          0.9815303430079155
        ],
        [
          0.004762984803810388,
          0.00022680880018144704,
          0.9950102063960081
        ]
      ],
      "fold": 2,
      "train_time_sec": 22.414556723990245,
      "epochs_ran": 13
    },
    {
      "f1_macro": 0.31637728581977537,
      "recall_neg": 0.05393258426966292,
      "precision_pos": 0.7337695017614494,
      "confusion_matrix": [
        [
          0.05393258426966292,
          0.0,
          0.946067415730337
        ],
        [
          0.013192612137203167,
          0.00395778364116095,
          0.9828496042216359
        ],
        [
          0.007938308006350647,
          0.0,
          0.9920616919936494
        ]
      ],
      "fold": 3,
      "train_time_sec": 18.78713174900622,
      "epochs_ran": 11
    }
  ],
  "mean_f1_macro": 0.2412220658950797,
  "mean_recall_neg": 0.37228464419475654,
  "mean_precision_pos": 0.4897421110928777,
  "mean_epochs_ran": 10.333333333333334
}