{
  "f1_macro": 0.312840319205446,
  "recall_neg": 0.052808988764044947,
  "precision_pos": 0.7335570469798658,
  "confusion_matrix": [
    [
      0.052808988764044947,
      0.0,
      0.9471910112359551
    ],
    [
      0.017150395778364115,
      0.0,
      0.9828496042216359
    ],
    [
      0.00839192560671354,
      0.0,
      0.9916080743932865
    ]
  ],
  "fold": 3,
  "train_time_sec": 12.663969392990111,
  "epochs_ran": 7
}