{
  "f1_macro": 0.3122886399621993,
  "recall_neg": 0.04719101123595506,
  "precision_pos": 0.7334893830463133,
  "confusion_matrix": [
    [
      0.04719101123595506,
      0.0,
      0.952808988764045
    ],
    [
      0.013192612137203167,
      0.002638522427440633,
      0.9841688654353562
    ],
    [
      0.004989793603991835,
      0.0,
      0.9950102063960081
    ]
  ],
  "fold": 2,
  "train_time_sec": 18.009401900999364,
  "epochs_ran": 10
}