{
  "accuracy": [
    0.15988443791866302,
    0.16236071288585663,
    0.281139075756073,
    0.14197276532649994,
    0.14725546538829803,
    0.14725546538829803,
    0.14725546538829803
  ],
  "loss": [
    1.1692780256271362,
    1.1672865152359009,
    1.177242398262024,
    1.161761999130249,
    1.1581631898880005,
    1.1568838357925415,
    1.1555144786834717
  ],
  "val_accuracy": [
    0.14693742990493774,
    0.7295690774917603,
    0.14693742990493774,
    0.14710251986980438,
    0.14710251986980438,
    0.14710251986980438,
    0.14710251986980438
  ],
  "val_loss": [
    1.146666169166565,
    0.9063963294029236,
    1.1317510604858398,
    1.133479356765747,
    1.1432183980941772,
    1.0962345600128174,
    1.1296417713165283
  ],
  "learning_rate": [
    0.0005000000237487257,
    0.0005000000237487257,
    0.0005000000237487257,
    0.0005000000237487257,
    0.0005000000237487257,
    0.0002500000118743628,
    0.0002500000118743628
  ]
}