{
  "accuracy": [
    0.2100701630115509,
    0.14725546538829803,
    0.21708625555038452,
    0.14758563041687012,
    0.32546430826187134,
    0.21956253051757812,
    0.149566650390625,
    0.149566650390625,
    0.14973174035549164,
    0.14973174035549164
  ],
  "loss": [
    1.1692578792572021,
    1.167129397392273,
    1.1615256071090698,
    1.1561086177825928,
    1.1741857528686523,
    1.1670536994934082,
    1.1633431911468506,
    1.1621190309524536,
    1.1611295938491821,
    1.15948486328125
  ],
  "val_accuracy": [
    0.14693742990493774,
    0.14693742990493774,
    0.14710251986980438,
    0.14743272960186005,
    0.7315502762794495,
    0.14792801439762115,
    0.14792801439762115,
    0.148093119263649,
    0.14792801439762115,
    0.148093119263649
  ],
  "val_loss": [
    1.1267205476760864,
    1.1230024099349976,
    1.1173362731933594,
    1.1356258392333984,
    1.0368003845214844,
    1.122348427772522,
    1.141125202178955,
    1.1015195846557617,
    1.139557123184204,
    1.1221238374710083
  ],
  "learning_rate": [
    0.0005000000237487257,
    0.0005000000237487257,
    0.0005000000237487257,
    0.0005000000237487257,
    0.0005000000237487257,
    0.0005000000237487257,
    0.0005000000237487257,
    0.0005000000237487257,
    0.0002500000118743628,
    0.0002500000118743628
  ]
}