{
  "accuracy": [
    0.18499256670475006,
    0.2042265087366104,
    0.2303120344877243,
    0.23493479192256927,
    0.4184414744377136,
    0.3206207752227783,
    0.38294535875320435,
    0.6259699463844299,
    0.6031863689422607,
    0.618870735168457,
    0.660475492477417,
    0.6926696300506592,
    0.5500247478485107,
    0.2127290666103363,
    0.15032194554805756,
    0.15189038217067719,
    0.15172527730464935
  ],
  "loss": [
    1.1688978672027588,
    1.167248010635376,
    1.1627777814865112,
    1.1573071479797363,
    1.1581785678863525,
    1.1446658372879028,
    1.149694561958313,
    1.062869906425476,
    1.020199179649353,
    1.0136134624481201,
    0.9934655427932739,
    0.980346143245697,
    1.1341606378555298,
    1.157159447669983,
    1.152116298675537,
    1.1557892560958862,
    1.1603761911392212
  ],
  "val_accuracy": [
    0.1470782458782196,
    0.1470782458782196,
    0.1470782458782196,
    0.1470782458782196,
    0.1477385312318802,
    0.75767582654953,
    0.7665896415710449,
    0.57807856798172,
    0.5987124443054199,
    0.6378342509269714,
    0.6614394187927246,
    0.745460569858551,
    0.7315945625305176,
    0.14905910193920135,
    0.1498844474554062,
    0.1488940268754959,
    0.14905910193920135
  ],
  "val_loss": [
    1.1446574926376343,
    1.147390604019165,
    1.1285240650177002,
    1.178043246269226,
    1.116084098815918,
    1.0185918807983398,
    1.0445101261138916,
    0.9805342555046082,
    0.9404790997505188,
    0.9196240305900574,
    0.9340991377830505,
    0.8618898987770081,
    0.9896630048751831,
    1.1146862506866455,
    1.0934957265853882,
    1.124394178390503,
    1.1302238702774048
  ],
  "learning_rate": [
    0.0005000000237487257,
    0.0005000000237487257,
    0.0005000000237487257,
    0.0005000000237487257,
    0.0005000000237487257,
    0.0005000000237487257,
    0.0005000000237487257,
    0.0005000000237487257,
    0.0005000000237487257,
    0.0005000000237487257,
    0.0005000000237487257,
    0.0005000000237487257,
    0.0005000000237487257,
    0.0005000000237487257,
    0.0005000000237487257,
    0.0002500000118743628,
    0.0002500000118743628
  ]
}