{
  "f1_macro": 0.47534284846503577,
  "recall_neg": 0.8282828282828283,
  "precision_pos": 0.876362792855486,
  "confusion_matrix": [
    [
      0.8282828282828283,
      0.0,
      0.1717171717171717
    ],
    [
      0.49868073878627966,
      0.0,
      0.5013192612137203
    ],
    [
      0.1431163529144931,
      0.0,
      0.8568836470855069
    ]
  ],
  "fold": 1,
  "train_time_sec": 31.850680507996003,
  "epochs_ran": 17
}