{
  "folds": [
    {
      "f1_macro": 0.47534284846503577,
      "recall_neg": 0.8282828282828283,
      "precision_pos": 0.876362792855486,
      "confusion_matrix": [
        [
          0.8282828282828283,
          0.0,
          0.1717171717171717
        ],
        [
          0.49868073878627966,
          0.0,
          0.5013192612137203
        ],
        [
          0.1431163529144931,
          0.0,
          0.8568836470855069
        ]
      ],
      "fold": 1,
      "train_time_sec": 31.850680507996003,
      "epochs_ran": 17
    },
    {
      "f1_macro": 0.3122886399621993,
      "recall_neg": 0.04719101123595506,
      "precision_pos": 0.7334893830463133,
      "confusion_matrix": [
        [
          0.04719101123595506,
          0.0,
          0.952808988764045
        ],
        [
          0.013192612137203167,
          0.002638522427440633,
          0.9841688654353562
        ],
        [
          0.004989793603991835,
          0.0,
          0.9950102063960081
        ]
      ],
      "fold": 2,
      "train_time_sec": 18.009401900999364,
      "epochs_ran": 10
    },
    {
      "f1_macro": 0.312840319205446,
      "recall_neg": 0.052808988764044947,
      "precision_pos": 0.7335570469798658,
      "confusion_matrix": [
        [
          0.052808988764044947,
          0.0,
          0.9471910112359551
        ],
        [
          0.017150395778364115,
          0.0,
          0.9828496042216359
        ],
        [
          0.00839192560671354,
          0.0,
          0.9916080743932865
        ]
      ],
      "fold": 3,
      "train_time_sec": 12.663969392990111,
      "epochs_ran": 7
    }
  ],
  "mean_f1_macro": 0.3668239358775604,
  "mean_recall_neg": 0.30942760942760944,
  "mean_precision_pos": 0.7811364076272218,
  "mean_epochs_ran": 11.333333333333334
}