{
  "f1_macro": 0.2665633662494123,
  "recall_neg": 0.32471910112359553,
  "precision_pos": 0.7669962917181706,
  "fold": 3,
  "train_time_sec": 19.94981257999825
}