{
  "accuracy": [
    0.3301692008972168,
    0.3285183608531952,
    0.35047462582588196,
    0.33933141827583313,
    0.32752785086631775
  ],
  "loss": [
    1.1316807270050049,
    1.1409469842910767,
    1.1147348880767822,
    1.1435174942016602,
    1.1412466764450073
  ],
  "val_accuracy": [
    0.7270926237106323,
    0.1305927038192749,
    0.4170381426811218,
    0.20488691329956055,
    0.301964670419693
  ],
  "val_loss": [
    1.0026570558547974,
    1.1731046438217163,
    1.0906816720962524,
    1.124068021774292,
    1.1167447566986084
  ]
}