{
  "f1_macro": 0.3083380618747786,
  "recall_neg": 0.07191011235955057,
  "precision_pos": 0.7206629243517776,
  "fold": 2,
  "train_time_sec": 23.22930148100204
}