{
  "accuracy": [
    0.3151725232601166,
    0.34208354353904724,
    0.32730725407600403,
    0.331930011510849,
    0.32887569069862366
  ],
  "loss": [
    1.1287357807159424,
    1.1574779748916626,
    1.1623756885528564,
    1.145662784576416,
    1.1513681411743164
  ],
  "val_accuracy": [
    0.2471112608909607,
    0.19577418267726898,
    0.3489600419998169,
    0.16259491443634033,
    0.33773523569107056
  ],
  "val_loss": [
    1.1030049324035645,
    1.1010411977767944,
    1.0823193788528442,
    1.155732274055481,
    1.0856413841247559
  ]
}