{
  "accuracy": [
    0.32711514830589294,
    0.3346264958381653,
    0.3347090482711792,
    0.3309120833873749,
    0.3163846433162689
  ],
  "loss": [
    1.1212471723556519,
    1.1165344715118408,
    1.131239414215088,
    1.1396195888519287,
    1.1442210674285889
  ],
  "val_accuracy": [
    0.7284134030342102,
    0.14743272960186005,
    0.2928842604160309,
    0.2526002824306488,
    0.49116724729537964
  ],
  "val_loss": [
    1.0309075117111206,
    1.109630823135376,
    1.0844804048538208,
    1.1138309240341187,
    1.0794999599456787
  ]
}