{
  "f1_macro": 0.2931820762457807,
  "recall_neg": 0.34118967452300786,
  "precision_pos": 0.7387247278382582,
  "fold": 1,
  "train_time_sec": 24.732759094997164
}