{
  "folds": [
    {
      "f1_macro": 0.2931820762457807,
      "recall_neg": 0.34118967452300786,
      "precision_pos": 0.7387247278382582,
      "fold": 1,
      "train_time_sec": 24.732759094997164
    },
    {
      "f1_macro": 0.3083380618747786,
      "recall_neg": 0.07191011235955057,
      "precision_pos": 0.7206629243517776,
      "fold": 2,
      "train_time_sec": 23.22930148100204
    },
    {
      "f1_macro": 0.2665633662494123,
      "recall_neg": 0.32471910112359553,
      "precision_pos": 0.7669962917181706,
      "fold": 3,
      "train_time_sec": 19.94981257999825
    }
  ],
  "mean_f1_macro": 0.28936116812332385,
  "mean_recall_neg": 0.24593962933538469,
  "mean_precision_pos": 0.7421279813027355
}