{
  "f1_macro": 0.7615581193726301,
  "recall_neg": 0.751685393258427,
  "precision_pos": 0.9622503653190453,
  "confusion_matrix": [
    [
      0.751685393258427,
      0.22808988764044943,
      0.020224719101123594
    ],
    [
      0.11345646437994723,
      0.7058047493403694,
      0.18073878627968337
    ],
    [
      0.004762984803810388,
      0.09911544567929235,
      0.8961215695168973
    ]
  ],
  "fold": 3,
  "train_time_sec": 29.60578132100636,
  "epochs_ran": 12
}