{
  "accuracy": [
    0.27563148736953735,
    0.6921743154525757,
    0.810549795627594,
    0.8577678799629211,
    0.8846789002418518,
    0.9004457592964172,
    0.9120851755142212,
    0.928429901599884,
    0.944609522819519,
    0.950222909450531,
    0.9648340940475464,
    0.9706950783729553
  ],
  "loss": [
    1.1500722169876099,
    0.8730160593986511,
    0.6391217708587646,
    0.5120730400085449,
    0.3972797989845276,
    0.3195306360721588,
    0.24644406139850616,
    0.20638319849967957,
    0.1565553843975067,
    0.13715976476669312,
    0.10341507941484451,
    0.09058240801095963
  ],
  "val_accuracy": [
    0.48646417260169983,
    0.7515681982040405,
    0.8166061639785767,
    0.8255199790000916,
    0.8342687487602234,
    0.8370749354362488,
    0.8664575815200806,
    0.8507758378982544,
    0.8407065272331238,
    0.8537471294403076,
    0.8620006442070007,
    0.8667877316474915
  ],
  "val_loss": [
    1.0546176433563232,
    0.6927171349525452,
    0.5153822898864746,
    0.47960248589515686,
    0.45142999291419983,
    0.4496881365776062,
    0.4035680294036865,
    0.44658538699150085,
    0.47869375348091125,
    0.4574145972728729,
    0.4678923189640045,
    0.4724828004837036
  ],
  "learning_rate": [
    0.0005000000237487257,
    0.0005000000237487257,
    0.0005000000237487257,
    0.0005000000237487257,
    0.0005000000237487257,
    0.0005000000237487257,
    0.0005000000237487257,
    0.0005000000237487257,
    0.0005000000237487257,
    0.0005000000237487257,
    0.0002500000118743628,
    0.0002500000118743628
  ]
}