{
  "accuracy": [
    0.2571192681789398,
    0.6898060441017151,
    0.7977713346481323,
    0.8339248895645142,
    0.8758563995361328,
    0.9004539847373962,
    0.9215847849845886,
    0.9345439672470093,
    0.9459347724914551,
    0.9483284950256348,
    0.9647544622421265,
    0.9696244597434998
  ],
  "loss": [
    1.1443668603897095,
    0.8989997506141663,
    0.6644485592842102,
    0.5607436299324036,
    0.44513657689094543,
    0.34200742840766907,
    0.26639577746391296,
    0.20513086020946503,
    0.17398111522197723,
    0.15509465336799622,
    0.11440134793519974,
    0.09419117867946625
  ],
  "val_accuracy": [
    0.5880799293518066,
    0.7059600353240967,
    0.7995707392692566,
    0.8098068237304688,
    0.8058444857597351,
    0.8182268738746643,
    0.851081371307373,
    0.8558692336082458,
    0.8180617690086365,
    0.845302939414978,
    0.8563645482063293,
    0.8522371053695679
  ],
  "val_loss": [
    1.005308747291565,
    0.7708181738853455,
    0.5425024628639221,
    0.5058650970458984,
    0.5189117193222046,
    0.49348679184913635,
    0.40819913148880005,
    0.43367496132850647,
    0.531925618648529,
    0.5247268080711365,
    0.48517799377441406,
    0.5018675327301025
  ],
  "learning_rate": [
    0.0005000000237487257,
    0.0005000000237487257,
    0.0005000000237487257,
    0.0005000000237487257,
    0.0005000000237487257,
    0.0005000000237487257,
    0.0005000000237487257,
    0.0005000000237487257,
    0.0005000000237487257,
    0.0005000000237487257,
    0.0002500000118743628,
    0.0002500000118743628
  ]
}