{
  "accuracy": [
    0.24449029564857483,
    0.6759389042854309,
    0.803714394569397,
    0.8470491170883179,
    0.8528270721435547,
    0.8776723146438599,
    0.8974824547767639,
    0.9123400449752808,
    0.9278580546379089,
    0.9383409023284912,
    0.9475856423377991,
    0.9552620649337769,
    0.9588939547538757,
    0.967478334903717,
    0.9681386947631836
  ],
  "loss": [
    1.1476082801818848,
    0.9051222801208496,
    0.6670522689819336,
    0.5540164113044739,
    0.5108523368835449,
    0.41773590445518494,
    0.3374080955982208,
    0.28244903683662415,
    0.22169563174247742,
    0.1934126913547516,
    0.1639406681060791,
    0.14322783052921295,
    0.1280650794506073,
    0.10887022316455841,
    0.10107773542404175
  ],
  "val_accuracy": [
    0.4685487747192383,
    0.705464780330658,
    0.8061746954917908,
    0.7688624858856201,
    0.824500560760498,
    0.8192174434661865,
    0.8202080130577087,
    0.8065048456192017,
    0.8190523386001587,
    0.8560343384742737,
    0.8408452868461609,
    0.8628033399581909,
    0.8353970646858215,
    0.8555390238761902,
    0.8613174557685852
  ],
  "val_loss": [
    1.0570263862609863,
    0.7694635987281799,
    0.5583087205886841,
    0.6249619722366333,
    0.47264745831489563,
    0.485113263130188,
    0.48972219228744507,
    0.5337383151054382,
    0.5041102766990662,
    0.4246827960014343,
    0.46837252378463745,
    0.4315774738788605,
    0.5185632109642029,
    0.46780502796173096,
    0.4619831144809723
  ],
  "learning_rate": [
    0.0005000000237487257,
    0.0005000000237487257,
    0.0005000000237487257,
    0.0005000000237487257,
    0.0005000000237487257,
    0.0005000000237487257,
    0.0005000000237487257,
    0.0005000000237487257,
    0.0002500000118743628,
    0.0002500000118743628,
    0.0002500000118743628,
    0.0002500000118743628,
    0.0002500000118743628,
    0.0001250000059371814,
    0.0001250000059371814
  ]
}