{
  "f1_macro": 0.7566365925075438,
  "recall_neg": 0.7542087542087542,
  "precision_pos": 0.9270787016451756,
  "confusion_matrix": [
    [
      0.7542087542087542,
      0.1829405162738496,
      0.06285072951739619
    ],
    [
      0.10422163588390501,
      0.5369393139841688,
      0.35883905013192613
    ],
    [
      0.006577455205261964,
      0.04762984803810388,
      0.9457926967566341
    ]
  ],
  "fold": 1,
  "train_time_sec": 31.6327950470004,
  "epochs_ran": 12
}