{
  "f1_macro": 0.7646258206104323,
  "recall_neg": 0.8224719101123595,
  "precision_pos": 0.9548185532323961,
  "confusion_matrix": [
    [
      0.8224719101123595,
      0.14269662921348314,
      0.0348314606741573
    ],
    [
      0.15963060686015831,
      0.633245382585752,
      0.20712401055408972
    ],
    [
      0.00839192560671354,
      0.09049671127239736,
      0.9011113631208891
    ]
  ],
  "fold": 2,
  "train_time_sec": 36.59792810698855,
  "epochs_ran": 15
}