{
  "folds": [
    {
      "f1_macro": 0.7566365925075438,
      "recall_neg": 0.7542087542087542,
      "precision_pos": 0.9270787016451756,
      "confusion_matrix": [
        [
          0.7542087542087542,
          0.1829405162738496,
          0.06285072951739619
        ],
        [
          0.10422163588390501,
          0.5369393139841688,
          0.35883905013192613
        ],
        [
          0.006577455205261964,
          0.04762984803810388,
          0.9457926967566341
        ]
      ],
      "fold": 1,
      "train_time_sec": 31.6327950470004,
      "epochs_ran": 12
    },
    {
      "f1_macro": 0.7646258206104323,
      "recall_neg": 0.8224719101123595,
      "precision_pos": 0.9548185532323961,
      "confusion_matrix": [
        [
          0.8224719101123595,
          0.14269662921348314,
          0.0348314606741573
        ],
        [
          0.15963060686015831,
          0.633245382585752,
          0.20712401055408972
        ],
        [
          0.00839192560671354,
          0.09049671127239736,
          0.9011113631208891
        ]
      ],
      "fold": 2,
      "train_time_sec": 36.59792810698855,
      "epochs_ran": 15
    },
    {
      "f1_macro": 0.7615581193726301,
      "recall_neg": 0.751685393258427,
      "precision_pos": 0.9622503653190453,
      "confusion_matrix": [
        [
          0.751685393258427,
          0.22808988764044943,
          0.020224719101123594
        ],
        [
          0.11345646437994723,
          0.7058047493403694,
          0.18073878627968337
        ],
        [
          0.004762984803810388,
          0.09911544567929235,
          0.8961215695168973
        ]
      ],
      "fold": 3,
      "train_time_sec": 29.60578132100636,
      "epochs_ran": 12
    }
  ],
  "mean_f1_macro": 0.7609401774968686,
  "mean_recall_neg": 0.7761220191931802,
  "mean_precision_pos": 0.9480492067322057,
  "mean_epochs_ran": 13.0
}