{
  "accuracy": [
    0.17748060822486877,
    0.19250454008579254,
    0.1466897875070572,
    0.2421165555715561,
    0.14801056683063507,
    0.14842331409454346
  ],
  "loss": [
    1.1688061952590942,
    1.1631525754928589,
    1.156977653503418,
    1.167739748954773,
    1.1556189060211182,
    1.151862621307373
  ],
  "val_accuracy": [
    0.12974579632282257,
    0.13156157732009888,
    0.1477385312318802,
    0.14790359139442444,
    0.1477385312318802,
    0.14823374152183533
  ],
  "val_loss": [
    1.0990383625030518,
    1.112331509590149,
    1.106744647026062,
    1.1419028043746948,
    1.1448107957839966,
    1.1122996807098389
  ],
  "learning_rate": [
    0.0005000000237487257,
    0.0005000000237487257,
    0.0005000000237487257,
    0.0005000000237487257,
    0.0002500000118743628,
    0.0002500000118743628
  ]
}