{
  "accuracy": [
    0.1466776728630066,
    0.19141560792922974,
    0.1561700403690338,
    0.14758563041687012,
    0.14568716287612915,
    0.1487412303686142,
    0.14684276282787323,
    0.14882376790046692,
    0.1512175053358078,
    0.15138258039951324,
    0.15096987783908844
  ],
  "loss": [
    1.1696438789367676,
    1.1672853231430054,
    1.2043970823287964,
    1.162744402885437,
    1.159946322441101,
    1.1557971239089966,
    1.1519792079925537,
    1.1488479375839233,
    1.1475473642349243,
    1.145251750946045,
    1.1467499732971191
  ],
  "val_accuracy": [
    0.14693742990493774,
    0.13174839317798615,
    0.14710251986980438,
    0.14710251986980438,
    0.14743272960186005,
    0.14759781956672668,
    0.14792801439762115,
    0.14759781956672668,
    0.148093119263649,
    0.14792801439762115,
    0.14759781956672668
  ],
  "val_loss": [
    1.1377391815185547,
    1.1266120672225952,
    1.1157026290893555,
    1.1820286512374878,
    1.144607663154602,
    1.1072266101837158,
    1.1371030807495117,
    1.1228702068328857,
    1.1115596294403076,
    1.1130731105804443,
    1.1106009483337402
  ],
  "learning_rate": [
    0.0005000000237487257,
    0.0005000000237487257,
    0.0005000000237487257,
    0.0005000000237487257,
    0.0005000000237487257,
    0.0005000000237487257,
    0.0005000000237487257,
    0.0005000000237487257,
    0.0005000000237487257,
    0.0002500000118743628,
    0.0002500000118743628
  ]
}