{
  "f1_macro": 0.31223803326371646,
  "recall_neg": 0.051685393258426963,
  "precision_pos": 0.7334786984233479,
  "confusion_matrix": [
    [
      0.051685393258426963,
      0.0,
      0.9483146067415731
    ],
    [
      0.017150395778364115,
      0.0,
      0.9828496042216359
    ],
    [
      0.008165116806532093,
      0.0,
      0.9918348831934679
    ]
  ],
  "fold": 3,
  "train_time_sec": 22.103281606003293,
  "epochs_ran": 7
}