{
  "accuracy": [
    0.14700783789157867,
    0.19306644797325134,
    0.21139083802700043,
    0.14733801782131195,
    0.24944284558296204,
    0.14816343784332275,
    0.14882376790046692
  ],
  "loss": [
    1.1693754196166992,
    1.1697452068328857,
    1.1662143468856812,
    1.1593809127807617,
    1.155504822731018,
    1.1520295143127441,
    1.150550127029419
  ],
  "val_accuracy": [
    0.13075779378414154,
    0.7295690774917603,
    0.14693742990493774,
    0.7297341823577881,
    0.14759781956672668,
    0.14776292443275452,
    0.1485884040594101
  ],
  "val_loss": [
    1.107001781463623,
    1.0602610111236572,
    1.1524392366409302,
    1.086740493774414,
    1.1377177238464355,
    1.093562364578247,
    1.1442228555679321
  ],
  "learning_rate": [
    0.0005000000237487257,
    0.0005000000237487257,
    0.0005000000237487257,
    0.0005000000237487257,
    0.0005000000237487257,
    0.0002500000118743628,
    0.0002500000118743628
  ]
}