{
  "f1_macro": 0.08606205046462036,
  "recall_neg": 1.0,
  "precision_pos": 1.0,
  "confusion_matrix": [
    [
      1.0,
      0.0,
      0.0
    ],
    [
      1.0,
      0.0,
      0.0
    ],
    [
      0.9990927647992742,
      0.0,
      0.0009072352007257881
    ]
  ],
  "fold": 2,
  "train_time_sec": 36.022569478998776,
  "epochs_ran": 11
}