{
  "f1_macro": 0.10239590474884593,
  "recall_neg": 0.04713804713804714,
  "precision_pos": 0.0,
  "confusion_matrix": [
    [
      0.04713804713804714,
      0.9528619528619529,
      0.0
    ],
    [
      0.018469656992084433,
      0.9815303430079155,
      0.0
    ],
    [
      0.0063506464050805175,
      0.9936493535949195,
      0.0
    ]
  ],
  "fold": 1,
  "train_time_sec": 20.725206928997068,
  "epochs_ran": 6
}