{
  "folds": [
    {
      "f1_macro": 0.10239590474884593,
      "recall_neg": 0.04713804713804714,
      "precision_pos": 0.0,
      "confusion_matrix": [
        [
          0.04713804713804714,
          0.9528619528619529,
          0.0
        ],
        [
          0.018469656992084433,
          0.9815303430079155,
          0.0
        ],
        [
          0.0063506464050805175,
          0.9936493535949195,
          0.0
        ]
      ],
      "fold": 1,
      "train_time_sec": 20.725206928997068,
      "epochs_ran": 6
    },
    {
      "f1_macro": 0.08606205046462036,
      "recall_neg": 1.0,
      "precision_pos": 1.0,
      "confusion_matrix": [
        [
          1.0,
          0.0,
          0.0
        ],
        [
          1.0,
          0.0,
          0.0
        ],
        [
          0.9990927647992742,
          0.0,
          0.0009072352007257881
        ]
      ],
      "fold": 2,
      "train_time_sec": 36.022569478998776,
      "epochs_ran": 11
    },
    {
      "f1_macro": 0.31223803326371646,
      "recall_neg": 0.051685393258426963,
      "precision_pos": 0.7334786984233479,
      "confusion_matrix": [
        [
          0.051685393258426963,
          0.0,
          0.9483146067415731
        ],
        [
          0.017150395778364115,
          0.0,
          0.9828496042216359
        ],
        [
          0.008165116806532093,
          0.0,
          0.9918348831934679
        ]
      ],
      "fold": 3,
      "train_time_sec": 22.103281606003293,
      "epochs_ran": 7
    }
  ],
  "mean_f1_macro": 0.1668986628257276,
  "mean_recall_neg": 0.366274480132158,
  "mean_precision_pos": 0.5778262328077827,
  "mean_epochs_ran": 8.0
}