{
  "f1_macro": 0.7572463048613481,
  "recall_neg": 0.7149270482603816,
  "precision_pos": 0.9437993497445425,
  "confusion_matrix": [
    [
      0.7149270482603816,
      0.2356902356902357,
      0.04938271604938271
    ],
    [
      0.08970976253298153,
      0.6490765171503958,
      0.2612137203166227
    ],
    [
      0.0052166024041732815,
      0.07303243365842595,
      0.9217509639374007
    ]
  ],
  "fold": 1,
  "train_time_sec": 33.83047613198869,
  "epochs_ran": 13
}