{
  "f1_macro": 0.7751145263820979,
  "recall_neg": 0.7921348314606742,
  "precision_pos": 0.9616127474649928,
  "confusion_matrix": [
    [
      0.7921348314606742,
      0.18314606741573033,
      0.024719101123595506
    ],
    [
      0.12269129287598944,
      0.6965699208443272,
      0.18073878627968337
    ],
    [
      0.005897028804717623,
      0.09072352007257882,
      0.9033794511227036
    ]
  ],
  "fold": 3,
  "train_time_sec": 26.98552121099783,
  "epochs_ran": 11
}