{
  "accuracy": [
    0.2702658176422119,
    0.741456151008606,
    0.8332507610321045,
    0.855704128742218,
    0.8803863525390625,
    0.9048208594322205,
    0.9243850111961365,
    0.9358593225479126,
    0.9444444179534912,
    0.9516262412071228,
    0.9590556621551514,
    0.9654944539070129,
    0.96764075756073
  ],
  "loss": [
    1.1437594890594482,
    0.8138054609298706,
    0.5968526601791382,
    0.5019367337226868,
    0.3951396942138672,
    0.3124772012233734,
    0.23791994154453278,
    0.19858288764953613,
    0.17360226809978485,
    0.14732114970684052,
    0.12662507593631744,
    0.11035002768039703,
    0.10159140080213547
  ],
  "val_accuracy": [
    0.5627269744873047,
    0.8088477849960327,
    0.8227137923240662,
    0.7921756505966187,
    0.8038956522941589,
    0.8137999176979065,
    0.840541422367096,
    0.8572136163711548,
    0.8454935550689697,
    0.8623307943344116,
    0.8471442461013794,
    0.8638164401054382,
    0.8679432272911072
  ],
  "val_loss": [
    1.0080569982528687,
    0.5603705048561096,
    0.49792709946632385,
    0.5244116187095642,
    0.5300276279449463,
    0.5009592771530151,
    0.4699420630931854,
    0.4438113868236542,
    0.47022971510887146,
    0.4478912055492401,
    0.48789989948272705,
    0.4680808186531067,
    0.4736431837081909
  ],
  "learning_rate": [
    0.0005000000237487257,
    0.0005000000237487257,
    0.0005000000237487257,
    0.0005000000237487257,
    0.0005000000237487257,
    0.0005000000237487257,
    0.0002500000118743628,
    0.0002500000118743628,
    0.0002500000118743628,
    0.0002500000118743628,
    0.0002500000118743628,
    0.0001250000059371814,
    0.0001250000059371814
  ]
}