{
  "accuracy": [
    0.23640115559101105,
    0.6542302966117859,
    0.8160132169723511,
    0.8600082397460938,
    0.8838629722595215,
    0.9133305549621582,
    0.9328930974006653,
    0.9411473274230957,
    0.9531984925270081,
    0.9664878249168396,
    0.9703673124313354
  ],
  "loss": [
    1.1546666622161865,
    0.9034907817840576,
    0.6234846711158752,
    0.45598870515823364,
    0.34276944398880005,
    0.2568647861480713,
    0.20242208242416382,
    0.16701385378837585,
    0.13401149213314056,
    0.10053183883428574,
    0.0836016833782196
  ],
  "val_accuracy": [
    0.40663695335388184,
    0.7771173715591431,
    0.8074954748153687,
    0.8286280632019043,
    0.8357272744178772,
    0.8611524105072021,
    0.8398547172546387,
    0.851081371307373,
    0.868251621723175,
    0.8601617813110352,
    0.8680865168571472
  ],
  "val_loss": [
    1.067376732826233,
    0.6295213103294373,
    0.5317928791046143,
    0.43360355496406555,
    0.41598042845726013,
    0.3773229122161865,
    0.4503066837787628,
    0.4821898639202118,
    0.41350215673446655,
    0.4543357491493225,
    0.45916664600372314
  ],
  "learning_rate": [
    0.0005000000237487257,
    0.0005000000237487257,
    0.0005000000237487257,
    0.0005000000237487257,
    0.0005000000237487257,
    0.0005000000237487257,
    0.0005000000237487257,
    0.0005000000237487257,
    0.0005000000237487257,
    0.0002500000118743628,
    0.0002500000118743628
  ]
}