{
  "accuracy": [
    0.26248452067375183,
    0.7103590369224548,
    0.8226991295814514,
    0.8677672147750854,
    0.88832026720047,
    0.9106066823005676,
    0.9268675446510315,
    0.9455220699310303,
    0.9571605324745178
  ],
  "loss": [
    1.1520682573318481,
    0.852307140827179,
    0.5975503325462341,
    0.4502722918987274,
    0.3616475462913513,
    0.2732697129249573,
    0.21314141154289246,
    0.16441044211387634,
    0.13222289085388184
  ],
  "val_accuracy": [
    0.46029388904571533,
    0.769027590751648,
    0.8344064950942993,
    0.8662704229354858,
    0.7890044450759888,
    0.8509162664413452,
    0.851081371307373,
    0.8730394840240479,
    0.8723790645599365
  ],
  "val_loss": [
    1.0659962892532349,
    0.6066296100616455,
    0.4546414315700531,
    0.35525384545326233,
    0.5148980617523193,
    0.39110425114631653,
    0.3973127603530884,
    0.3869907855987549,
    0.39702585339546204
  ],
  "learning_rate": [
    0.0005000000237487257,
    0.0005000000237487257,
    0.0005000000237487257,
    0.0005000000237487257,
    0.0005000000237487257,
    0.0005000000237487257,
    0.0005000000237487257,
    0.0002500000118743628,
    0.0002500000118743628
  ]
}