{
  "f1_macro": 0.7660368095775331,
  "recall_neg": 0.7966292134831461,
  "precision_pos": 0.9455091202955438,
  "confusion_matrix": [
    [
      0.7966292134831461,
      0.17752808988764046,
      0.025842696629213482
    ],
    [
      0.1345646437994723,
      0.5844327176781002,
      0.28100263852242746
    ],
    [
      0.0029485144023588114,
      0.06826944885461556,
      0.9287820367430256
    ]
  ],
  "fold": 2,
  "train_time_sec": 21.88485342799686,
  "epochs_ran": 9
}