{
  "folds": [
    {
      "f1_macro": 0.7572463048613481,
      "recall_neg": 0.7149270482603816,
      "precision_pos": 0.9437993497445425,
      "confusion_matrix": [
        [
          0.7149270482603816,
          0.2356902356902357,
          0.04938271604938271
        ],
        [
          0.08970976253298153,
          0.6490765171503958,
          0.2612137203166227
        ],
        [
          0.0052166024041732815,
          0.07303243365842595,
          0.9217509639374007
        ]
      ],
      "fold": 1,
      "train_time_sec": 33.83047613198869,
      "epochs_ran": 13
    },
    {
      "f1_macro": 0.7660368095775331,
      "recall_neg": 0.7966292134831461,
      "precision_pos": 0.9455091202955438,
      "confusion_matrix": [
        [
          0.7966292134831461,
          0.17752808988764046,
          0.025842696629213482
        ],
        [
          0.1345646437994723,
          0.5844327176781002,
          0.28100263852242746
        ],
        [
          0.0029485144023588114,
          0.06826944885461556,
          0.9287820367430256
        ]
      ],
      "fold": 2,
      "train_time_sec": 21.88485342799686,
      "epochs_ran": 9
    },
    {
      "f1_macro": 0.7751145263820979,
      "recall_neg": 0.7921348314606742,
      "precision_pos": 0.9616127474649928,
      "confusion_matrix": [
        [
          0.7921348314606742,
          0.18314606741573033,
          0.024719101123595506
        ],
        [
          0.12269129287598944,
          0.6965699208443272,
          0.18073878627968337
        ],
        [
          0.005897028804717623,
          0.09072352007257882,
          0.9033794511227036
        ]
      ],
      "fold": 3,
      "train_time_sec": 26.98552121099783,
      "epochs_ran": 11
    }
  ],
  "mean_f1_macro": 0.7661325469403263,
  "mean_recall_neg": 0.7678970310680673,
  "mean_precision_pos": 0.950307072501693,
  "mean_epochs_ran": 11.0
}