{
  "accuracy": [
    0.1470903903245926,
    0.14700783789157867,
    0.32868343591690063,
    0.14725546538829803,
    0.14725546538829803,
    0.14725546538829803,
    0.14725546538829803,
    0.1475030928850174,
    0.14783325791358948,
    0.1483285129070282,
    0.14865869283676147,
    0.14940157532691956,
    0.15047462284564972,
    0.5824185013771057,
    0.4127940535545349,
    0.27651670575141907,
    0.29195213317871094,
    0.3446141183376312,
    0.7044985294342041,
    0.737102746963501
  ],
  "loss": [
    1.1697696447372437,
    1.1669425964355469,
    1.1762359142303467,
    1.1594066619873047,
    1.1573374271392822,
    1.156419277191162,
    1.155993938446045,
    1.1549791097640991,
    1.1528986692428589,
    1.1514631509780884,
    1.1492149829864502,
    1.1445108652114868,
    1.1167566776275635,
    1.1510778665542603,
    1.1264662742614746,
    1.07322096824646,
    1.0806846618652344,
    1.1613479852676392,
    1.0682417154312134,
    1.0363823175430298
  ],
  "val_accuracy": [
    0.14710251986980438,
    0.14693742990493774,
    0.14693742990493774,
    0.14710251986980438,
    0.14710251986980438,
    0.14710251986980438,
    0.14710251986980438,
    0.14743272960186005,
    0.14743272960186005,
    0.14759781956672668,
    0.14792801439762115,
    0.14776292443275452,
    0.14875350892543793,
    0.7343569397926331,
    0.1485884040594101,
    0.1614660769701004,
    0.14363546669483185,
    0.6912662982940674,
    0.7052996754646301,
    0.747234582901001
  ],
  "val_loss": [
    1.1288840770721436,
    1.129805564880371,
    1.1671783924102783,
    1.1428635120391846,
    1.1272155046463013,
    1.1503487825393677,
    1.1487040519714355,
    1.1423369646072388,
    1.115722894668579,
    1.1265449523925781,
    1.1288747787475586,
    1.1336779594421387,
    1.1124688386917114,
    1.0729079246520996,
    1.1688307523727417,
    1.0700033903121948,
    1.0777873992919922,
    1.133104920387268,
    1.1327388286590576,
    1.050553798675537
  ],
  "learning_rate": [
    0.0005000000237487257,
    0.0005000000237487257,
    0.0005000000237487257,
    0.0005000000237487257,
    0.0002500000118743628,
    0.0002500000118743628,
    0.0002500000118743628,
    0.0002500000118743628,
    0.0001250000059371814,
    0.0001250000059371814,
    0.0001250000059371814,
    0.0001250000059371814,
    6.25000029685907e-05,
    6.25000029685907e-05,
    6.25000029685907e-05,
    6.25000029685907e-05,
    6.25000029685907e-05,
    6.25000029685907e-05,
    6.25000029685907e-05,
    4.999999873689376e-05
  ]
}