{
  "accuracy": [
    0.17128941416740417,
    0.14726762473583221,
    0.3547961115837097,
    0.14726762473583221,
    0.14735017716884613,
    0.14784546196460724,
    0.148093119263649
  ],
  "loss": [
    1.1699072122573853,
    1.1653884649276733,
    1.1785171031951904,
    1.1588255167007446,
    1.1569169759750366,
    1.1552234888076782,
    1.1536939144134521
  ],
  "val_accuracy": [
    0.1470782458782196,
    0.1470782458782196,
    0.1470782458782196,
    0.1470782458782196,
    0.1474083811044693,
    0.1474083811044693,
    0.14790359139442444
  ],
  "val_loss": [
    1.1332647800445557,
    1.1103979349136353,
    1.111343264579773,
    1.1161072254180908,
    1.1189146041870117,
    1.1433159112930298,
    1.1368505954742432
  ],
  "learning_rate": [
    0.0005000000237487257,
    0.0005000000237487257,
    0.0005000000237487257,
    0.0005000000237487257,
    0.0005000000237487257,
    0.0002500000118743628,
    0.0002500000118743628
  ]
}