{
  "accuracy": [
    0.21914981305599213,
    0.14733801782131195,
    0.36756086349487305,
    0.22121337056159973,
    0.14758563041687012,
    0.14758563041687012,
    0.14758563041687012,
    0.14766818284988403,
    0.14799834787845612,
    0.14816343784332275,
    0.14841106534004211
  ],
  "loss": [
    1.169530987739563,
    1.166776180267334,
    1.1782236099243164,
    1.1609147787094116,
    1.158608317375183,
    1.1576999425888062,
    1.1565344333648682,
    1.155686616897583,
    1.154442310333252,
    1.1532329320907593,
    1.1525646448135376
  ],
  "val_accuracy": [
    0.14693742990493774,
    0.14693742990493774,
    0.14710251986980438,
    0.14710251986980438,
    0.14710251986980438,
    0.14710251986980438,
    0.14710251986980438,
    0.14726762473583221,
    0.14743272960186005,
    0.14743272960186005,
    0.14759781956672668
  ],
  "val_loss": [
    1.128570556640625,
    1.1542972326278687,
    1.1701844930648804,
    1.152828335762024,
    1.1212328672409058,
    1.110825538635254,
    1.1285659074783325,
    1.1477162837982178,
    1.1134718656539917,
    1.1207554340362549,
    1.1286451816558838
  ],
  "learning_rate": [
    0.0005000000237487257,
    0.0005000000237487257,
    0.0005000000237487257,
    0.0005000000237487257,
    0.0002500000118743628,
    0.0002500000118743628,
    0.0002500000118743628,
    0.0002500000118743628,
    0.0002500000118743628,
    0.0001250000059371814,
    0.0001250000059371814
  ]
}