{
  "f1_macro": 0.4667449043816121,
  "recall_neg": 0.6786516853932584,
  "precision_pos": 0.8356777493606138,
  "confusion_matrix": [
    [
      0.6786516853932584,
      0.0,
      0.32134831460674157
    ],
    [
      0.35883905013192613,
      0.0013192612137203166,
      0.6398416886543535
    ],
    [
      0.11068269448854616,
      0.0,
      0.8893173055114538
    ]
  ],
  "fold": 3,
  "train_time_sec": 36.82637161700404,
  "epochs_ran": 20
}