{
  "folds": [
    {
      "f1_macro": 0.08547992516908907,
      "recall_neg": 1.0,
      "precision_pos": 0.0,
      "confusion_matrix": [
        [
          1.0,
          0.0,
          0.0
        ],
        [
          1.0,
          0.0,
          0.0
        ],
        [
          1.0,
          0.0,
          0.0
        ]
      ],
      "fold": 1,
      "train_time_sec": 14.901118798996322,
      "epochs_ran": 7
    },
    {
      "f1_macro": 0.08557203730582036,
      "recall_neg": 1.0,
      "precision_pos": 1.0,
      "confusion_matrix": [
        [
          1.0,
          0.0,
          0.0
        ],
        [
          1.0,
          0.0,
          0.0
        ],
        [
          0.9997731911998186,
          0.0,
          0.00022680880018144704
        ]
      ],
      "fold": 2,
      "train_time_sec": 20.429147827991983,
      "epochs_ran": 11
    },
    {
      "f1_macro": 0.4667449043816121,
      "recall_neg": 0.6786516853932584,
      "precision_pos": 0.8356777493606138,
      "confusion_matrix": [
        [
          0.6786516853932584,
          0.0,
          0.32134831460674157
        ],
        [
          0.35883905013192613,
          0.0013192612137203166,
          0.6398416886543535
        ],
        [
          0.11068269448854616,
          0.0,
          0.8893173055114538
        ]
      ],
      "fold": 3,
      "train_time_sec": 36.82637161700404,
      "epochs_ran": 20
    }
  ],
  "mean_f1_macro": 0.21259895561884048,
  "mean_recall_neg": 0.8928838951310861,
  "mean_precision_pos": 0.6118925831202046,
  "mean_epochs_ran": 12.666666666666666
}