{
  "accuracy": [
    0.3511349558830261,
    0.3342137932777405,
    0.3465125858783722,
    0.33248040080070496,
    0.32835328578948975
  ],
  "loss": [
    1.1130287647247314,
    1.1587105989456177,
    1.1520271301269531,
    1.1483168601989746,
    1.1440365314483643
  ],
  "val_accuracy": [
    0.22866106033325195,
    0.25557205080986023,
    0.22156183421611786,
    0.3148423433303833,
    0.22486379742622375
  ],
  "val_loss": [
    1.087158203125,
    1.12491774559021,
    1.1017200946807861,
    1.1209136247634888,
    1.1093302965164185
  ]
}