{
  "f1_macro": 0.22595593017091506,
  "recall_neg": 0.48089887640449436,
  "precision_pos": 0.7687074829931972,
  "fold": 2,
  "train_time_sec": 22.81895638399874
}