{
  "accuracy": [
    0.35121750831604004,
    0.3449442982673645,
    0.33726784586906433,
    0.32678496837615967,
    0.33784565329551697
  ],
  "loss": [
    1.1403969526290894,
    1.1587135791778564,
    1.1415472030639648,
    1.1414363384246826,
    1.133378505706787
  ],
  "val_accuracy": [
    0.42809972167015076,
    0.2806670069694519,
    0.5821363925933838,
    0.2653128504753113,
    0.1657586246728897
  ],
  "val_loss": [
    1.0680954456329346,
    1.1005992889404297,
    1.0504417419433594,
    1.0768630504608154,
    1.1071991920471191
  ]
}