{
  "f1_macro": 0.16783401096880912,
  "recall_neg": 0.25280898876404495,
  "precision_pos": 0.7248520710059172,
  "fold": 3,
  "train_time_sec": 21.30910697299987
}