{
  "accuracy": [
    0.33597490191459656,
    0.3424137234687805,
    0.33349841833114624,
    0.33680039644241333,
    0.3396070599555969
  ],
  "loss": [
    1.138452410697937,
    1.166536808013916,
    1.1543625593185425,
    1.1363605260849,
    1.1170060634613037
  ],
  "val_accuracy": [
    0.12826015055179596,
    0.7292835712432861,
    0.7302740216255188,
    0.7310993671417236,
    0.13040608167648315
  ],
  "val_loss": [
    1.1328880786895752,
    1.0583809614181519,
    1.0746080875396729,
    1.0535372495651245,
    1.1604477167129517
  ]
}