{
  "f1_macro": 0.10198536510627039,
  "recall_neg": 0.04489337822671156,
  "precision_pos": 1.0,
  "fold": 1,
  "train_time_sec": 23.99918942700242
}