{
  "folds": [
    {
      "f1_macro": 0.10198536510627039,
      "recall_neg": 0.04489337822671156,
      "precision_pos": 1.0,
      "fold": 1,
      "train_time_sec": 23.99918942700242
    },
    {
      "f1_macro": 0.22595593017091506,
      "recall_neg": 0.48089887640449436,
      "precision_pos": 0.7687074829931972,
      "fold": 2,
      "train_time_sec": 22.81895638399874
    },
    {
      "f1_macro": 0.16783401096880912,
      "recall_neg": 0.25280898876404495,
      "precision_pos": 0.7248520710059172,
      "fold": 3,
      "train_time_sec": 21.30910697299987
    }
  ],
  "mean_f1_macro": 0.16525843541533153,
  "mean_recall_neg": 0.259533747798417,
  "mean_precision_pos": 0.8311865179997048
}