{
  "accuracy": [
    0.3366900682449341,
    0.7356169819831848,
    0.8267437219619751,
    0.8568716645240784,
    0.8966570496559143,
    0.9173751473426819,
    0.9366075396537781,
    0.9531159996986389,
    0.9607924222946167,
    0.9751547574996948,
    0.9796120524406433
  ],
  "loss": [
    1.1500009298324585,
    0.8969053030014038,
    0.6718057990074158,
    0.49209317564964294,
    0.37393608689308167,
    0.29024866223335266,
    0.21047508716583252,
    0.1576416939496994,
    0.13586054742336273,
    0.08991815149784088,
    0.07070814818143845
  ],
  "val_accuracy": [
    0.7847118973731995,
    0.7341918349266052,
    0.8192174434661865,
    0.8459633588790894,
    0.7894997596740723,
    0.8708931803703308,
    0.8659402132034302,
    0.8585107922554016,
    0.8859171271324158,
    0.876506507396698,
    0.877497136592865
  ],
  "val_loss": [
    0.7391241788864136,
    0.7525742053985596,
    0.5099315047264099,
    0.39192435145378113,
    0.527875542640686,
    0.3483182489871979,
    0.3672751188278198,
    0.39018282294273376,
    0.35981014370918274,
    0.3864155113697052,
    0.39487141370773315
  ],
  "learning_rate": [
    0.0005000000237487257,
    0.0005000000237487257,
    0.0005000000237487257,
    0.0005000000237487257,
    0.0005000000237487257,
    0.0005000000237487257,
    0.0005000000237487257,
    0.0005000000237487257,
    0.0005000000237487257,
    0.0002500000118743628,
    0.0002500000118743628
  ]
}