{
  "f1_macro": 0.7885090487052939,
  "recall_neg": 0.801123595505618,
  "precision_pos": 0.9638236703402012,
  "confusion_matrix": [
    [
      0.801123595505618,
      0.18314606741573033,
      0.015730337078651686
    ],
    [
      0.10817941952506596,
      0.7110817941952506,
      0.18073878627968337
    ],
    [
      0.0027217056021773644,
      0.0848264912678612,
      0.9124518031299614
    ]
  ],
  "fold": 2,
  "train_time_sec": 31.41927959199529,
  "epochs_ran": 11
}