{
  "accuracy": [
    0.2902427017688751,
    0.7908205389976501,
    0.8412580490112305,
    0.8853392601013184,
    0.9111771583557129,
    0.9322271943092346,
    0.9477463960647583,
    0.9602113366127014,
    0.9678884148597717,
    0.9754829406738281
  ],
  "loss": [
    1.1227623224258423,
    0.7363107204437256,
    0.5007480382919312,
    0.35707446932792664,
    0.2727392613887787,
    0.20221316814422607,
    0.1494341790676117,
    0.11572226136922836,
    0.09288275986909866,
    0.07598160952329636
  ],
  "val_accuracy": [
    0.8022449612617493,
    0.7675800323486328,
    0.8147903680801392,
    0.8392208814620972,
    0.8583691120147705,
    0.8516011834144592,
    0.8715747594833374,
    0.8700891137123108,
    0.8801584839820862,
    0.8760316967964172
  ],
  "val_loss": [
    0.791073739528656,
    0.5485219359397888,
    0.4689507484436035,
    0.4364437758922577,
    0.3797428011894226,
    0.39891716837882996,
    0.3970443606376648,
    0.40712130069732666,
    0.38374537229537964,
    0.4092787802219391
  ],
  "learning_rate": [
    0.0005000000237487257,
    0.0005000000237487257,
    0.0005000000237487257,
    0.0005000000237487257,
    0.0005000000237487257,
    0.0005000000237487257,
    0.0005000000237487257,
    0.0005000000237487257,
    0.0002500000118743628,
    0.0002500000118743628
  ]
}