{
  "accuracy": [
    0.37003713846206665,
    0.7678084969520569,
    0.8440775871276855,
    0.8710688948631287,
    0.9090383648872375,
    0.9282707571983337,
    0.9493190050125122,
    0.9610400199890137,
    0.972843587398529
  ],
  "loss": [
    1.1217899322509766,
    0.8287895321846008,
    0.5979384779930115,
    0.43057966232299805,
    0.31195342540740967,
    0.23018836975097656,
    0.16445894539356232,
    0.12099567800760269,
    0.09531323611736298
  ],
  "val_accuracy": [
    0.8098068237304688,
    0.8342413902282715,
    0.8457982540130615,
    0.8604919910430908,
    0.8190523386001587,
    0.8647845387458801,
    0.8362225294113159,
    0.8634637594223022,
    0.8738649487495422
  ],
  "val_loss": [
    0.7164259552955627,
    0.4970064163208008,
    0.42293301224708557,
    0.3634980618953705,
    0.47421497106552124,
    0.37428149580955505,
    0.4700421690940857,
    0.43360814452171326,
    0.3910982608795166
  ],
  "learning_rate": [
    0.0005000000237487257,
    0.0005000000237487257,
    0.0005000000237487257,
    0.0005000000237487257,
    0.0005000000237487257,
    0.0005000000237487257,
    0.0005000000237487257,
    0.0002500000118743628,
    0.0002500000118743628
  ]
}