{
  "f1_macro": 0.7748686428906453,
  "recall_neg": 0.8125701459034792,
  "precision_pos": 0.963623046875,
  "confusion_matrix": [
    [
      0.8125701459034792,
      0.16835016835016836,
      0.019079685746352413
    ],
    [
      0.1279683377308707,
      0.6978891820580475,
      0.1741424802110818
    ],
    [
      0.007938308006350647,
      0.09684735767747789,
      0.8952143343161715
    ]
  ],
  "fold": 1,
  "train_time_sec": 30.510140015991055,
  "epochs_ran": 10
}