{
  "f1_macro": 0.7703423364968808,
  "recall_neg": 0.801123595505618,
  "precision_pos": 0.9580838323353293,
  "confusion_matrix": [
    [
      0.801123595505618,
      0.17865168539325843,
      0.020224719101123594
    ],
    [
      0.1345646437994723,
      0.658311345646438,
      0.20712401055408972
    ],
    [
      0.0052166024041732815,
      0.08754819687003856,
      0.9072352007257881
    ]
  ],
  "fold": 3,
  "train_time_sec": 27.061590322002303,
  "epochs_ran": 9
}