{
  "folds": [
    {
      "f1_macro": 0.7748686428906453,
      "recall_neg": 0.8125701459034792,
      "precision_pos": 0.963623046875,
      "confusion_matrix": [
        [
          0.8125701459034792,
          0.16835016835016836,
          0.019079685746352413
        ],
        [
          0.1279683377308707,
          0.6978891820580475,
          0.1741424802110818
        ],
        [
          0.007938308006350647,
          0.09684735767747789,
          0.8952143343161715
        ]
      ],
      "fold": 1,
      "train_time_sec": 30.510140015991055,
      "epochs_ran": 10
    },
    {
      "f1_macro": 0.7885090487052939,
      "recall_neg": 0.801123595505618,
      "precision_pos": 0.9638236703402012,
      "confusion_matrix": [
        [
          0.801123595505618,
          0.18314606741573033,
          0.015730337078651686
        ],
        [
          0.10817941952506596,
          0.7110817941952506,
          0.18073878627968337
        ],
        [
          0.0027217056021773644,
          0.0848264912678612,
          0.9124518031299614
        ]
      ],
      "fold": 2,
      "train_time_sec": 31.41927959199529,
      "epochs_ran": 11
    },
    {
      "f1_macro": 0.7703423364968808,
      "recall_neg": 0.801123595505618,
      "precision_pos": 0.9580838323353293,
      "confusion_matrix": [
        [
          0.801123595505618,
          0.17865168539325843,
          0.020224719101123594
        ],
        [
          0.1345646437994723,
          0.658311345646438,
          0.20712401055408972
        ],
        [
          0.0052166024041732815,
          0.08754819687003856,
          0.9072352007257881
        ]
      ],
      "fold": 3,
      "train_time_sec": 27.061590322002303,
      "epochs_ran": 9
    }
  ],
  "mean_f1_macro": 0.77790667603094,
  "mean_recall_neg": 0.804939112304905,
  "mean_precision_pos": 0.9618435165168435,
  "mean_epochs_ran": 10.0
}