{
  "accuracy": [
    0.1471729278564453,
    0.14808088541030884,
    0.14783325791358948,
    0.2108955830335617,
    0.18200577795505524,
    0.233759805560112
  ],
  "loss": [
    1.169993281364441,
    1.1676902770996094,
    1.1646169424057007,
    1.1604911088943481,
    1.156359076499939,
    1.1551343202590942
  ],
  "val_accuracy": [
    0.14759781956672668,
    0.14759781956672668,
    0.14743272960186005,
    0.14743272960186005,
    0.14743272960186005,
    0.14776292443275452
  ],
  "val_loss": [
    1.1055463552474976,
    1.1054764986038208,
    1.1256623268127441,
    1.1092720031738281,
    1.1104315519332886,
    1.1568386554718018
  ],
  "learning_rate": [
    0.0005000000237487257,
    0.0005000000237487257,
    0.0005000000237487257,
    0.0005000000237487257,
    0.0002500000118743628,
    0.0002500000118743628
  ]
}