{
  "accuracy": [
    0.14660723507404327,
    0.20810632407665253,
    0.14751526713371277,
    0.24302460253238678,
    0.23427438735961914,
    0.14834076166152954,
    0.1485884040594101
  ],
  "loss": [
    1.16885507106781,
    1.1677552461624146,
    1.1634005308151245,
    1.1588488817214966,
    1.1576225757598877,
    1.1543186902999878,
    1.1509746313095093
  ],
  "val_accuracy": [
    0.14757345616817474,
    0.14790359139442444,
    0.1474083811044693,
    0.14790359139442444,
    0.14790359139442444,
    0.14790359139442444,
    0.14790359139442444
  ],
  "val_loss": [
    1.0922412872314453,
    1.0845292806625366,
    1.1346911191940308,
    1.2184476852416992,
    1.1843029260635376,
    1.1296279430389404,
    1.103371500968933
  ],
  "learning_rate": [
    0.0005000000237487257,
    0.0005000000237487257,
    0.0005000000237487257,
    0.0005000000237487257,
    0.0005000000237487257,
    0.0002500000118743628,
    0.0002500000118743628
  ]
}