{
  "accuracy": [
    0.14519190788269043,
    0.14700783789157867,
    0.14733801782131195,
    0.26669418811798096,
    0.14898885786533356,
    0.1699545979499817,
    0.22278167307376862,
    0.19645068049430847,
    0.15055716037750244,
    0.1512175053358078
  ],
  "loss": [
    1.1695928573608398,
    1.1669241189956665,
    1.1637707948684692,
    1.161942481994629,
    1.157071828842163,
    1.1538598537445068,
    1.1517099142074585,
    1.1508939266204834,
    1.1477601528167725,
    1.1471327543258667
  ],
  "val_accuracy": [
    0.14693742990493774,
    0.14710251986980438,
    0.14710251986980438,
    0.14726762473583221,
    0.7305597066879272,
    0.14825820922851562,
    0.14825820922851562,
    0.1485884040594101,
    0.14875350892543793,
    0.14891861379146576
  ],
  "val_loss": [
    1.126611590385437,
    1.1063388586044312,
    1.1484249830245972,
    1.1019200086593628,
    1.0773495435714722,
    1.1290476322174072,
    1.0861032009124756,
    1.1097416877746582,
    1.1432032585144043,
    1.1362460851669312
  ],
  "learning_rate": [
    0.0005000000237487257,
    0.0005000000237487257,
    0.0005000000237487257,
    0.0005000000237487257,
    0.0005000000237487257,
    0.0005000000237487257,
    0.0005000000237487257,
    0.0005000000237487257,
    0.0002500000118743628,
    0.0002500000118743628
  ]
}