{
  "f1_macro": 0.08629664758897988,
  "recall_neg": 1.0,
  "precision_pos": 1.0,
  "confusion_matrix": [
    [
      1.0,
      0.0,
      0.0
    ],
    [
      1.0,
      0.0,
      0.0
    ],
    [
      0.9988659559990928,
      0.0,
      0.0011340440009072353
    ]
  ],
  "fold": 1,
  "train_time_sec": 13.445976378003252,
  "epochs_ran": 7
}