{
  "f1_macro": 0.31589366969011806,
  "recall_neg": 0.056179775280898875,
  "precision_pos": 0.7341389728096677,
  "confusion_matrix": [
    [
      0.056179775280898875,
      0.0,
      0.9438202247191011
    ],
    [
      0.017150395778364115,
      0.0013192612137203166,
      0.9815303430079155
    ],
    [
      0.007938308006350647,
      0.0,
      0.9920616919936494
    ]
  ],
  "fold": 3,
  "train_time_sec": 16.79948682799295,
  "epochs_ran": 10
}