{
  "folds": [
    {
      "f1_macro": 0.08629664758897988,
      "recall_neg": 1.0,
      "precision_pos": 1.0,
      "confusion_matrix": [
        [
          1.0,
          0.0,
          0.0
        ],
        [
          1.0,
          0.0,
          0.0
        ],
        [
          0.9988659559990928,
          0.0,
          0.0011340440009072353
        ]
      ],
      "fold": 1,
      "train_time_sec": 13.445976378003252,
      "epochs_ran": 7
    },
    {
      "f1_macro": 0.08751443579864654,
      "recall_neg": 1.0,
      "precision_pos": 1.0,
      "confusion_matrix": [
        [
          1.0,
          0.0,
          0.0
        ],
        [
          0.9973614775725593,
          0.002638522427440633,
          0.0
        ],
        [
          0.9995463823996371,
          0.0,
          0.0004536176003628941
        ]
      ],
      "fold": 2,
      "train_time_sec": 10.464283865992911,
      "epochs_ran": 6
    },
    {
      "f1_macro": 0.31589366969011806,
      "recall_neg": 0.056179775280898875,
      "precision_pos": 0.7341389728096677,
      "confusion_matrix": [
        [
          0.056179775280898875,
          0.0,
          0.9438202247191011
        ],
        [
          0.017150395778364115,
          0.0013192612137203166,
          0.9815303430079155
        ],
        [
          0.007938308006350647,
          0.0,
          0.9920616919936494
        ]
      ],
      "fold": 3,
      "train_time_sec": 16.79948682799295,
      "epochs_ran": 10
    }
  ],
  "mean_f1_macro": 0.1632349176925815,
  "mean_recall_neg": 0.6853932584269663,
  "mean_precision_pos": 0.9113796576032226,
  "mean_epochs_ran": 7.666666666666667
}