{
  "accuracy": [
    0.36957240104675293,
    0.7799240350723267,
    0.8179792165756226,
    0.8494303822517395,
    0.8692421913146973,
    0.8878157734870911,
    0.9015188813209534,
    0.9200924634933472,
    0.9280996918678284,
    0.9380056262016296,
    0.934290885925293,
    0.9436189532279968,
    0.9447746276855469,
    0.9586428999900818
  ],
  "loss": [
    1.1120259761810303,
    0.824155867099762,
    0.6045512557029724,
    0.4752137064933777,
    0.39352643489837646,
    0.33969128131866455,
    0.28757980465888977,
    0.2342997044324875,
    0.20560340583324432,
    0.18008294701576233,
    0.18124769628047943,
    0.17373396456241608,
    0.14695465564727783,
    0.11763191968202591
  ],
  "val_accuracy": [
    0.7618025541305542,
    0.7788048982620239,
    0.8104985356330872,
    0.8345988988876343,
    0.8304721117019653,
    0.848464846611023,
    0.852756679058075,
    0.8382304310798645,
    0.8621657490730286,
    0.8629910945892334,
    0.868603527545929,
    0.8714097142219543,
    0.8636513948440552,
    0.8662924766540527
  ],
  "val_loss": [
    0.9051697850227356,
    0.6540266871452332,
    0.4982825815677643,
    0.4450947940349579,
    0.44483473896980286,
    0.40389105677604675,
    0.41587772965431213,
    0.4528980255126953,
    0.4015915095806122,
    0.4023045003414154,
    0.41159993410110474,
    0.4080268442630768,
    0.42723947763442993,
    0.42506223917007446
  ],
  "learning_rate": [
    0.0005000000237487257,
    0.0005000000237487257,
    0.0005000000237487257,
    0.0005000000237487257,
    0.0005000000237487257,
    0.0005000000237487257,
    0.0005000000237487257,
    0.0005000000237487257,
    0.0005000000237487257,
    0.0005000000237487257,
    0.0005000000237487257,
    0.0005000000237487257,
    0.0002500000118743628,
    0.0002500000118743628
  ]
}