{
  "f1_macro": 0.7787567947736121,
  "recall_neg": 0.8247191011235955,
  "precision_pos": 0.9634803921568628,
  "confusion_matrix": [
    [
      0.8247191011235955,
      0.15168539325842698,
      0.02359550561797753
    ],
    [
      0.1279683377308707,
      0.7031662269129287,
      0.16886543535620052
    ],
    [
      0.0031753232025402587,
      0.10523928328419142,
      0.8915853935132683
    ]
  ],
  "fold": 2,
  "train_time_sec": 34.92241743899649,
  "epochs_ran": 12
}