{
  "f1_macro": 0.7773416923506774,
  "recall_neg": 0.7789001122334456,
  "precision_pos": 0.9607228915662651,
  "confusion_matrix": [
    [
      0.7789001122334456,
      0.1941638608305275,
      0.026936026936026935
    ],
    [
      0.10158311345646438,
      0.7150395778364116,
      0.18337730870712401
    ],
    [
      0.00839192560671354,
      0.0873213880698571,
      0.9042866863234293
    ]
  ],
  "fold": 1,
  "train_time_sec": 42.2080165649968,
  "epochs_ran": 14
}