{
  "accuracy": [
    0.33256295323371887,
    0.7644242644309998,
    0.8019810318946838,
    0.8405282497406006,
    0.8656211495399475,
    0.8860090970993042,
    0.9073050022125244,
    0.9166322946548462,
    0.9213371872901917,
    0.940652072429657,
    0.9510524272918701,
    0.9579859972000122
  ],
  "loss": [
    1.1425983905792236,
    0.8582248687744141,
    0.6361743807792664,
    0.4900805354118347,
    0.3943704664707184,
    0.3247164189815521,
    0.2778621315956116,
    0.2343798726797104,
    0.21412566304206848,
    0.17470717430114746,
    0.14062035083770752,
    0.12469455599784851
  ],
  "val_accuracy": [
    0.8170711398124695,
    0.7947828769683838,
    0.8203731179237366,
    0.8188872337341309,
    0.8278025388717651,
    0.8401849269866943,
    0.8500908017158508,
    0.8494303822517395,
    0.8555390238761902,
    0.8423311710357666,
    0.8609873056411743,
    0.8611524105072021
  ],
  "val_loss": [
    0.7102348804473877,
    0.5759045481681824,
    0.4429228901863098,
    0.4381732940673828,
    0.41565653681755066,
    0.4011779725551605,
    0.391681045293808,
    0.4288408160209656,
    0.3967060148715973,
    0.45034509897232056,
    0.41667142510414124,
    0.42155569791793823
  ],
  "learning_rate": [
    0.0005000000237487257,
    0.0005000000237487257,
    0.0005000000237487257,
    0.0005000000237487257,
    0.0005000000237487257,
    0.0005000000237487257,
    0.0005000000237487257,
    0.0005000000237487257,
    0.0005000000237487257,
    0.0005000000237487257,
    0.0002500000118743628,
    0.0002500000118743628
  ]
}