{
  "accuracy": [
    0.36921173334121704,
    0.7816756367683411,
    0.8386297821998596,
    0.8604209423065186,
    0.8816343545913696,
    0.8991333246231079,
    0.8969871997833252,
    0.920511782169342,
    0.9324803948402405,
    0.9378456473350525,
    0.9493190050125122,
    0.9560049772262573
  ],
  "loss": [
    1.106170654296875,
    0.7876129150390625,
    0.5666705369949341,
    0.4608341157436371,
    0.37480661273002625,
    0.31578296422958374,
    0.2926670014858246,
    0.2389484941959381,
    0.2038930356502533,
    0.18016226589679718,
    0.15046675503253937,
    0.1300928145647049
  ],
  "val_accuracy": [
    0.6840019822120667,
    0.8307743072509766,
    0.8099719285964966,
    0.8365527391433716,
    0.8340762853622437,
    0.8352319598197937,
    0.8581806421279907,
    0.8695724010467529,
    0.8350668549537659,
    0.8466237187385559,
    0.8717186450958252,
    0.8687468767166138
  ],
  "val_loss": [
    0.8765957355499268,
    0.46295490860939026,
    0.47858676314353943,
    0.4072434604167938,
    0.4233238399028778,
    0.42373695969581604,
    0.3790687620639801,
    0.3875339925289154,
    0.46056482195854187,
    0.4662444293498993,
    0.4040444791316986,
    0.42539140582084656
  ],
  "learning_rate": [
    0.0005000000237487257,
    0.0005000000237487257,
    0.0005000000237487257,
    0.0005000000237487257,
    0.0005000000237487257,
    0.0005000000237487257,
    0.0005000000237487257,
    0.0005000000237487257,
    0.0005000000237487257,
    0.0005000000237487257,
    0.0002500000118743628,
    0.0002500000118743628
  ]
}