{
  "f1_macro": 0.7692721720294102,
  "recall_neg": 0.8,
  "precision_pos": 0.9655172413793104,
  "confusion_matrix": [
    [
      0.8,
      0.18314606741573033,
      0.016853932584269662
    ],
    [
      0.11741424802110818,
      0.7189973614775725,
      0.16358839050131926
    ],
    [
      0.006804264005443411,
      0.1104558856883647,
      0.8827398503061918
    ]
  ],
  "fold": 3,
  "train_time_sec": 35.754364948996226,
  "epochs_ran": 12
}