{
  "folds": [
    {
      "f1_macro": 0.7773416923506774,
      "recall_neg": 0.7789001122334456,
      "precision_pos": 0.9607228915662651,
      "confusion_matrix": [
        [
          0.7789001122334456,
          0.1941638608305275,
          0.026936026936026935
        ],
        [
          0.10158311345646438,
          0.7150395778364116,
          0.18337730870712401
        ],
        [
          0.00839192560671354,
          0.0873213880698571,
          0.9042866863234293
        ]
      ],
      "fold": 1,
      "train_time_sec": 42.2080165649968,
      "epochs_ran": 14
    },
    {
      "f1_macro": 0.7787567947736121,
      "recall_neg": 0.8247191011235955,
      "precision_pos": 0.9634803921568628,
      "confusion_matrix": [
        [
          0.8247191011235955,
          0.15168539325842698,
          0.02359550561797753
        ],
        [
          0.1279683377308707,
          0.7031662269129287,
          0.16886543535620052
        ],
        [
          0.0031753232025402587,
          0.10523928328419142,
          0.8915853935132683
        ]
      ],
      "fold": 2,
      "train_time_sec": 34.92241743899649,
      "epochs_ran": 12
    },
    {
      "f1_macro": 0.7692721720294102,
      "recall_neg": 0.8,
      "precision_pos": 0.9655172413793104,
      "confusion_matrix": [
        [
          0.8,
          0.18314606741573033,
          0.016853932584269662
        ],
        [
          0.11741424802110818,
          0.7189973614775725,
          0.16358839050131926
        ],
        [
          0.006804264005443411,
          0.1104558856883647,
          0.8827398503061918
        ]
      ],
      "fold": 3,
      "train_time_sec": 35.754364948996226,
      "epochs_ran": 12
    }
  ],
  "mean_f1_macro": 0.7751235530512334,
  "mean_recall_neg": 0.8012064044523471,
  "mean_precision_pos": 0.9632401750341462,
  "mean_epochs_ran": 12.666666666666666
}