{
  "accuracy": [
    0.4082879424095154,
    0.7881789803504944,
    0.8282978534698486,
    0.8509162664413452,
    0.8912827968597412,
    0.9199273586273193,
    0.9323097467422485,
    0.9500578045845032,
    0.9663199782371521,
    0.9663199782371521,
    0.9728413224220276,
    0.9803532958030701
  ],
  "loss": [
    1.1082100868225098,
    0.8599993586540222,
    0.5997459888458252,
    0.4418815076351166,
    0.32800599932670593,
    0.23623542487621307,
    0.1867658495903015,
    0.1431122124195099,
    0.09755594283342361,
    0.08840059489011765,
    0.09439791738986969,
    0.058972153812646866
  ],
  "val_accuracy": [
    0.7601518630981445,
    0.8058765530586243,
    0.8265103697776794,
    0.8063717484474182,
    0.8469792008399963,
    0.8661274313926697,
    0.873060405254364,
    0.8639814853668213,
    0.8662924766540527,
    0.8639814853668213,
    0.8732255101203918,
    0.8793331384658813
  ],
  "val_loss": [
    0.8133223652839661,
    0.6141543388366699,
    0.4689573049545288,
    0.47710031270980835,
    0.3961268365383148,
    0.38225439190864563,
    0.3803613781929016,
    0.411152184009552,
    0.42880716919898987,
    0.4582984745502472,
    0.44109046459198,
    0.448975533246994
  ],
  "learning_rate": [
    0.0005000000237487257,
    0.0005000000237487257,
    0.0005000000237487257,
    0.0005000000237487257,
    0.0005000000237487257,
    0.0005000000237487257,
    0.0005000000237487257,
    0.0005000000237487257,
    0.0005000000237487257,
    0.0005000000237487257,
    0.0002500000118743628,
    0.0002500000118743628
  ]
}