{
  "f1_macro": 0.7811765055809573,
  "recall_neg": 0.7710437710437711,
  "precision_pos": 0.9495720564422855,
  "confusion_matrix": [
    [
      0.7710437710437711,
      0.19977553310886645,
      0.029180695847362513
    ],
    [
      0.09102902374670185,
      0.6556728232189973,
      0.2532981530343008
    ],
    [
      0.004309367203447494,
      0.06464050805171241,
      0.9310501247448401
    ]
  ],
  "fold": 1,
  "train_time_sec": 46.21522784800618,
  "epochs_ran": 12
}