{
  "accuracy": [
    0.4114733934402466,
    0.7917457818984985,
    0.8454807996749878,
    0.8458935022354126,
    0.8988031148910522,
    0.9264547824859619,
    0.9458522200584412,
    0.9608749747276306,
    0.9663227200508118,
    0.9770532250404358,
    0.9807676672935486
  ],
  "loss": [
    1.1031301021575928,
    0.8022642135620117,
    0.5496366620063782,
    0.43085357546806335,
    0.3003886044025421,
    0.20679506659507751,
    0.14765459299087524,
    0.110688716173172,
    0.09829683601856232,
    0.07410506904125214,
    0.06052733212709427
  ],
  "val_accuracy": [
    0.44659072160720825,
    0.8243354558944702,
    0.7947828769683838,
    0.8477794528007507,
    0.8248307704925537,
    0.8666006326675415,
    0.8443123698234558,
    0.8646194338798523,
    0.8657751083374023,
    0.8666006326675415,
    0.8751857280731201
  ],
  "val_loss": [
    1.122044324874878,
    0.5420719385147095,
    0.4940778613090515,
    0.38599103689193726,
    0.42860642075538635,
    0.36401036381721497,
    0.42899346351623535,
    0.4174156188964844,
    0.42575803399086,
    0.4345185160636902,
    0.42550134658813477
  ],
  "learning_rate": [
    0.0005000000237487257,
    0.0005000000237487257,
    0.0005000000237487257,
    0.0005000000237487257,
    0.0005000000237487257,
    0.0005000000237487257,
    0.0005000000237487257,
    0.0005000000237487257,
    0.0005000000237487257,
    0.0002500000118743628,
    0.0002500000118743628
  ]
}