{
  "f1_macro": 0.7873151406078303,
  "recall_neg": 0.8247191011235955,
  "precision_pos": 0.9562337355098178,
  "confusion_matrix": [
    [
      0.8247191011235955,
      0.15056179775280898,
      0.024719101123595506
    ],
    [
      0.12005277044854881,
      0.6649076517150396,
      0.21503957783641162
    ],
    [
      0.0024948968019959175,
      0.08074393286459515,
      0.916761170333409
    ]
  ],
  "fold": 2,
  "train_time_sec": 41.143107352996594,
  "epochs_ran": 11
}