{
  "accuracy": [
    0.4245976209640503,
    0.78572016954422,
    0.8426743745803833,
    0.8707387447357178,
    0.8934378623962402,
    0.9227403998374939,
    0.9452744722366333,
    0.9416425824165344,
    0.9593892097473145,
    0.9645893573760986,
    0.9772183299064636
  ],
  "loss": [
    1.1083457469940186,
    0.786854088306427,
    0.554308295249939,
    0.41066399216651917,
    0.3256881535053253,
    0.2539025545120239,
    0.17593447864055634,
    0.1550179272890091,
    0.12549269199371338,
    0.09412207454442978,
    0.06831086426973343
  ],
  "val_accuracy": [
    0.8066699504852295,
    0.7997358441352844,
    0.8491002321243286,
    0.7554895281791687,
    0.8362225294113159,
    0.8717186450958252,
    0.8588410019874573,
    0.8530625700950623,
    0.8325904011726379,
    0.871883749961853,
    0.8697375059127808
  ],
  "val_loss": [
    0.6996163129806519,
    0.5612213015556335,
    0.3843126595020294,
    0.5733664035797119,
    0.4102538228034973,
    0.3522639274597168,
    0.398268461227417,
    0.3876860439777374,
    0.47926265001296997,
    0.40383782982826233,
    0.42165660858154297
  ],
  "learning_rate": [
    0.0005000000237487257,
    0.0005000000237487257,
    0.0005000000237487257,
    0.0005000000237487257,
    0.0005000000237487257,
    0.0005000000237487257,
    0.0005000000237487257,
    0.0005000000237487257,
    0.0005000000237487257,
    0.0002500000118743628,
    0.0002500000118743628
  ]
}