{
  "f1_macro": 0.7845913490238344,
  "recall_neg": 0.8292134831460675,
  "precision_pos": 0.9639399806389157,
  "confusion_matrix": [
    [
      0.8292134831460675,
      0.15168539325842698,
      0.019101123595505618
    ],
    [
      0.12928759894459102,
      0.6965699208443272,
      0.1741424802110818
    ],
    [
      0.007711499206169199,
      0.08890904967112724,
      0.9033794511227036
    ]
  ],
  "fold": 3,
  "train_time_sec": 42.321225870997296,
  "epochs_ran": 11
}