{
  "folds": [
    {
      "f1_macro": 0.7811765055809573,
      "recall_neg": 0.7710437710437711,
      "precision_pos": 0.9495720564422855,
      "confusion_matrix": [
        [
          0.7710437710437711,
          0.19977553310886645,
          0.029180695847362513
        ],
        [
          0.09102902374670185,
          0.6556728232189973,
          0.2532981530343008
        ],
        [
          0.004309367203447494,
          0.06464050805171241,
          0.9310501247448401
        ]
      ],
      "fold": 1,
      "train_time_sec": 46.21522784800618,
      "epochs_ran": 12
    },
    {
      "f1_macro": 0.7873151406078303,
      "recall_neg": 0.8247191011235955,
      "precision_pos": 0.9562337355098178,
      "confusion_matrix": [
        [
          0.8247191011235955,
          0.15056179775280898,
          0.024719101123595506
        ],
        [
          0.12005277044854881,
          0.6649076517150396,
          0.21503957783641162
        ],
        [
          0.0024948968019959175,
          0.08074393286459515,
          0.916761170333409
        ]
      ],
      "fold": 2,
      "train_time_sec": 41.143107352996594,
      "epochs_ran": 11
    },
    {
      "f1_macro": 0.7845913490238344,
      "recall_neg": 0.8292134831460675,
      "precision_pos": 0.9639399806389157,
      "confusion_matrix": [
        [
          0.8292134831460675,
          0.15168539325842698,
          0.019101123595505618
        ],
        [
          0.12928759894459102,
          0.6965699208443272,
          0.1741424802110818
        ],
        [
          0.007711499206169199,
          0.08890904967112724,
          0.9033794511227036
        ]
      ],
      "fold": 3,
      "train_time_sec": 42.321225870997296,
      "epochs_ran": 11
    }
  ],
  "mean_f1_macro": 0.7843609984042074,
  "mean_recall_neg": 0.8083254517711446,
  "mean_precision_pos": 0.9565819241970064,
  "mean_epochs_ran": 11.333333333333334
}