{
  "accuracy": [
    0.3229054808616638,
    0.3236483633518219,
    0.3326454758644104,
    0.33322328329086304,
    0.3195212483406067
  ],
  "loss": [
    1.1340950727462769,
    1.1801655292510986,
    1.1652281284332275,
    1.1574889421463013,
    1.152984619140625
  ],
  "val_accuracy": [
    0.3500082492828369,
    0.3721314072608948,
    0.3699851334095001,
    0.5002476572990417,
    0.5537394881248474
  ],
  "val_loss": [
    1.0855334997177124,
    1.0893291234970093,
    1.1170499324798584,
    1.0559687614440918,
    1.06719172000885
  ]
}