{
  "accuracy": [
    0.331930011510849,
    0.3362225592136383,
    0.34596335887908936,
    0.328545480966568,
    0.33836883306503296
  ],
  "loss": [
    1.1301778554916382,
    1.1632981300354004,
    1.151525616645813,
    1.1641151905059814,
    1.1397196054458618
  ],
  "val_accuracy": [
    0.3960052728652954,
    0.23918785154819489,
    0.30472102761268616,
    0.13189171254634857,
    0.131231427192688
  ],
  "val_loss": [
    1.0930368900299072,
    1.1120185852050781,
    1.1439508199691772,
    1.1049244403839111,
    1.0996140241622925
  ]
}