{
  "f1_macro": 0.1374379866716349,
  "recall_neg": 0.3950617283950617,
  "precision_pos": 1.0,
  "fold": 1,
  "train_time_sec": 26.177389763000974
}