{
  "f1_macro": 0.30174506434248805,
  "recall_neg": 0.02696629213483146,
  "precision_pos": 0.7329974811083123,
  "fold": 2,
  "train_time_sec": 22.470043414999964
}