{
  "accuracy": [
    0.33726784586906433,
    0.3343788683414459,
    0.3384234309196472,
    0.3277754783630371,
    0.32439124584198
  ],
  "loss": [
    1.1214910745620728,
    1.1316732168197632,
    1.1547340154647827,
    1.155516266822815,
    1.1434788703918457
  ],
  "val_accuracy": [
    0.2887568175792694,
    0.48307743668556213,
    0.3689945638179779,
    0.1404985934495926,
    0.4885256588459015
  ],
  "val_loss": [
    1.113421082496643,
    1.0698639154434204,
    1.116928219795227,
    1.1199945211410522,
    1.0869766473770142
  ]
}