{
  "f1_macro": 0.31917601537887175,
  "recall_neg": 0.36966292134831463,
  "precision_pos": 0.7408588957055214,
  "fold": 3,
  "train_time_sec": 20.31508923400179
}