{
  "folds": [
    {
      "f1_macro": 0.1374379866716349,
      "recall_neg": 0.3950617283950617,
      "precision_pos": 1.0,
      "fold": 1,
      "train_time_sec": 26.177389763000974
    },
    {
      "f1_macro": 0.30174506434248805,
      "recall_neg": 0.02696629213483146,
      "precision_pos": 0.7329974811083123,
      "fold": 2,
      "train_time_sec": 22.470043414999964
    },
    {
      "f1_macro": 0.31917601537887175,
      "recall_neg": 0.36966292134831463,
      "precision_pos": 0.7408588957055214,
      "fold": 3,
      "train_time_sec": 20.31508923400179
    }
  ],
  "mean_f1_macro": 0.25278635546433154,
  "mean_recall_neg": 0.2638969806260693,
  "mean_precision_pos": 0.824618792271278
}